<?xml version="1.0" encoding="UTF-8"?>
<alto xmlns:xsi="http://www.w3.org/2001/XMLSchema-instance"
      xmlns="http://www.loc.gov/standards/alto/ns-v4#"
      xsi:schemaLocation="http://www.loc.gov/standards/alto/ns-v4# http://www.loc.gov/standards/alto/v4/alto-4-2.xsd">
  <Description>
    <MeasurementUnit>pixel</MeasurementUnit>
    <sourceImageInformation>
      <fileName>TwoIsmailiTreatises055.jpg</fileName>
      
    </sourceImageInformation>
  </Description>
  
  <Tags>
    <OtherTag ID="BT16074" LABEL="MarginTextZone:commentary" DESCRIPTION="block type MarginTextZone:commentary"/><OtherTag ID="BT16073" LABEL="MarginTextZone:note#1" DESCRIPTION="block type MarginTextZone:note#1"/><OtherTag ID="BT16072" LABEL="MainZone:column#2" DESCRIPTION="block type MainZone:column#2"/><OtherTag ID="BT16071" LABEL="MainZone:column#3" DESCRIPTION="block type MainZone:column#3"/><OtherTag ID="BT16070" LABEL="GraphicZone:illustration" DESCRIPTION="block type GraphicZone:illustration"/><OtherTag ID="BT16069" LABEL="MainZone:column#1" DESCRIPTION="block type MainZone:column#1"/><OtherTag ID="BT16068" LABEL="MarginTextZone:note#2" DESCRIPTION="block type MarginTextZone:note#2"/><OtherTag ID="BT16067" LABEL="CustomZone:publication" DESCRIPTION="block type CustomZone:publication"/><OtherTag ID="BT16066" LABEL="RunningTitleZone" DESCRIPTION="block type RunningTitleZone"/><OtherTag ID="BT16065" LABEL="NumberingZone" DESCRIPTION="block type NumberingZone"/><OtherTag ID="BT16064" LABEL="default" DESCRIPTION="block type default"/><OtherTag ID="BT16063" LABEL="TitlePageZone" DESCRIPTION="block type TitlePageZone"/><OtherTag ID="BT16062" LABEL="NumberingZone:other" DESCRIPTION="block type NumberingZone:other"/><OtherTag ID="BT16061" LABEL="QuireMarksZone:catchwords" DESCRIPTION="block type QuireMarksZone:catchwords"/><OtherTag ID="BT16060" LABEL="MainZone" DESCRIPTION="block type MainZone"/><OtherTag ID="BT16059" LABEL="NumberingZone:page" DESCRIPTION="block type NumberingZone:page"/><OtherTag ID="BT16058" LABEL="MarginTextZone:note" DESCRIPTION="block type MarginTextZone:note"/><OtherTag ID="BT16057" LABEL="DigitizationArtefactZone" DESCRIPTION="block type DigitizationArtefactZone"/><OtherTag ID="BT4" LABEL="Illustration" DESCRIPTION="block type Illustration"/><OtherTag ID="BT3" LABEL="Commentary" DESCRIPTION="block type Commentary"/><OtherTag ID="BT2" LABEL="Main" DESCRIPTION="block type Main"/><OtherTag ID="BT1" LABEL="Title" DESCRIPTION="block type Title"/>
    <OtherTag ID="LT4834" LABEL="DefaultLine" DESCRIPTION="line type DefaultLine"/><OtherTag ID="LT4835" LABEL="HeadingLine:title" DESCRIPTION="line type HeadingLine:title"/>
  </Tags>
  
  <Layout>
    <Page WIDTH="1286"
          HEIGHT="2103"
          PHYSICAL_IMG_NR="51"
          ID="eSc_dummypage_">
      <PrintSpace HPOS="0"
                  VPOS="0"
                  WIDTH="1286"
                  HEIGHT="2103">
        
        <TextBlock HPOS="70"
                   VPOS="231"
                   WIDTH="1033"
                   HEIGHT="1449"
                   ID="eSc_textblock_63751b2a"
                   TAGREFS="BT16060">
          <Shape><Polygon POINTS="133 231 1054 259 1061 727 1089 764 1061 818 1103 958 1061 1065 1075 1442 1047 1680 77 1673 70 343 84 259 133 231"/></Shape>
          
          
          <TextLine ID="eSc_line_631c1a20"
                    TAGREFS="LT4834"
                    BASELINE="105 311 1014 322" 
                    HPOS="103"
                    VPOS="255"
                    WIDTH="911"
                    HEIGHT="106">
            <Shape><Polygon POINTS="105 311 103 331 136 352 138 352 140 352 142 354 238 354 238 352 240 352 270 336 296 341 298 341 300 341 319 332 329 341 331 341 333 341 335 341 336 341 364 332 407 336 421 350 421 352 422 352 424 352 426 352 428 352 429 352 452 334 498 334 517 350 517 352 519 352 521 352 522 352 524 352 556 336 573 355 573 357 575 357 577 357 578 359 615 359 615 357 617 357 619 357 636 341 670 350 671 350 673 350 675 350 701 336 759 359 761 359 763 361 845 361 845 359 847 359 884 339 922 359 924 359 926 359 1012 338 1014 322 1014 273 994 266 993 266 991 266 989 266 987 266 978 273 966 282 945 275 943 275 942 275 940 275 908 283 868 271 833 262 831 262 829 262 828 262 808 271 793 264 791 264 789 264 787 264 785 264 775 271 759 282 701 273 700 273 654 280 642 271 628 261 626 261 624 261 622 261 621 261 619 261 603 271 589 280 575 271 552 259 550 259 549 259 547 259 545 259 545 261 535 271 526 280 512 280 503 271 492 261 492 259 491 259 489 259 438 259 436 259 435 259 433 259 417 271 407 278 380 269 342 259 340 259 338 259 336 259 335 259 319 269 307 278 264 278 247 269 214 255 212 255 135 255 133 255 131 255 105 268 105 311"/></Shape>
	    <String CONTENT="از اين عالم سفلی بدان عالم باطن باز گردد و يمقام اصلی خود"
                    HPOS="103"
                    VPOS="255"
                    WIDTH="911"
                    HEIGHT="106"
                    WC="0.9242932791249794"></String>
          </TextLine>

          
          
          <TextLine ID="eSc_line_fca93a46"
                    TAGREFS="LT4834"
                    BASELINE="101 404 1008 417" 
                    HPOS="100"
                    VPOS="352"
                    WIDTH="908"
                    HEIGHT="91">
            <Shape><Polygon POINTS="101 404 100 422 178 432 180 432 182 432 200 424 205 422 214 424 243 434 245 434 247 434 315 427 415 436 417 436 419 436 438 427 442 427 449 429 500 438 501 438 503 438 505 438 505 436 514 429 515 427 521 429 543 436 545 436 547 436 591 431 619 427 678 427 684 432 693 439 694 439 696 439 698 439 742 432 759 431 794 431 798 434 805 439 805 441 807 441 808 441 810 443 849 443 849 441 850 441 852 441 852 439 857 434 863 431 875 434 901 443 903 443 905 443 1007 436 1008 417 1005 375 878 382 863 373 843 362 842 362 840 362 838 362 815 373 805 378 785 373 754 364 752 364 750 364 749 364 729 373 717 380 664 380 659 373 645 361 645 359 643 359 642 359 603 357 601 357 526 373 503 376 475 376 471 373 452 355 450 355 449 355 378 355 377 355 266 371 250 373 221 373 221 371 203 354 203 352 201 352 200 352 143 352 142 352 140 352 101 368 101 404"/></Shape>
	    <String CONTENT="رسد برين موجب بايد که هفت ارکان حفيقت را بهجای"
                    HPOS="100"
                    VPOS="352"
                    WIDTH="908"
                    HEIGHT="91"
                    WC="0.9511273451473402"></String>
          </TextLine>

          
          
          <TextLine ID="eSc_line_ed10ad4a"
                    TAGREFS="LT4834"
                    BASELINE="508 508 1008 516" 
                    HPOS="507"
                    VPOS="464"
                    WIDTH="501"
                    HEIGHT="75">
            <Shape><Polygon POINTS="508 508 507 520 592 523 607 536 608 536 610 536 745 538 747 538 749 538 770 529 771 527 775 529 789 538 791 538 793 538 794 538 796 538 815 529 817 529 821 531 843 539 845 539 847 539 849 539 873 531 882 529 898 532 933 539 935 539 1007 534 1008 516 1008 487 959 485 942 469 942 467 940 467 938 467 936 467 935 467 891 478 800 464 761 464 759 464 757 464 756 464 733 481 710 469 708 469 707 469 705 469 703 469 685 480 612 464 610 464 608 464 607 464 587 478 585 478 508 478 508 508"/></Shape>
	    <String CONTENT="آرد تا مرد حفيقت بوده باشد"
                    HPOS="507"
                    VPOS="464"
                    WIDTH="501"
                    HEIGHT="75"
                    WC="0.9360077425285622"></String>
          </TextLine>

          
          
          <TextLine ID="eSc_line_5cf2a2b0"
                    TAGREFS="LT4834"
                    BASELINE="107 601 887 609" 
                    HPOS="105"
                    VPOS="541"
                    WIDTH="782"
                    HEIGHT="89">
            <Shape><Polygon POINTS="107 601 105 609 121 622 122 622 124 622 126 622 180 609 192 618 194 618 196 618 198 620 198 618 200 618 201 618 214 609 240 618 242 618 243 618 277 611 289 622 289 623 291 623 292 623 294 623 296 623 298 623 298 622 310 613 322 622 324 622 326 622 328 622 414 611 429 625 429 627 431 627 433 627 435 627 436 627 470 613 498 625 500 625 501 625 561 616 619 629 621 629 622 629 659 615 740 630 742 630 743 630 770 622 870 630 871 630 873 630 875 630 885 618 887 609 887 550 840 548 838 548 836 548 835 548 833 550 821 557 815 550 814 550 814 548 812 548 810 548 778 548 777 548 775 548 768 552 729 569 701 560 700 560 698 560 591 567 582 557 580 557 580 555 578 555 577 555 575 555 573 555 550 566 529 555 521 550 519 550 517 550 515 550 500 555 471 566 457 555 450 550 449 550 447 550 445 550 443 550 428 557 422 548 421 548 421 546 419 546 417 546 415 546 414 546 396 555 387 545 385 545 385 543 384 543 382 543 312 543 310 543 308 543 307 543 307 545 291 559 284 566 264 566 256 559 240 546 238 546 236 546 235 546 233 546 231 546 217 557 200 543 200 541 198 541 196 541 194 541 107 560 107 601"/></Shape>
	    <String CONTENT="اول شهادت و شهادت آن باشد که خدای را با مام"
                    HPOS="105"
                    VPOS="541"
                    WIDTH="782"
                    HEIGHT="89"
                    WC="0.9244547736915675"></String>
          </TextLine>

          
          
          <TextLine ID="eSc_line_9ee23c1e"
                    TAGREFS="LT4834"
                    BASELINE="89 692 1007 701" 
                    HPOS="87"
                    VPOS="629"
                    WIDTH="920"
                    HEIGHT="103">
            <Shape><Polygon POINTS="87 706 142 709 156 723 156 725 157 725 159 725 271 727 273 727 275 727 277 727 303 711 331 727 333 727 335 727 336 727 338 727 354 716 364 727 366 727 368 727 464 729 466 729 468 729 470 729 492 713 494 713 543 713 547 715 585 729 587 729 589 729 591 729 615 716 638 730 640 730 642 730 643 732 670 732 670 730 671 730 673 730 673 729 687 716 689 716 712 730 714 730 715 730 717 730 784 722 805 729 807 729 808 729 810 729 831 718 835 716 907 716 914 720 931 729 933 729 935 729 936 729 938 729 952 720 957 716 1003 720 1007 701 1003 653 950 655 945 651 936 643 936 641 935 641 933 641 931 641 929 641 928 641 928 643 919 650 908 662 878 662 864 648 861 646 861 644 859 644 857 644 856 644 854 644 842 648 810 660 733 660 705 644 687 636 685 636 684 636 626 643 617 643 605 643 535 634 533 634 531 634 514 639 480 651 464 637 457 632 456 632 454 632 417 632 415 632 414 632 412 632 412 634 408 637 389 655 352 639 350 639 349 639 347 639 345 639 345 641 333 653 198 653 159 630 157 630 156 630 154 630 152 630 121 643 91 629 89 692 87 706"/></Shape>
	    <String CONTENT="زمان شناسی بدين معنی که آتی جاعل فی الارض خليفه"
                    HPOS="87"
                    VPOS="629"
                    WIDTH="920"
                    HEIGHT="103"
                    WC="0.867372028529644"></String>
          </TextLine>

          
          
          <TextLine ID="eSc_line_6772c07e"
                    TAGREFS="LT4834"
                    BASELINE="101 781 885 790" 
                    HPOS="100"
                    VPOS="732"
                    WIDTH="785"
                    HEIGHT="91">
            <Shape><Polygon POINTS="101 781 100 792 129 795 147 813 147 814 149 814 150 814 152 816 210 816 210 814 212 814 214 814 214 813 228 802 238 809 240 809 242 809 243 809 245 809 273 800 343 811 345 811 410 797 456 818 457 818 459 818 461 818 498 799 500 799 542 799 554 809 556 809 557 809 559 809 561 809 563 809 563 807 571 800 585 813 587 813 589 813 591 813 592 813 615 800 678 809 680 809 721 800 724 800 728 800 780 821 782 821 784 823 864 823 864 821 866 821 868 821 868 820 884 804 885 790 884 760 850 760 850 758 835 746 833 746 831 746 829 746 828 746 826 746 817 755 801 741 801 739 800 739 798 739 764 739 763 739 761 739 759 739 731 757 717 743 717 741 715 741 714 741 712 741 710 741 652 757 629 737 628 737 626 737 624 737 622 737 559 757 535 757 501 757 501 755 477 744 475 744 473 744 396 748 373 734 371 734 370 734 310 734 308 734 307 734 305 734 305 736 287 753 273 753 257 753 231 753 224 753 194 732 192 732 191 732 136 732 135 732 133 732 101 748 101 781"/></Shape>
	    <String CONTENT="دويم طارت دطهارت آن باشد كه از ايين نت"
                    HPOS="100"
                    VPOS="732"
                    WIDTH="785"
                    HEIGHT="91"
                    WC="0.8969858984152476"></String>
          </TextLine>

          
          
          <TextLine ID="eSc_line_40311006"
                    TAGREFS="LT4834"
                    BASELINE="101 895 1015 890" 
                    HPOS="100"
                    VPOS="832"
                    WIDTH="915"
                    HEIGHT="88">
            <Shape><Polygon POINTS="101 895 101 906 180 920 182 920 184 920 185 920 207 906 208 906 245 920 247 920 249 920 250 920 277 906 303 914 305 914 307 914 308 914 326 907 338 918 338 920 340 920 342 920 343 920 345 920 347 920 347 918 361 906 396 916 398 916 400 916 401 916 403 916 403 914 405 914 412 906 414 904 415 906 449 918 450 918 452 920 500 920 500 918 501 918 529 906 531 904 531 906 543 916 543 918 545 918 547 918 549 918 608 909 643 918 645 918 647 918 649 918 650 918 663 907 689 916 691 916 693 916 694 916 729 904 736 902 847 902 852 904 871 916 873 916 875 916 877 916 1014 902 1015 890 1012 832 982 832 980 832 978 832 977 832 977 834 949 858 868 858 836 841 835 841 833 841 831 841 782 856 756 841 743 832 742 832 740 832 738 832 736 832 714 842 677 858 545 855 533 849 514 839 512 839 510 839 508 839 466 851 452 855 449 851 424 834 422 834 421 834 419 834 417 834 415 834 396 851 368 855 354 856 352 855 331 837 329 837 328 837 326 837 324 837 256 858 217 837 215 837 126 835 124 835 122 835 121 835 121 837 100 858 101 895"/></Shape>
	    <String CONTENT="گذشته دست مداری دير هر چه امام زمان فرمايد خدای"
                    HPOS="100"
                    VPOS="832"
                    WIDTH="915"
                    HEIGHT="88"
                    WC="0.9227226598465696"></String>
          </TextLine>

          
          
          <TextLine ID="eSc_line_7db28ef0"
                    TAGREFS="LT4834"
                    BASELINE="96 974 1096 988" 
                    HPOS="94"
                    VPOS="909"
                    WIDTH="1002"
                    HEIGHT="107">
            <Shape><Polygon POINTS="1089 941 1075 927 1075 925 1073 925 1071 925 1070 925 1068 925 1066 925 1042 946 973 946 929 944 905 921 905 920 903 920 901 920 871 920 870 920 868 920 866 920 835 941 817 927 815 927 814 927 812 927 810 927 778 937 717 916 715 916 714 916 712 916 710 916 677 939 619 918 617 918 615 918 614 918 612 918 591 932 568 923 566 923 564 923 563 923 561 923 549 934 522 914 521 914 519 914 492 914 491 914 489 914 487 914 459 937 384 937 345 911 343 911 342 911 226 911 224 911 222 911 221 911 208 920 182 909 180 909 178 909 177 909 175 909 138 934 96 934 96 974 94 988 135 1005 136 1005 221 1007 222 1007 300 1005 301 1005 329 991 331 991 424 1009 426 1009 484 1000 566 1011 568 1011 570 1011 594 998 721 1012 722 1012 724 1012 754 1002 780 1014 782 1014 784 1014 833 1007 842 1014 842 1016 843 1016 845 1016 847 1016 849 1016 894 1002 905 1000 943 1000 949 1004 961 1014 961 1016 963 1016 964 1016 966 1016 968 1016 970 1016 987 1004 993 1002 1093 1005 1096 988 1096 974 1089 941"/></Shape>
	    <String CONTENT="امراد باشی بدين معنی که قوله تعالی الذين امنوا اطيعوا الله"
                    HPOS="94"
                    VPOS="909"
                    WIDTH="1002"
                    HEIGHT="107"
                    WC="0.8869286374799137"></String>
          </TextLine>

          
          
          <TextLine ID="eSc_line_872e325f"
                    TAGREFS="LT4834"
                    BASELINE="275 1067 1007 1081" 
                    HPOS="273"
                    VPOS="995"
                    WIDTH="734"
                    HEIGHT="117">
            <Shape><Polygon POINTS="275 1067 273 1081 296 1083 312 1098 312 1100 314 1100 315 1100 317 1102 354 1102 354 1100 356 1100 357 1100 357 1098 366 1091 382 1102 384 1102 385 1102 461 1104 463 1104 464 1104 466 1104 484 1088 514 1102 515 1102 517 1102 519 1102 547 1090 570 1105 571 1105 573 1105 575 1105 633 1091 636 1091 640 1091 708 1104 710 1104 763 1095 773 1093 778 1095 800 1104 801 1104 803 1104 873 1098 907 1095 912 1098 926 1111 926 1112 928 1112 929 1112 931 1112 933 1112 956 1100 963 1097 1003 1100 1007 1081 1005 1007 952 1018 933 1011 931 1011 929 1011 928 1011 926 1011 926 1012 915 1021 901 1007 900 1007 900 1005 898 1005 896 1005 894 1005 893 1005 885 1009 859 1021 840 1009 835 1005 833 1005 831 1005 829 1005 828 1005 817 1009 801 1016 794 1009 787 1004 785 1004 784 1004 782 1004 780 1004 778 1004 770 1009 756 1019 742 1011 731 1002 729 1002 728 1002 726 1002 724 1002 722 1002 722 1004 714 1011 700 1026 680 1026 664 1011 656 1004 656 1002 654 1002 652 1002 626 1000 624 1000 622 1000 585 1012 557 1023 550 1014 549 1014 549 1012 547 1012 545 1012 543 1012 533 1012 510 1016 507 1014 492 1002 492 1000 491 1000 489 1000 487 1000 485 1000 484 1000 466 1014 464 1016 401 1019 396 1016 378 998 378 997 377 997 375 997 354 995 352 995 350 995 349 995 326 1016 322 1018 275 1018 275 1067"/></Shape>
	    <String CONTENT=" وأطيعوا الرسول وأولى الأمر منكم"
                    HPOS="273"
                    VPOS="995"
                    WIDTH="734"
                    HEIGHT="117"
                    WC="0.9084563119070871"></String>
          </TextLine>

          
          
          <TextLine ID="eSc_line_a29c617c"
                    TAGREFS="LT4834"
                    BASELINE="103 1168 877 1161" 
                    HPOS="101"
                    VPOS="1105"
                    WIDTH="776"
                    HEIGHT="93">
            <Shape><Polygon POINTS="103 1168 103 1189 121 1198 122 1198 124 1198 126 1198 128 1198 140 1189 161 1175 185 1175 212 1186 236 1198 238 1198 240 1198 242 1198 243 1198 261 1186 271 1177 294 1184 300 1186 301 1186 303 1186 305 1186 314 1184 350 1174 368 1182 394 1196 396 1196 398 1196 400 1196 428 1181 429 1181 454 1189 456 1189 457 1189 526 1179 564 1172 582 1177 619 1188 621 1188 622 1188 624 1188 656 1175 661 1172 663 1174 684 1193 685 1193 687 1193 689 1195 821 1195 821 1193 822 1193 877 1168 877 1161 868 1114 843 1135 735 1135 724 1125 722 1125 721 1125 719 1125 717 1125 691 1133 664 1121 663 1121 661 1121 659 1121 657 1121 656 1121 640 1133 621 1123 617 1121 615 1121 614 1121 600 1123 540 1135 507 1133 500 1126 473 1105 471 1105 470 1105 468 1105 466 1105 392 1128 347 1125 329 1107 329 1105 328 1105 326 1105 324 1105 191 1107 189 1107 187 1107 171 1121 152 1112 150 1112 149 1112 147 1112 145 1112 145 1114 117 1139 117 1140 101 1140 103 1168"/></Shape>
	    <String CONTENT="سيوم مازاست و تماز آن است که پک"
                    HPOS="101"
                    VPOS="1105"
                    WIDTH="776"
                    HEIGHT="93"
                    WC="0.9095998872071505"></String>
          </TextLine>

          
          
          <TextLine ID="eSc_line_a2ed090e"
                    TAGREFS="LT4834"
                    BASELINE="140 1281 468 1268 1014 1270" 
                    HPOS="138"
                    VPOS="1210"
                    WIDTH="876"
                    HEIGHT="86">
            <Shape><Polygon POINTS="140 1281 140 1296 229 1296 229 1295 231 1295 264 1281 310 1295 312 1295 314 1295 315 1295 317 1295 319 1295 375 1277 442 1277 450 1284 450 1286 452 1286 454 1286 456 1286 540 1277 594 1288 596 1288 598 1288 600 1288 600 1286 601 1286 610 1275 645 1275 659 1289 659 1291 661 1291 663 1291 664 1291 722 1286 724 1286 726 1286 726 1284 735 1277 749 1286 750 1286 752 1286 754 1286 850 1277 866 1288 868 1288 870 1288 871 1288 929 1275 1012 1289 1014 1270 1012 1228 928 1210 926 1210 831 1228 800 1212 798 1212 796 1212 794 1212 749 1228 684 1210 682 1210 680 1210 678 1210 677 1210 650 1228 615 1212 614 1212 552 1212 550 1212 549 1212 547 1212 547 1214 528 1232 433 1232 410 1212 408 1212 407 1212 382 1212 380 1212 378 1212 377 1212 366 1221 356 1214 354 1214 352 1214 259 1214 257 1214 256 1214 215 1232 191 1223 189 1223 187 1223 138 1233 140 1281"/></Shape>
	    <String CONTENT="از طاعت خدا د رسول خدا و حليفه خدا غافل نباشی تا بپيو"
                    HPOS="138"
                    VPOS="1210"
                    WIDTH="876"
                    HEIGHT="86"
                    WC="0.8949894162843812"></String>
          </TextLine>

          
          
          <TextLine ID="eSc_line_3256474e"
                    TAGREFS="LT4834"
                    BASELINE="112 1351 1012 1366" 
                    HPOS="110"
                    VPOS="1286"
                    WIDTH="902"
                    HEIGHT="108">
            <Shape><Polygon POINTS="112 1351 110 1368 122 1380 122 1382 124 1382 126 1382 128 1382 229 1368 245 1382 245 1384 247 1384 249 1384 250 1386 275 1386 275 1384 277 1384 308 1370 366 1370 392 1386 394 1386 396 1386 398 1386 400 1386 435 1372 466 1387 468 1387 470 1389 514 1389 514 1387 515 1387 517 1387 517 1386 533 1373 603 1389 605 1389 607 1389 647 1375 712 1393 714 1393 715 1393 717 1393 719 1393 738 1379 750 1387 750 1389 752 1389 754 1389 812 1394 814 1394 815 1394 817 1394 817 1393 824 1386 843 1394 845 1394 847 1394 849 1394 850 1394 870 1379 943 1387 945 1387 1010 1379 1012 1366 1012 1324 926 1310 924 1310 922 1310 921 1310 908 1317 898 1309 898 1307 896 1307 894 1307 893 1307 891 1307 861 1319 859 1319 800 1310 798 1310 796 1310 782 1317 712 1289 710 1289 708 1289 707 1289 673 1298 614 1289 612 1289 610 1289 582 1300 571 1289 571 1288 570 1288 568 1288 450 1286 449 1286 401 1295 400 1295 398 1295 398 1296 385 1307 382 1312 331 1312 326 1305 317 1298 317 1296 315 1296 314 1296 312 1296 310 1296 308 1296 308 1298 300 1305 296 1307 291 1303 280 1296 278 1296 277 1296 275 1296 273 1296 254 1303 240 1309 229 1302 203 1286 201 1286 200 1286 198 1286 196 1286 157 1300 145 1305 142 1300 136 1296 136 1295 135 1295 133 1295 131 1295 112 1298 112 1351"/></Shape>
	    <String CONTENT="در نماز باشی بدين معنی که الذين هم علی صلوتهم داتمون"
                    HPOS="110"
                    VPOS="1286"
                    WIDTH="902"
                    HEIGHT="108"
                    WC="0.8612858349314103"></String>
          </TextLine>

          
          
          <TextLine ID="eSc_line_b24c9ba8"
                    TAGREFS="LT4834"
                    BASELINE="103 1452 875 1452" 
                    HPOS="103"
                    VPOS="1403"
                    WIDTH="772"
                    HEIGHT="83">
            <Shape><Polygon POINTS="103 1452 103 1465 236 1479 238 1479 240 1479 264 1470 268 1468 268 1470 284 1482 284 1484 285 1484 287 1484 289 1484 415 1473 501 1466 631 1466 643 1479 645 1479 645 1480 647 1480 649 1480 650 1480 652 1480 657 1479 684 1472 694 1480 700 1484 701 1484 703 1484 705 1486 766 1486 766 1484 777 1482 829 1470 871 1484 875 1452 871 1403 828 1421 807 1405 807 1403 805 1403 803 1403 801 1403 800 1403 794 1405 742 1423 652 1423 633 1409 631 1407 629 1407 628 1407 626 1407 624 1407 619 1409 591 1421 577 1410 570 1403 568 1403 566 1403 564 1403 563 1403 542 1410 514 1421 392 1414 342 1412 340 1412 338 1412 336 1412 333 1416 326 1421 319 1416 300 1403 298 1403 296 1403 294 1403 292 1403 270 1416 257 1405 257 1403 256 1403 254 1403 252 1403 207 1414 196 1405 196 1403 194 1403 192 1403 126 1403 124 1403 122 1403 121 1403 103 1416 103 1452"/></Shape>
	    <String CONTENT="چهارم روزه است و روزه آن باشد که گفت"
                    HPOS="103"
                    VPOS="1403"
                    WIDTH="772"
                    HEIGHT="83"
                    WC="0.9389972074611767"></String>
          </TextLine>

          
          
          <TextLine ID="eSc_line_d0b6c0a7"
                    TAGREFS="LT4834"
                    BASELINE="107 1550 1014 1550" 
                    HPOS="107"
                    VPOS="1480"
                    WIDTH="907"
                    HEIGHT="97">
            <Shape><Polygon POINTS="107 1550 107 1559 161 1575 163 1575 164 1575 226 1561 229 1561 252 1561 254 1561 266 1573 266 1575 268 1575 270 1575 271 1575 273 1575 305 1561 308 1561 314 1563 363 1575 364 1575 366 1575 368 1575 392 1563 396 1561 463 1561 471 1563 501 1575 503 1575 505 1577 608 1577 608 1575 610 1575 629 1564 631 1564 647 1575 649 1575 650 1575 652 1577 721 1577 721 1575 722 1575 742 1566 754 1561 807 1561 819 1566 828 1573 829 1573 831 1573 833 1573 835 1573 850 1568 857 1564 875 1568 919 1575 921 1575 922 1575 924 1575 924 1573 931 1568 938 1561 1012 1568 1014 1550 1012 1505 833 1510 814 1498 803 1491 801 1491 800 1491 754 1489 752 1489 750 1489 749 1489 736 1496 712 1512 671 1512 647 1494 628 1480 626 1480 624 1480 622 1480 621 1480 596 1493 575 1505 556 1491 552 1489 550 1489 549 1489 547 1489 545 1489 538 1491 473 1510 429 1510 401 1493 400 1493 398 1493 396 1493 394 1493 392 1493 392 1494 373 1512 329 1512 292 1484 291 1482 289 1482 287 1482 285 1482 284 1482 278 1484 252 1496 233 1482 229 1480 228 1480 226 1480 107 1480 107 1550"/></Shape>
	    <String CONTENT="اعضای خود را از ظاهر و باطن به فرمان خدای تعالی بسته کرد"
                    HPOS="107"
                    VPOS="1480"
                    WIDTH="907"
                    HEIGHT="97"
                    WC="0.8625007010996342"></String>
          </TextLine>

          
          
          <TextLine ID="eSc_line_f80b934a"
                    TAGREFS="LT4834"
                    BASELINE="107 1645 1008 1654" 
                    HPOS="105"
                    VPOS="1568"
                    WIDTH="903"
                    HEIGHT="107">
            <Shape><Polygon POINTS="107 1645 105 1650 161 1668 163 1668 164 1670 277 1670 277 1668 278 1668 317 1657 322 1656 328 1657 345 1664 347 1664 349 1664 403 1659 426 1657 435 1661 464 1671 466 1671 468 1673 468 1671 470 1671 496 1661 507 1657 521 1663 542 1671 543 1671 545 1671 547 1671 549 1671 559 1663 571 1657 645 1657 689 1657 701 1668 708 1673 710 1673 712 1673 714 1673 715 1673 726 1668 743 1659 821 1659 840 1668 842 1668 843 1668 845 1668 866 1663 878 1671 880 1673 880 1675 882 1675 884 1675 885 1675 887 1675 894 1673 924 1661 1005 1675 1008 1654 1008 1608 921 1577 919 1577 882 1577 880 1577 878 1577 877 1577 877 1579 854 1601 852 1603 849 1601 821 1587 819 1587 817 1587 815 1587 787 1598 770 1605 750 1596 717 1580 715 1580 714 1580 712 1580 710 1580 710 1582 696 1594 684 1603 670 1593 649 1575 647 1575 645 1575 643 1575 642 1575 640 1575 617 1591 598 1603 542 1593 540 1593 538 1593 503 1603 484 1584 482 1584 482 1582 480 1582 478 1582 477 1582 475 1582 471 1584 429 1603 296 1603 270 1575 266 1571 266 1570 264 1570 263 1570 261 1570 238 1573 214 1577 107 1568 107 1645"/></Shape>
	    <String CONTENT="زين معنی که قوله تعالی قالت مريم آن نذرت للزحمن صوما"
                    HPOS="105"
                    VPOS="1568"
                    WIDTH="903"
                    HEIGHT="107"
                    WC="0.9161752057525346"></String>
          </TextLine>

          
        </TextBlock>
        
        <TextBlock HPOS="482"
                   VPOS="140"
                   WIDTH="146"
                   HEIGHT="89"
                   ID="eSc_textblock_be1ba99a"
                   TAGREFS="BT16059">
          <Shape><Polygon POINTS="524 140 607 161 628 215 489 229 482 175 524 140"/></Shape>
          
          
          <TextLine ID="eSc_line_3786cff1"
                    TAGREFS="LT4834"
                    BASELINE="519 199 589 196" 
                    HPOS="515"
                    VPOS="148"
                    WIDTH="74"
                    HEIGHT="74">
            <Shape><Polygon POINTS="571 150 566 148 559 148 557 148 556 148 554 148 554 150 536 166 531 171 515 171 519 199 519 220 587 222 589 196 585 155 571 150"/></Shape>
	    <String CONTENT="ما"
                    HPOS="515"
                    VPOS="148"
                    WIDTH="74"
                    HEIGHT="74"
                    WC="0.6235589385032654"></String>
          </TextLine>

          
        </TextBlock>
        
        <TextBlock HPOS="56"
                   VPOS="1696"
                   WIDTH="1012"
                   HEIGHT="180"
                   ID="eSc_textblock_ece58fae"
                   TAGREFS="BT16058">
          <Shape><Polygon POINTS="77 1696 1040 1696 1068 1710 1068 1764 1054 1855 970 1876 77 1869 56 1771 77 1696"/></Shape>
          
          
          <TextLine ID="eSc_line_d57cb534"
                    TAGREFS="LT4834"
                    BASELINE="121 1743 1014 1747" 
                    HPOS="119"
                    VPOS="1696"
                    WIDTH="895"
                    HEIGHT="77">
            <Shape><Polygon POINTS="510 1696 507 1696 489 1696 471 1696 454 1696 436 1696 419 1696 415 1696 414 1696 412 1696 389 1706 357 1696 356 1696 354 1696 352 1696 319 1708 315 1710 315 1708 310 1705 310 1703 308 1703 307 1703 305 1703 266 1710 250 1712 247 1710 224 1696 222 1696 221 1696 219 1696 217 1696 215 1696 198 1710 194 1712 121 1712 121 1743 119 1752 201 1770 203 1770 243 1768 245 1768 247 1768 247 1766 259 1756 292 1756 312 1770 314 1770 315 1770 317 1770 319 1770 377 1756 477 1756 563 1756 577 1770 577 1771 578 1771 580 1771 582 1771 584 1771 585 1771 608 1757 661 1771 663 1771 664 1773 801 1773 801 1771 803 1771 805 1771 805 1770 817 1757 854 1757 859 1757 861 1757 980 1771 982 1771 984 1771 1012 1757 1014 1747 1008 1701 984 1715 935 1715 907 1703 894 1698 893 1698 891 1698 889 1698 877 1703 857 1712 842 1703 831 1698 829 1698 780 1698 778 1698 777 1698 763 1705 742 1713 731 1705 724 1698 722 1698 721 1698 719 1698 650 1705 575 1713 547 1706 512 1696 510 1696"/></Shape>
	    <String CONTENT="ازسوره البقر لمكايه  اسورة النسال اايه ا "
                    HPOS="119"
                    VPOS="1696"
                    WIDTH="895"
                    HEIGHT="77"
                    WC="0.7055931541977859"></String>
          </TextLine>

          
          
          <TextLine ID="eSc_line_9bbea67a"
                    TAGREFS="LT4834"
                    BASELINE="294 1848 1014 1841" 
                    HPOS="292"
                    VPOS="1784"
                    WIDTH="722"
                    HEIGHT="103">
            <Shape><Polygon POINTS="294 1848 294 1868 352 1885 354 1885 356 1885 357 1885 389 1876 398 1885 400 1885 401 1885 403 1887 471 1887 471 1885 473 1885 510 1875 650 1883 652 1883 654 1883 656 1883 685 1864 687 1864 703 1864 863 1875 864 1875 866 1875 868 1875 880 1864 893 1873 894 1873 896 1873 898 1873 900 1873 922 1862 924 1862 1012 1862 1014 1841 1012 1801 975 1784 973 1784 971 1784 852 1798 828 1801 822 1798 801 1785 800 1785 798 1785 796 1785 794 1785 773 1794 685 1785 684 1785 682 1785 663 1796 647 1805 471 1805 459 1792 457 1792 456 1792 454 1792 452 1792 450 1792 436 1805 405 1792 398 1789 396 1789 394 1789 292 1789 294 1848"/></Shape>
	    <String CONTENT="سوره المعراج رهد با آيد ها از سوره مريم زه"
                    HPOS="292"
                    VPOS="1784"
                    WIDTH="722"
                    HEIGHT="103"
                    WC="0.8142531444860059"></String>
          </TextLine>

          
        </TextBlock>
        
        <TextBlock HPOS="503"
                   VPOS="1892"
                   WIDTH="153"
                   HEIGHT="97"
                   ID="eSc_textblock_d5378a29"
                   TAGREFS="BT16061">
          <Shape><Polygon POINTS="531 1892 628 1892 656 1954 621 1989 531 1982 503 1933 531 1892"/></Shape>
          
          
          <TextLine ID="eSc_line_2653b042"
                    TAGREFS="LT4834"
                    BASELINE="524 1941 622 1936" 
                    HPOS="521"
                    VPOS="1892"
                    WIDTH="101"
                    HEIGHT="91">
            <Shape><Polygon POINTS="610 1892 571 1908 563 1901 557 1897 556 1897 554 1897 552 1897 550 1897 521 1910 524 1941 526 1983 622 1962 622 1936 615 1892 610 1892"/></Shape>
	    <String CONTENT=""
                    HPOS="521"
                    VPOS="1892"
                    WIDTH="101"
                    HEIGHT="91"></String>
          </TextLine>

          
        </TextBlock>
        
        <TextBlock HPOS="1063"
                   VPOS="981"
                   WIDTH="40"
                   HEIGHT="19"
                   ID="eSc_textblock_38341587"
                   TAGREFS="BT16062">
          <Shape><Polygon POINTS="1085 981 1103 1000 1063 1000 1070 988 1085 981"/></Shape>
          
        </TextBlock>
        
        <TextBlock HPOS="1070"
                   VPOS="960"
                   WIDTH="33"
                   HEIGHT="12"
                   ID="eSc_textblock_8266b472"
                   TAGREFS="BT16062">
          <Shape><Polygon POINTS="1078 960 1103 960 1103 972 1070 972 1078 960"/></Shape>
          
        </TextBlock>
        

        
      </PrintSpace>
    </Page>
  </Layout>
</alto>
