<?xml version="1.0" encoding="UTF-8"?>
<alto xmlns:xsi="http://www.w3.org/2001/XMLSchema-instance"
      xmlns="http://www.loc.gov/standards/alto/ns-v4#"
      xsi:schemaLocation="http://www.loc.gov/standards/alto/ns-v4# http://www.loc.gov/standards/alto/v4/alto-4-2.xsd">
  <Description>
    <MeasurementUnit>pixel</MeasurementUnit>
    <sourceImageInformation>
      <fileName>TwoIsmailiTreatises034.jpg</fileName>
      
    </sourceImageInformation>
  </Description>
  
  <Tags>
    <OtherTag ID="BT16074" LABEL="MarginTextZone:commentary" DESCRIPTION="block type MarginTextZone:commentary"/><OtherTag ID="BT16073" LABEL="MarginTextZone:note#1" DESCRIPTION="block type MarginTextZone:note#1"/><OtherTag ID="BT16072" LABEL="MainZone:column#2" DESCRIPTION="block type MainZone:column#2"/><OtherTag ID="BT16071" LABEL="MainZone:column#3" DESCRIPTION="block type MainZone:column#3"/><OtherTag ID="BT16070" LABEL="GraphicZone:illustration" DESCRIPTION="block type GraphicZone:illustration"/><OtherTag ID="BT16069" LABEL="MainZone:column#1" DESCRIPTION="block type MainZone:column#1"/><OtherTag ID="BT16068" LABEL="MarginTextZone:note#2" DESCRIPTION="block type MarginTextZone:note#2"/><OtherTag ID="BT16067" LABEL="CustomZone:publication" DESCRIPTION="block type CustomZone:publication"/><OtherTag ID="BT16066" LABEL="RunningTitleZone" DESCRIPTION="block type RunningTitleZone"/><OtherTag ID="BT16065" LABEL="NumberingZone" DESCRIPTION="block type NumberingZone"/><OtherTag ID="BT16064" LABEL="default" DESCRIPTION="block type default"/><OtherTag ID="BT16063" LABEL="TitlePageZone" DESCRIPTION="block type TitlePageZone"/><OtherTag ID="BT16062" LABEL="NumberingZone:other" DESCRIPTION="block type NumberingZone:other"/><OtherTag ID="BT16061" LABEL="QuireMarksZone:catchwords" DESCRIPTION="block type QuireMarksZone:catchwords"/><OtherTag ID="BT16060" LABEL="MainZone" DESCRIPTION="block type MainZone"/><OtherTag ID="BT16059" LABEL="NumberingZone:page" DESCRIPTION="block type NumberingZone:page"/><OtherTag ID="BT16058" LABEL="MarginTextZone:note" DESCRIPTION="block type MarginTextZone:note"/><OtherTag ID="BT16057" LABEL="DigitizationArtefactZone" DESCRIPTION="block type DigitizationArtefactZone"/><OtherTag ID="BT4" LABEL="Illustration" DESCRIPTION="block type Illustration"/><OtherTag ID="BT3" LABEL="Commentary" DESCRIPTION="block type Commentary"/><OtherTag ID="BT2" LABEL="Main" DESCRIPTION="block type Main"/><OtherTag ID="BT1" LABEL="Title" DESCRIPTION="block type Title"/>
    <OtherTag ID="LT4834" LABEL="DefaultLine" DESCRIPTION="line type DefaultLine"/><OtherTag ID="LT4835" LABEL="HeadingLine:title" DESCRIPTION="line type HeadingLine:title"/>
  </Tags>
  
  <Layout>
    <Page WIDTH="1255"
          HEIGHT="2099"
          PHYSICAL_IMG_NR="30"
          ID="eSc_dummypage_">
      <PrintSpace HPOS="0"
                  VPOS="0"
                  WIDTH="1255"
                  HEIGHT="2099">
        
        <TextBlock HPOS="210"
                   VPOS="251"
                   WIDTH="967"
                   HEIGHT="1650"
                   ID="eSc_textblock_46dc6f03"
                   TAGREFS="BT16060">
          <Shape><Polygon POINTS="266 251 1107 251 1163 272 1177 1754 1163 1866 1135 1894 252 1901 224 1880 210 552 224 286 266 251"/></Shape>
          
          
          <TextLine ID="eSc_line_62c0012c"
                    TAGREFS="LT4834"
                    BASELINE="236 346 1128 321" 
                    HPOS="234"
                    VPOS="265"
                    WIDTH="894"
                    HEIGHT="112">
            <Shape><Polygon POINTS="236 346 236 363 297 377 299 377 364 376 365 376 411 360 430 355 439 360 451 369 453 369 455 369 456 369 458 369 460 369 460 367 467 360 472 353 518 353 525 358 537 369 539 369 540 369 542 369 544 369 546 369 546 367 556 358 563 353 582 358 626 367 628 367 630 367 631 367 631 365 642 356 647 349 658 356 679 367 680 367 682 367 724 365 726 365 728 365 742 355 756 344 859 344 875 351 890 360 892 360 894 362 936 362 936 360 938 360 939 360 950 349 962 341 1127 346 1128 321 1125 271 1113 265 1111 265 1109 265 1107 265 1106 265 1097 274 1078 290 1027 290 1013 278 1011 276 1011 274 1009 274 1008 274 1006 274 1004 274 988 278 959 286 929 281 871 271 869 271 868 271 833 285 819 292 810 286 794 276 792 276 791 276 789 276 787 276 785 276 771 288 761 299 722 299 708 292 700 285 698 285 696 285 694 285 693 285 679 292 666 299 658 293 644 286 642 286 640 286 638 286 637 286 624 295 612 302 595 295 558 283 556 283 554 283 553 283 551 283 551 285 537 299 516 293 514 293 512 293 511 293 509 293 502 300 498 302 495 300 472 283 470 283 469 283 467 283 397 292 379 285 378 285 376 285 374 285 372 285 372 286 353 307 351 307 350 307 337 299 336 299 334 299 332 299 330 299 329 299 313 307 311 309 308 309 278 302 276 302 234 311 236 346"/></Shape>
	    <String CONTENT="بته شخص بهشت هم مردى خواهد بود به دسل اين دد"
                    HPOS="234"
                    VPOS="265"
                    WIDTH="894"
                    HEIGHT="112"
                    WC="0.9163694070144133"></String>
          </TextLine>

          
          
          <TextLine ID="eSc_line_2859423f"
                    TAGREFS="LT4834"
                    BASELINE="220 432 1139 423" 
                    HPOS="218"
                    VPOS="365"
                    WIDTH="921"
                    HEIGHT="98">
            <Shape><Polygon POINTS="220 432 220 456 266 461 267 463 267 461 299 456 336 447 350 454 365 461 367 461 369 461 371 461 402 453 423 447 428 453 435 458 435 460 437 460 439 460 441 461 498 461 498 460 500 460 502 460 502 458 511 451 516 446 539 451 572 456 574 456 575 456 577 456 584 449 588 446 595 449 612 458 614 458 616 460 661 460 661 458 663 458 665 458 665 456 673 449 679 454 679 456 680 456 682 456 754 458 756 458 757 458 782 446 789 442 820 444 931 454 932 454 988 440 994 440 999 440 1085 454 1086 454 1088 454 1090 454 1090 453 1102 440 1139 437 1139 423 1135 391 1086 390 1055 365 1053 365 1051 365 999 365 997 365 995 365 994 365 994 367 969 390 945 381 943 381 941 381 868 391 833 379 831 379 829 379 827 379 806 391 789 379 787 379 785 379 784 379 782 379 780 379 780 381 766 393 745 381 743 381 742 381 712 384 696 370 696 369 694 369 693 369 642 369 640 369 638 369 637 369 605 395 574 395 549 376 547 376 546 376 544 376 542 376 505 390 486 372 486 370 484 370 483 370 481 370 479 370 446 388 404 370 402 370 400 370 399 370 360 384 339 379 337 379 336 379 334 379 299 398 218 398 220 432"/></Shape>
	    <String CONTENT="حديث که فرموده اند در جای ديگر و در فصول مبارک میفر"
                    HPOS="218"
                    VPOS="365"
                    WIDTH="921"
                    HEIGHT="98"
                    WC="0.9051189668038312"></String>
          </TextLine>

          
          
          <TextLine ID="eSc_line_4a3cb462"
                    TAGREFS="LT4834"
                    BASELINE="225 529 1139 521" 
                    HPOS="224"
                    VPOS="474"
                    WIDTH="915"
                    HEIGHT="94">
            <Shape><Polygon POINTS="225 529 225 549 329 547 330 549 351 566 353 566 355 566 357 568 406 568 406 566 437 564 439 564 441 564 465 545 483 559 484 559 486 559 488 559 490 559 491 559 512 545 514 543 521 545 554 552 556 552 631 543 645 542 649 543 672 563 673 563 675 563 677 564 715 564 715 563 717 563 719 563 719 561 735 547 775 545 799 561 801 561 803 561 805 563 857 563 857 561 859 561 861 561 887 543 910 561 911 561 913 561 915 561 917 561 918 561 918 559 939 538 950 538 959 538 960 538 1013 559 1015 559 1016 561 1057 561 1057 559 1058 559 1060 559 1060 557 1081 538 1106 547 1107 547 1109 547 1111 547 1139 535 1139 521 1134 474 1029 495 1004 486 1002 486 1001 486 999 486 976 493 957 479 955 479 953 479 952 479 950 479 948 479 948 481 929 498 875 498 857 484 855 484 854 484 852 484 850 484 848 484 831 495 750 488 749 488 747 488 745 488 733 500 703 500 680 489 656 477 654 477 652 477 651 477 649 477 630 491 628 491 626 491 591 477 589 477 588 477 481 493 414 479 413 479 411 479 409 479 409 481 392 496 369 486 367 486 365 486 364 486 362 486 346 500 343 502 337 500 294 491 292 491 224 503 225 529"/></Shape>
	    <String CONTENT="که سخص عذاب هم در دوزخ است که آن دويی باشد وا"
                    HPOS="224"
                    VPOS="474"
                    WIDTH="915"
                    HEIGHT="94"
                    WC="0.8832171449194783"></String>
          </TextLine>

          
          
          <TextLine ID="eSc_line_d0bb77ab"
                    TAGREFS="LT4834"
                    BASELINE="227 627 1135 620" 
                    HPOS="225"
                    VPOS="563"
                    WIDTH="910"
                    HEIGHT="96">
            <Shape><Polygon POINTS="227 627 227 640 259 640 260 640 273 650 273 652 274 652 276 652 278 652 330 640 332 640 357 657 358 657 360 657 362 659 385 659 385 657 386 657 388 657 388 655 407 640 411 640 470 641 483 654 483 655 484 655 486 655 488 657 623 657 623 655 624 655 626 655 626 654 638 643 665 650 666 650 668 650 670 650 721 636 726 636 731 636 813 654 815 654 908 641 985 652 987 652 988 652 990 652 990 650 1008 634 1009 634 1134 634 1135 620 1132 563 1062 563 1060 563 1058 563 1057 563 1055 564 1036 582 1006 582 994 570 994 568 992 568 990 568 988 568 987 568 985 568 985 570 962 589 936 582 934 582 932 582 931 582 903 591 787 591 763 577 759 573 757 573 756 573 754 573 752 573 743 577 726 585 714 578 693 564 691 564 689 564 687 564 686 564 684 564 659 580 645 591 635 582 619 568 619 566 617 566 616 566 544 566 542 566 514 570 512 570 511 570 511 571 495 587 490 592 481 587 455 573 453 573 451 573 449 573 420 589 409 596 357 596 353 592 341 582 341 580 339 580 337 580 336 580 315 584 283 570 281 570 280 570 278 570 225 594 227 627"/></Shape>
	    <String CONTENT="آمد که اولی خوددوزخ باشد بد ل عفلی و سيد تا میفرمايد"
                    HPOS="225"
                    VPOS="563"
                    WIDTH="910"
                    HEIGHT="96"
                    WC="0.858965885526729"></String>
          </TextLine>

          
          
          <TextLine ID="eSc_line_e97b3b4f"
                    TAGREFS="LT4834"
                    BASELINE="222 727 1135 713" 
                    HPOS="220"
                    VPOS="650"
                    WIDTH="915"
                    HEIGHT="107">
            <Shape><Polygon POINTS="222 727 222 752 278 745 301 750 325 757 327 757 329 757 399 755 400 755 402 755 411 748 414 745 428 746 460 752 462 752 463 752 477 745 491 739 505 745 525 753 526 753 528 753 530 753 532 753 532 752 540 743 544 741 574 743 609 745 610 745 612 745 614 745 617 741 623 736 638 741 670 752 672 752 673 752 675 752 677 752 696 739 705 734 745 736 747 738 757 748 757 750 759 750 761 750 763 750 847 739 904 748 906 748 908 748 936 732 943 729 1039 729 1041 731 1050 738 1051 738 1053 738 1055 738 1057 738 1058 738 1071 729 1099 741 1100 741 1102 741 1104 741 1135 727 1135 713 1130 650 1048 652 1046 652 1044 652 1011 680 990 662 988 662 987 662 985 662 983 662 981 662 953 682 903 673 901 673 899 673 864 683 847 669 847 668 845 668 843 668 841 668 733 685 701 676 700 676 698 676 696 676 672 687 589 675 588 675 586 675 558 689 518 664 514 661 512 661 511 661 484 661 483 661 481 661 479 661 476 664 441 690 407 690 386 669 386 668 385 668 383 668 381 668 379 668 378 668 360 682 343 668 341 666 339 666 337 666 336 666 334 666 330 668 315 676 304 668 301 664 299 664 297 664 295 664 220 669 222 727"/></Shape>
	    <String CONTENT="که سنگ سياه را چون غذاب خواهند کرد دويمی خواهند کرد"
                    HPOS="220"
                    VPOS="650"
                    WIDTH="915"
                    HEIGHT="107"
                    WC="0.9128783555591807"></String>
          </TextLine>

          
          
          <TextLine ID="eSc_line_328238eb"
                    TAGREFS="LT4834"
                    BASELINE="220 815 1132 809" 
                    HPOS="218"
                    VPOS="750"
                    WIDTH="914"
                    HEIGHT="89">
            <Shape><Polygon POINTS="220 815 220 825 463 839 465 839 467 839 469 839 469 837 483 825 486 825 600 837 602 837 603 837 605 837 626 825 628 823 628 825 649 837 651 837 652 837 654 837 742 823 750 823 766 823 918 836 920 837 985 837 985 836 987 836 1018 823 1023 822 1027 823 1048 830 1050 830 1051 830 1130 822 1132 809 1127 773 1079 774 1076 773 1062 760 1060 760 1058 760 1057 760 1055 760 1018 773 1008 776 1002 773 967 750 966 750 964 750 962 750 960 750 959 750 959 752 936 774 932 778 899 778 897 774 885 764 885 762 883 762 882 762 880 762 822 774 808 778 805 774 784 757 784 755 782 755 780 755 778 755 777 755 775 755 740 776 735 780 666 780 665 776 658 771 658 769 656 769 654 769 652 769 589 778 582 778 581 778 546 752 544 752 542 752 540 752 406 753 404 753 402 753 379 773 332 753 330 753 283 753 281 753 280 753 218 778 220 815"/></Shape>
	    <String CONTENT="با در مقابل خداوند باستد و بعد عذابش کند و سنگ"
                    HPOS="218"
                    VPOS="750"
                    WIDTH="914"
                    HEIGHT="89"
                    WC="0.9313156565894252"></String>
          </TextLine>

          
          
          <TextLine ID="eSc_line_350cb3b2"
                    TAGREFS="LT4834"
                    BASELINE="224 909 1121 900" 
                    HPOS="222"
                    VPOS="839"
                    WIDTH="899"
                    HEIGHT="105">
            <Shape><Polygon POINTS="224 909 224 923 264 944 266 944 267 944 269 944 271 944 287 930 309 935 311 935 313 935 315 935 334 927 371 944 372 944 374 944 376 944 378 944 404 923 441 939 442 939 444 939 446 939 488 923 507 941 507 942 509 942 511 942 512 944 553 944 553 942 554 942 556 942 556 941 570 927 602 941 603 941 605 942 691 942 691 941 693 941 694 941 694 939 707 927 743 941 745 941 747 941 749 941 750 941 763 932 785 939 787 939 789 939 791 939 792 939 792 937 806 925 826 935 827 935 829 935 831 935 833 935 854 921 889 939 890 939 892 939 894 939 896 939 896 937 908 925 936 937 938 937 939 937 941 937 943 937 962 921 983 934 985 934 987 934 988 934 1043 916 1121 914 1121 900 1114 851 1071 871 1002 872 974 851 960 839 959 839 957 839 955 839 953 839 952 839 936 851 901 874 836 874 817 862 815 862 813 862 812 862 810 862 808 862 808 864 794 876 731 876 719 867 717 867 715 867 714 867 652 876 623 850 612 841 612 839 610 839 609 839 581 839 579 839 577 839 553 850 488 878 460 850 451 843 451 841 449 841 448 841 406 841 404 841 402 841 400 841 390 850 383 853 378 850 371 844 371 843 369 843 367 843 365 843 364 843 346 850 339 851 334 850 322 843 320 843 318 843 222 848 224 909"/></Shape>
	    <String CONTENT="سيد را ثواب خواهند داد چون شخص سلمانش کنند تا ب"
                    HPOS="222"
                    VPOS="839"
                    WIDTH="899"
                    HEIGHT="105"
                    WC="0.8770886367939889"></String>
          </TextLine>

          
          
          <TextLine ID="eSc_line_39178d4d"
                    TAGREFS="LT4834"
                    BASELINE="224 1007 1132 1000" 
                    HPOS="222"
                    VPOS="939"
                    WIDTH="910"
                    HEIGHT="100">
            <Shape><Polygon POINTS="224 1007 224 1019 260 1039 262 1039 264 1039 266 1039 301 1019 344 1030 346 1030 348 1030 409 1019 451 1039 453 1039 455 1039 456 1039 458 1039 484 1018 504 1032 505 1032 507 1032 509 1032 511 1032 512 1032 528 1021 547 1037 547 1039 549 1039 551 1039 553 1039 715 1037 717 1037 719 1037 719 1035 742 1016 903 1037 904 1037 906 1037 908 1037 908 1035 932 1014 981 1030 983 1030 985 1030 987 1030 988 1030 1013 1014 1132 1011 1132 1000 1130 965 1081 946 1079 946 1078 946 1034 955 1009 939 1008 939 1006 939 980 939 978 939 976 939 974 939 974 941 945 967 945 969 899 970 813 970 812 969 798 956 798 955 796 955 794 955 792 955 791 955 789 955 768 969 726 948 724 948 722 948 721 948 719 948 687 970 663 970 612 942 610 942 540 942 539 942 537 942 497 956 483 944 483 942 481 942 479 942 449 942 448 942 385 944 383 944 381 944 351 965 332 956 330 956 329 956 327 956 295 972 266 960 264 960 262 960 260 960 222 974 224 1007"/></Shape>
	    <String CONTENT="خدادند خويش باشد حال چون نيكوبينى كه سنگ سياه"
                    HPOS="222"
                    VPOS="939"
                    WIDTH="910"
                    HEIGHT="100"
                    WC="0.9505631844202678"></String>
          </TextLine>

          
          
          <TextLine ID="eSc_line_a514100f"
                    TAGREFS="LT4834"
                    BASELINE="231 1103 1134 1094" 
                    HPOS="229"
                    VPOS="1039"
                    WIDTH="905"
                    HEIGHT="97">
            <Shape><Polygon POINTS="231 1103 231 1136 318 1131 320 1131 322 1131 322 1129 334 1119 367 1133 379 1136 381 1136 383 1136 385 1136 386 1136 392 1131 416 1112 509 1112 528 1126 539 1135 540 1135 542 1135 544 1135 614 1122 630 1121 644 1122 756 1133 757 1133 759 1133 761 1133 761 1131 775 1117 777 1115 778 1117 799 1131 801 1131 803 1131 805 1131 806 1131 808 1131 834 1114 845 1108 854 1114 871 1122 873 1122 875 1122 931 1110 953 1107 1032 1107 1043 1115 1043 1117 1044 1117 1046 1117 1048 1117 1097 1107 1107 1115 1107 1117 1109 1117 1111 1117 1113 1117 1114 1117 1116 1117 1134 1105 1134 1094 1130 1044 1008 1039 1006 1039 1004 1039 1002 1039 992 1047 973 1061 934 1063 848 1063 834 1051 829 1046 827 1046 826 1046 824 1046 822 1046 810 1051 791 1061 756 1052 717 1044 715 1044 714 1044 712 1044 698 1054 687 1061 672 1054 659 1051 658 1051 656 1051 654 1051 652 1051 652 1052 649 1056 640 1065 607 1065 596 1058 589 1052 588 1052 586 1052 584 1052 582 1052 581 1052 581 1054 575 1058 568 1066 547 1066 540 1058 530 1049 530 1047 528 1047 526 1047 525 1047 523 1047 521 1047 500 1059 490 1066 414 1066 411 1061 392 1046 390 1046 388 1046 386 1046 385 1046 364 1058 346 1047 344 1047 343 1047 257 1046 255 1046 253 1046 252 1046 229 1061 231 1103"/></Shape>
	    <String CONTENT="و سنگ سپيد در آن عالم همچون مردمی باشند و جمله لوح و قلم"
                    HPOS="229"
                    VPOS="1039"
                    WIDTH="905"
                    HEIGHT="97"
                    WC="0.8942260418021888"></String>
          </TextLine>

          
          
          <TextLine ID="eSc_line_62a50df1"
                    TAGREFS="LT4834"
                    BASELINE="225 1203 1134 1194" 
                    HPOS="224"
                    VPOS="1138"
                    WIDTH="910"
                    HEIGHT="95">
            <Shape><Polygon POINTS="225 1203 225 1217 274 1229 276 1229 278 1229 290 1222 301 1233 302 1233 304 1233 306 1233 369 1219 418 1231 420 1231 421 1231 423 1231 425 1231 425 1229 441 1217 526 1217 542 1229 542 1231 544 1231 546 1231 547 1233 588 1233 588 1231 589 1231 619 1215 649 1229 651 1229 652 1231 770 1231 770 1229 771 1229 808 1213 859 1227 861 1227 862 1229 946 1229 946 1227 995 1226 997 1226 999 1226 999 1224 1013 1212 1046 1212 1060 1222 1060 1224 1062 1224 1064 1224 1065 1224 1067 1224 1069 1224 1088 1210 1134 1208 1134 1194 1132 1157 1062 1138 1060 1138 1058 1138 1057 1138 1055 1138 1022 1159 1018 1161 1016 1159 995 1140 995 1138 994 1138 992 1138 948 1138 946 1138 945 1138 943 1138 920 1156 904 1145 903 1145 901 1145 899 1145 897 1145 896 1145 876 1161 873 1164 780 1164 777 1161 736 1147 735 1147 733 1147 637 1164 628 1164 621 1164 490 1143 488 1143 486 1143 484 1143 458 1164 390 1168 357 1168 355 1168 318 1145 316 1145 315 1145 274 1145 273 1145 271 1145 224 1166 225 1203"/></Shape>
	    <String CONTENT="و عرش و کرسی و روح الاين و روح القدس و هر چه خواهی"
                    HPOS="224"
                    VPOS="1138"
                    WIDTH="910"
                    HEIGHT="95"
                    WC="0.8768993604183197"></String>
          </TextLine>

          
          
          <TextLine ID="eSc_line_54c442d4"
                    TAGREFS="LT4834"
                    BASELINE="234 1297 1130 1290" 
                    HPOS="232"
                    VPOS="1229"
                    WIDTH="898"
                    HEIGHT="103">
            <Shape><Polygon POINTS="234 1297 234 1332 260 1332 260 1331 262 1331 264 1331 264 1329 287 1310 378 1310 404 1322 406 1322 407 1322 409 1322 435 1308 523 1308 549 1318 551 1318 553 1318 554 1318 572 1311 588 1325 591 1329 593 1329 595 1329 596 1329 759 1327 761 1327 763 1327 771 1320 791 1310 826 1320 850 1327 852 1327 854 1327 897 1318 908 1317 917 1318 945 1325 946 1325 948 1325 950 1325 952 1325 952 1324 959 1317 973 1304 1034 1317 1043 1317 1044 1317 1046 1317 1050 1315 1076 1306 1085 1315 1088 1317 1088 1318 1090 1318 1092 1318 1093 1318 1130 1313 1130 1290 1127 1254 1065 1248 1048 1231 1048 1229 1046 1229 1044 1229 962 1229 960 1229 959 1229 957 1229 918 1255 873 1240 871 1240 869 1240 868 1240 866 1240 866 1241 848 1257 847 1259 679 1259 668 1259 595 1257 561 1233 560 1233 558 1233 556 1233 554 1233 553 1233 512 1259 479 1236 477 1236 476 1236 474 1236 435 1238 434 1238 432 1238 411 1255 381 1234 379 1234 378 1234 376 1234 299 1248 260 1234 259 1234 257 1234 255 1234 253 1234 253 1236 232 1257 234 1297"/></Shape>
	    <String CONTENT="ديدن و گفتن در جهان هم مردی باشد و خدای در آن عالم"
                    HPOS="232"
                    VPOS="1229"
                    WIDTH="898"
                    HEIGHT="103"
                    WC="0.8803844054539999"></String>
          </TextLine>

          
          
          <TextLine ID="eSc_line_a788a744"
                    TAGREFS="LT4834"
                    BASELINE="227 1387 1125 1387" 
                    HPOS="227"
                    VPOS="1331"
                    WIDTH="898"
                    HEIGHT="85">
            <Shape><Polygon POINTS="227 1387 227 1397 273 1413 274 1413 276 1413 278 1413 280 1413 297 1399 299 1399 334 1399 336 1401 353 1415 355 1415 357 1415 358 1415 360 1415 362 1415 362 1413 376 1401 378 1399 386 1401 435 1411 437 1411 439 1411 455 1402 472 1415 474 1415 476 1415 477 1416 554 1416 554 1415 556 1415 558 1415 558 1413 568 1404 570 1401 579 1404 595 1411 596 1411 598 1411 600 1411 602 1411 610 1406 621 1399 652 1399 658 1406 666 1413 666 1415 668 1415 670 1415 672 1416 775 1416 775 1415 777 1415 778 1415 778 1413 784 1408 794 1399 873 1399 892 1411 894 1413 896 1413 897 1413 899 1413 901 1413 903 1413 904 1411 918 1401 969 1408 971 1408 1020 1399 1036 1413 1036 1415 1037 1415 1039 1415 1041 1416 1083 1416 1083 1415 1085 1415 1086 1415 1086 1413 1095 1404 1121 1415 1125 1387 1121 1338 1109 1345 1099 1338 1092 1332 1090 1332 1088 1332 1086 1332 1085 1332 1072 1338 1065 1341 1051 1339 1023 1334 1022 1334 1020 1334 1006 1339 981 1350 966 1341 957 1334 955 1334 953 1334 952 1334 950 1334 932 1341 922 1345 903 1341 843 1331 841 1331 840 1331 838 1331 820 1343 806 1353 696 1353 687 1345 673 1332 673 1331 672 1331 670 1331 614 1331 612 1331 610 1331 609 1331 609 1332 593 1346 588 1353 560 1353 551 1348 535 1339 533 1339 532 1339 530 1339 504 1346 481 1332 479 1332 477 1332 476 1332 474 1332 472 1332 446 1350 439 1353 383 1353 381 1350 358 1331 357 1331 355 1331 283 1331 281 1331 280 1331 227 1352 227 1387"/></Shape>
	    <String CONTENT="بر اين صورت باشد چه خبر باشد که نه براين صورت باشد اين"
                    HPOS="227"
                    VPOS="1331"
                    WIDTH="898"
                    HEIGHT="85"
                    WC="0.8777926161333367"></String>
          </TextLine>

          
          
          <TextLine ID="eSc_line_9153ee85"
                    TAGREFS="LT4834"
                    BASELINE="229 1478 771 1483 1127 1474" 
                    HPOS="227"
                    VPOS="1415"
                    WIDTH="900"
                    HEIGHT="99">
            <Shape><Polygon POINTS="229 1478 229 1492 266 1513 267 1513 269 1513 271 1513 273 1513 297 1493 318 1500 320 1500 322 1500 323 1500 325 1500 325 1499 336 1490 383 1504 385 1504 386 1504 388 1504 441 1490 474 1513 476 1513 477 1513 479 1514 616 1514 616 1513 617 1513 619 1513 642 1492 677 1490 726 1513 728 1513 729 1514 780 1514 780 1513 782 1513 784 1513 812 1490 848 1490 885 1513 887 1513 889 1513 890 1514 943 1514 943 1513 945 1513 946 1513 946 1511 971 1490 997 1490 1016 1507 1016 1509 1018 1509 1020 1509 1085 1513 1086 1513 1088 1513 1090 1513 1127 1488 1127 1474 1123 1423 1022 1415 1020 1415 1018 1415 997 1422 941 1441 911 1420 904 1415 903 1415 901 1415 876 1415 875 1415 873 1415 871 1415 864 1420 845 1432 798 1423 796 1423 794 1423 792 1423 792 1425 775 1441 658 1441 640 1425 640 1423 638 1423 637 1423 635 1423 633 1423 631 1423 607 1443 539 1443 525 1429 525 1427 523 1427 521 1427 519 1427 481 1434 465 1420 465 1418 463 1418 462 1418 460 1418 357 1436 301 1415 299 1415 227 1415 229 1478"/></Shape>
	    <String CONTENT="عالم خبر معين و شخص باشد حال بايد دل از مصنوعات و خيالا"
                    HPOS="227"
                    VPOS="1415"
                    WIDTH="900"
                    HEIGHT="99"
                    WC="0.8888421139933846"></String>
          </TextLine>

          
          
          <TextLine ID="eSc_line_9f668174"
                    TAGREFS="LT4834"
                    BASELINE="227 1570 1121 1569" 
                    HPOS="225"
                    VPOS="1511"
                    WIDTH="896"
                    HEIGHT="85">
            <Shape><Polygon POINTS="227 1570 227 1584 322 1581 344 1586 357 1589 358 1589 360 1589 362 1589 371 1586 388 1581 411 1586 441 1595 442 1595 444 1596 525 1596 525 1595 586 1591 588 1591 589 1591 589 1589 591 1588 600 1581 633 1589 638 1589 640 1589 642 1589 644 1589 658 1581 672 1589 679 1593 680 1593 682 1593 684 1593 686 1593 691 1589 703 1581 768 1589 770 1589 771 1589 834 1581 861 1591 862 1591 864 1591 866 1591 871 1591 920 1581 934 1591 938 1595 939 1595 941 1595 943 1596 1076 1596 1076 1595 1078 1595 1079 1595 1079 1593 1081 1593 1090 1582 1118 1593 1121 1569 1114 1516 1071 1532 948 1532 917 1516 915 1516 913 1516 859 1521 843 1514 834 1511 833 1511 831 1511 829 1511 819 1514 798 1523 791 1514 789 1514 789 1513 787 1513 785 1513 740 1511 738 1511 736 1511 728 1514 700 1528 649 1530 633 1518 631 1518 630 1518 628 1518 626 1518 624 1518 612 1528 565 1514 563 1514 561 1514 560 1514 558 1514 526 1530 502 1521 500 1521 498 1521 497 1521 476 1530 449 1514 448 1514 446 1514 444 1514 442 1514 441 1514 420 1532 365 1532 334 1514 327 1511 325 1511 323 1511 225 1513 227 1570"/></Shape>
	    <String CONTENT="رمیبايد داشت تا از ظلمات و ضلالت برمند و پروشنال"
                    HPOS="225"
                    VPOS="1511"
                    WIDTH="896"
                    HEIGHT="85"
                    WC="0.921731902907292"></String>
          </TextLine>

          
          
          <TextLine ID="eSc_line_09a8ce1b"
                    TAGREFS="LT4834"
                    BASELINE="229 1668 1125 1659" 
                    HPOS="227"
                    VPOS="1603"
                    WIDTH="898"
                    HEIGHT="95">
            <Shape><Polygon POINTS="229 1668 229 1682 255 1682 260 1684 278 1698 280 1698 281 1698 283 1698 285 1698 332 1684 337 1682 448 1682 488 1696 490 1696 491 1696 493 1696 540 1680 574 1696 575 1696 577 1696 579 1696 581 1696 605 1679 607 1679 665 1696 666 1696 668 1696 670 1696 721 1679 742 1694 743 1694 745 1694 747 1694 827 1675 833 1675 859 1675 871 1686 871 1687 873 1687 875 1687 876 1687 953 1673 959 1673 960 1673 1001 1693 1002 1693 1004 1694 1093 1694 1093 1693 1095 1693 1097 1693 1125 1672 1125 1659 1121 1605 1083 1605 1081 1605 1079 1605 1078 1605 1055 1623 990 1623 978 1610 976 1610 974 1610 973 1610 971 1610 922 1623 908 1610 906 1609 904 1609 903 1609 901 1609 883 1612 861 1616 852 1612 831 1603 829 1603 827 1603 826 1603 824 1603 824 1605 815 1614 805 1624 733 1626 670 1626 661 1617 659 1616 658 1616 656 1616 654 1616 623 1619 582 1624 575 1621 549 1607 547 1607 546 1607 544 1607 512 1623 505 1626 498 1623 462 1607 460 1607 407 1607 406 1607 404 1607 367 1628 365 1628 346 1614 344 1614 343 1614 267 1609 266 1609 264 1609 227 1628 229 1668"/></Shape>
	    <String CONTENT="عالم دين رسند طاعات و عبادات آن باشد که مردان خدا گو"
                    HPOS="227"
                    VPOS="1603"
                    WIDTH="898"
                    HEIGHT="95"
                    WC="0.8941439109028511"></String>
          </TextLine>

          
          
          <TextLine ID="eSc_line_bc8dc537"
                    TAGREFS="LT4834"
                    BASELINE="245 1771 994 1761" 
                    HPOS="243"
                    VPOS="1687"
                    WIDTH="751"
                    HEIGHT="100">
            <Shape><Polygon POINTS="245 1771 245 1787 994 1778 994 1761 987 1721 980 1722 976 1719 945 1689 945 1687 943 1687 941 1687 939 1687 885 1689 883 1689 882 1689 882 1691 855 1715 847 1724 782 1715 780 1715 710 1726 677 1712 675 1712 673 1712 672 1712 670 1712 670 1714 654 1728 602 1728 497 1721 479 1705 476 1701 474 1701 472 1701 470 1701 469 1701 463 1703 432 1719 406 1719 390 1701 388 1701 388 1700 386 1700 385 1700 383 1700 381 1700 378 1701 357 1712 346 1700 343 1698 343 1696 341 1696 339 1696 337 1696 243 1696 245 1771"/></Shape>
	    <String CONTENT="اما در کون نصاد اين شناحت حاصل نمیشود و ممکن"
                    HPOS="243"
                    VPOS="1687"
                    WIDTH="751"
                    HEIGHT="100"
                    WC="0.8674394515427676"></String>
          </TextLine>

          
          
          <TextLine ID="eSc_line_4d97dc9a"
                    TAGREFS="LT4834"
                    BASELINE="236 1859 1130 1854" 
                    HPOS="234"
                    VPOS="1782"
                    WIDTH="896"
                    HEIGHT="110">
            <Shape><Polygon POINTS="236 1859 236 1876 339 1892 341 1892 456 1883 523 1892 525 1892 526 1892 528 1892 528 1890 542 1876 602 1889 603 1889 749 1876 829 1890 831 1890 833 1890 834 1890 859 1875 880 1889 882 1889 883 1889 885 1890 910 1890 910 1889 911 1889 913 1889 913 1887 927 1875 964 1889 966 1889 967 1890 1050 1890 1050 1889 1051 1889 1053 1889 1074 1873 1130 1871 1130 1854 1128 1808 1109 1791 1109 1789 1107 1789 1106 1789 1104 1789 1102 1789 1048 1805 1025 1789 1023 1789 1022 1789 1020 1789 1018 1789 1016 1789 1016 1791 999 1806 995 1812 950 1812 941 1805 911 1782 910 1782 908 1782 906 1782 854 1791 833 1782 831 1782 829 1782 827 1782 826 1782 794 1801 777 1813 724 1813 705 1799 682 1784 680 1784 679 1784 677 1784 675 1784 673 1784 651 1799 630 1813 546 1813 521 1796 507 1785 505 1785 504 1785 469 1785 467 1785 465 1785 441 1794 388 1815 346 1815 316 1792 309 1785 308 1785 306 1785 304 1785 234 1789 236 1859"/></Shape>
	    <String CONTENT=" حاصل شدن زيرا که کون تضاد فرست و در کفر مطلب برآورده"
                    HPOS="234"
                    VPOS="1782"
                    WIDTH="896"
                    HEIGHT="110"
                    WC="0.8873310425767192"></String>
          </TextLine>

          
        </TextBlock>
        
        <TextBlock HPOS="593"
                   VPOS="160"
                   WIDTH="124"
                   HEIGHT="83"
                   ID="eSc_textblock_a8d40038"
                   TAGREFS="BT16059">
          <Shape><Polygon POINTS="621 160 703 181 717 229 614 243 593 188 621 160"/></Shape>
          
          
          <TextLine ID="eSc_line_fe7bfd54"
                    TAGREFS="LT4834"
                    BASELINE="626 208 686 211" 
                    HPOS="624"
                    VPOS="171"
                    WIDTH="62"
                    HEIGHT="59">
            <Shape><Polygon POINTS="680 174 663 171 626 171 626 208 624 223 682 230 686 211 686 176 680 174"/></Shape>
	    <String CONTENT=""
                    HPOS="624"
                    VPOS="171"
                    WIDTH="62"
                    HEIGHT="59"></String>
          </TextLine>

          
        </TextBlock>
        
        <TextBlock HPOS="140"
                   VPOS="1035"
                   WIDTH="47"
                   HEIGHT="89"
                   ID="eSc_textblock_8a4dfc08"
                   TAGREFS="BT16062">
          <Shape><Polygon POINTS="154 1035 187 1063 187 1124 140 1089 154 1035"/></Shape>
          
          
          <TextLine ID="eSc_line_4bc1fe39"
                    TAGREFS="LT4834"
                    BASELINE="141 1084 169 1089" 
                    HPOS="134"
                    VPOS="1063"
                    WIDTH="37"
                    HEIGHT="63">
            <Shape><Polygon POINTS="143 1072 141 1084 134 1119 159 1126 169 1089 171 1068 150 1063 143 1072"/></Shape>
	    <String CONTENT=""
                    HPOS="134"
                    VPOS="1063"
                    WIDTH="37"
                    HEIGHT="63"></String>
          </TextLine>

          
        </TextBlock>
        
        <TextBlock HPOS="621"
                   VPOS="1924"
                   WIDTH="96"
                   HEIGHT="61"
                   ID="eSc_textblock_90f7c40b"
                   TAGREFS="BT16061">
          <Shape><Polygon POINTS="649 1924 703 1931 717 1985 635 1985 621 1945 649 1924"/></Shape>
          
          
          <TextLine ID="eSc_line_10128477"
                    TAGREFS="LT4834"
                    BASELINE="638 1966 700 1960" 
                    HPOS="635"
                    VPOS="1929"
                    WIDTH="65"
                    HEIGHT="58">
            <Shape><Polygon POINTS="635 1931 638 1966 638 1987 700 1974 700 1960 696 1936 638 1929 635 1931"/></Shape>
	    <String CONTENT=""
                    HPOS="635"
                    VPOS="1929"
                    WIDTH="65"
                    HEIGHT="58"></String>
          </TextLine>

          
        </TextBlock>
        

        
      </PrintSpace>
    </Page>
  </Layout>
</alto>
