<?xml version="1.0" encoding="UTF-8"?>
<alto xmlns:xsi="http://www.w3.org/2001/XMLSchema-instance"
      xmlns="http://www.loc.gov/standards/alto/ns-v4#"
      xsi:schemaLocation="http://www.loc.gov/standards/alto/ns-v4# http://www.loc.gov/standards/alto/v4/alto-4-2.xsd">
  <Description>
    <MeasurementUnit>pixel</MeasurementUnit>
    <sourceImageInformation>
      <fileName>TwoIsmailiTreatises038.jpg</fileName>
      
    </sourceImageInformation>
  </Description>
  
  <Tags>
    <OtherTag ID="BT16074" LABEL="MarginTextZone:commentary" DESCRIPTION="block type MarginTextZone:commentary"/><OtherTag ID="BT16073" LABEL="MarginTextZone:note#1" DESCRIPTION="block type MarginTextZone:note#1"/><OtherTag ID="BT16072" LABEL="MainZone:column#2" DESCRIPTION="block type MainZone:column#2"/><OtherTag ID="BT16071" LABEL="MainZone:column#3" DESCRIPTION="block type MainZone:column#3"/><OtherTag ID="BT16070" LABEL="GraphicZone:illustration" DESCRIPTION="block type GraphicZone:illustration"/><OtherTag ID="BT16069" LABEL="MainZone:column#1" DESCRIPTION="block type MainZone:column#1"/><OtherTag ID="BT16068" LABEL="MarginTextZone:note#2" DESCRIPTION="block type MarginTextZone:note#2"/><OtherTag ID="BT16067" LABEL="CustomZone:publication" DESCRIPTION="block type CustomZone:publication"/><OtherTag ID="BT16066" LABEL="RunningTitleZone" DESCRIPTION="block type RunningTitleZone"/><OtherTag ID="BT16065" LABEL="NumberingZone" DESCRIPTION="block type NumberingZone"/><OtherTag ID="BT16064" LABEL="default" DESCRIPTION="block type default"/><OtherTag ID="BT16063" LABEL="TitlePageZone" DESCRIPTION="block type TitlePageZone"/><OtherTag ID="BT16062" LABEL="NumberingZone:other" DESCRIPTION="block type NumberingZone:other"/><OtherTag ID="BT16061" LABEL="QuireMarksZone:catchwords" DESCRIPTION="block type QuireMarksZone:catchwords"/><OtherTag ID="BT16060" LABEL="MainZone" DESCRIPTION="block type MainZone"/><OtherTag ID="BT16059" LABEL="NumberingZone:page" DESCRIPTION="block type NumberingZone:page"/><OtherTag ID="BT16058" LABEL="MarginTextZone:note" DESCRIPTION="block type MarginTextZone:note"/><OtherTag ID="BT16057" LABEL="DigitizationArtefactZone" DESCRIPTION="block type DigitizationArtefactZone"/><OtherTag ID="BT4" LABEL="Illustration" DESCRIPTION="block type Illustration"/><OtherTag ID="BT3" LABEL="Commentary" DESCRIPTION="block type Commentary"/><OtherTag ID="BT2" LABEL="Main" DESCRIPTION="block type Main"/><OtherTag ID="BT1" LABEL="Title" DESCRIPTION="block type Title"/>
    <OtherTag ID="LT4834" LABEL="DefaultLine" DESCRIPTION="line type DefaultLine"/><OtherTag ID="LT4835" LABEL="HeadingLine:title" DESCRIPTION="line type HeadingLine:title"/>
  </Tags>
  
  <Layout>
    <Page WIDTH="1605"
          HEIGHT="2347"
          PHYSICAL_IMG_NR="34"
          ID="eSc_dummypage_">
      <PrintSpace HPOS="0"
                  VPOS="0"
                  WIDTH="1605"
                  HEIGHT="2347">
        
        <TextBlock HPOS="375"
                   VPOS="312"
                   WIDTH="1141"
                   HEIGHT="1594"
                   ID="eSc_textblock_6e35e6af"
                   TAGREFS="BT16060">
          <Shape><Polygon POINTS="469 312 1368 312 1509 344 1516 1695 1469 1799 1469 1906 407 1906 375 1195 383 359 399 328 469 312"/></Shape>
          
          
          <TextLine ID="eSc_line_3be64155"
                    TAGREFS="LT4834"
                    BASELINE="387 408 1466 400" 
                    HPOS="385"
                    VPOS="338"
                    WIDTH="1081"
                    HEIGHT="100">
            <Shape><Polygon POINTS="387 408 387 428 542 438 544 438 546 438 548 438 561 426 567 422 575 426 598 438 600 438 602 438 667 428 769 436 771 436 773 436 806 422 808 422 814 422 869 432 871 432 941 420 957 418 964 420 996 432 998 432 1000 432 1060 418 1062 418 1064 418 1076 430 1076 432 1078 432 1080 432 1082 434 1117 434 1117 432 1195 416 1199 416 1219 432 1221 432 1223 432 1225 432 1227 432 1264 416 1334 426 1336 426 1381 416 1397 430 1397 432 1399 432 1401 432 1403 434 1430 434 1430 432 1432 432 1466 412 1466 400 1462 338 1432 338 1430 338 1428 338 1374 369 1237 369 1217 350 1217 348 1215 348 1213 348 1211 348 1209 348 1192 354 1182 346 1178 342 1178 340 1176 340 1174 340 1172 340 1141 344 1139 344 1137 344 1137 346 1135 346 1109 369 1025 359 1023 359 917 371 892 355 890 355 888 355 886 355 884 355 882 355 882 357 865 373 802 373 784 355 771 344 771 342 769 342 767 342 765 342 763 342 726 357 706 342 704 342 702 342 667 342 665 342 663 342 661 342 638 359 622 373 604 361 579 344 577 344 575 344 573 344 571 344 528 361 504 344 503 344 501 344 418 344 416 344 414 344 412 344 385 361 387 408"/></Shape>
	    <String CONTENT=" و گويند شرا با طهور خورند خداوند تعالى درانجاشما را ساقی"
                    HPOS="385"
                    VPOS="338"
                    WIDTH="1081"
                    HEIGHT="100"
                    WC="0.8839578330516815"></String>
          </TextLine>

          
          
          <TextLine ID="eSc_line_28efbbe8"
                    TAGREFS="LT4834"
                    BASELINE="393 524 1471 514" 
                    HPOS="391"
                    VPOS="447"
                    WIDTH="1080"
                    HEIGHT="112">
            <Shape><Polygon POINTS="393 524 393 549 440 559 442 559 444 559 446 559 458 549 467 541 510 547 546 553 548 553 550 553 551 553 559 547 569 539 659 539 669 545 677 553 679 553 681 553 683 553 712 547 737 557 739 557 741 557 798 543 816 539 824 543 845 553 847 553 849 553 908 543 919 553 919 555 921 555 923 555 925 557 974 557 974 555 976 555 978 555 996 541 1015 555 1017 555 1019 555 1021 555 1172 537 1193 535 1207 537 1293 551 1295 551 1297 551 1336 535 1340 533 1342 535 1370 545 1372 545 1374 545 1471 531 1471 514 1462 447 1421 477 1385 465 1383 465 1381 465 1379 465 1342 479 1299 455 1284 447 1282 447 1280 447 1278 447 1276 447 1276 449 1268 457 1237 488 1150 488 1125 463 1121 461 1121 459 1119 459 1117 459 1115 459 1113 459 1103 463 1062 487 998 473 996 473 994 473 992 473 992 475 976 490 906 490 890 473 867 451 867 449 865 449 863 449 861 449 651 451 649 451 647 451 608 487 606 488 602 487 563 467 561 467 559 467 557 467 508 490 504 492 504 490 477 465 477 463 475 463 473 463 471 463 469 463 467 463 467 465 434 492 434 494 391 494 393 524"/></Shape>
	    <String CONTENT="که قوله نعالی و سفاهم ربهم شرا با طهورا باندايها اميد"
                    HPOS="391"
                    VPOS="447"
                    WIDTH="1080"
                    HEIGHT="112"
                    WC="0.8575296030854279"></String>
          </TextLine>

          
          
          <TextLine ID="eSc_line_701ad1cb"
                    TAGREFS="LT4834"
                    BASELINE="393 635 1460 621" 
                    HPOS="391"
                    VPOS="547"
                    WIDTH="1069"
                    HEIGHT="121">
            <Shape><Polygon POINTS="393 635 393 649 469 666 471 666 473 666 475 666 499 651 532 668 534 668 536 668 538 668 540 668 540 666 555 653 679 666 681 666 683 666 685 666 685 664 702 647 843 659 845 659 847 659 884 645 908 663 910 663 912 663 914 664 970 664 970 663 972 663 974 663 974 661 986 651 1062 661 1064 661 1066 661 1068 661 1068 659 1086 643 1221 659 1223 659 1460 635 1460 621 1456 547 1426 547 1424 547 1422 547 1421 547 1421 549 1387 580 1336 576 1315 553 1313 553 1313 551 1311 551 1309 551 1307 551 1305 551 1303 551 1301 553 1289 563 1278 555 1272 549 1270 549 1268 549 1207 549 1205 549 1203 549 1201 549 1190 559 1180 565 1154 561 1094 551 1092 551 1090 551 1088 551 1074 565 1058 578 1008 584 988 571 986 571 984 571 982 571 980 571 978 571 961 586 916 576 914 576 769 588 759 580 741 563 741 561 739 561 737 561 735 561 733 561 732 561 702 582 690 590 679 582 651 569 649 569 647 569 645 569 643 569 643 571 628 586 624 590 585 590 583 588 551 559 551 557 550 557 548 557 546 557 426 559 424 559 422 559 422 561 391 590 393 635"/></Shape>
	    <String CONTENT="می کنند که اگر بگوشند بگر بخدای برسند بعضی محقان گفته اند که"
                    HPOS="391"
                    VPOS="547"
                    WIDTH="1069"
                    HEIGHT="121"
                    WC="0.8630614846944809"></String>
          </TextLine>

          
          
          <TextLine ID="eSc_line_28f12e91"
                    TAGREFS="LT4834"
                    BASELINE="395 739 1475 739" 
                    HPOS="395"
                    VPOS="663"
                    WIDTH="1080"
                    HEIGHT="113">
            <Shape><Polygon POINTS="395 739 395 754 436 774 438 774 440 774 442 774 487 762 506 774 508 774 510 774 512 776 565 776 565 774 567 774 569 774 583 762 596 774 598 774 600 774 602 776 726 776 726 774 728 774 730 774 730 772 745 760 786 768 788 768 790 768 820 756 861 774 863 774 865 774 867 774 904 758 943 768 945 768 947 768 949 768 951 768 966 756 1041 756 1058 772 1058 774 1060 774 1062 774 1064 774 1366 756 1413 772 1415 772 1417 772 1419 772 1421 772 1421 770 1436 756 1475 756 1475 739 1471 663 1426 674 1415 664 1415 663 1413 663 1411 663 1305 663 1303 663 1301 663 1299 663 1250 702 1129 692 1127 692 1047 702 1031 692 1029 692 1027 692 1025 692 1023 692 998 702 980 686 980 684 978 684 976 684 974 684 972 684 959 688 908 663 906 663 904 663 902 663 900 663 898 663 898 664 874 688 788 702 735 663 733 663 732 663 702 663 700 663 698 663 696 663 696 664 657 704 579 704 559 690 557 690 555 690 553 690 551 690 522 702 463 663 461 663 459 663 458 663 395 663 395 739"/></Shape>
	    <String CONTENT="اگر شما گناه کنيد و در خواهيد افتاد تا کرد جهان بگرديد و پجاهز"
                    HPOS="395"
                    VPOS="663"
                    WIDTH="1080"
                    HEIGHT="113"
                    WC="0.8797531493248478"></String>
          </TextLine>

          
          
          <TextLine ID="eSc_line_05e8f23b"
                    TAGREFS="LT4834"
                    BASELINE="395 860 1395 846 1467 852" 
                    HPOS="393"
                    VPOS="770"
                    WIDTH="1074"
                    HEIGHT="117">
            <Shape><Polygon POINTS="395 860 395 887 495 887 497 887 499 887 508 880 520 887 522 887 524 887 526 887 663 885 665 885 667 885 669 884 692 870 804 878 806 878 935 868 964 876 984 882 986 882 988 882 990 882 1017 874 1051 866 1105 872 1156 878 1158 878 1160 878 1188 870 1203 866 1213 870 1235 878 1237 878 1238 878 1303 868 1336 862 1464 862 1467 852 1464 797 1426 797 1424 797 1395 772 1395 770 1393 770 1391 770 1366 770 1364 770 1362 770 1360 770 1360 772 1334 796 1299 772 1297 772 1295 772 1293 772 1291 772 1289 772 1252 797 1248 801 1119 801 1115 797 1092 776 1092 774 1090 774 1088 774 1017 774 1015 774 1013 774 1011 774 1000 784 961 776 959 776 957 776 955 776 917 799 910 803 900 799 847 776 845 776 843 776 796 778 794 778 792 778 765 799 757 807 733 807 726 799 708 784 706 784 704 784 702 784 700 784 698 784 681 799 673 807 649 807 642 799 622 782 622 780 620 780 618 780 616 780 512 788 510 788 508 788 508 790 495 801 487 809 465 801 422 786 420 786 418 786 416 786 393 797 395 860"/></Shape>
	    <String CONTENT="مانيد که در كلام فرموده تعرج الملائکة والروح إليه في يوم"
                    HPOS="393"
                    VPOS="770"
                    WIDTH="1074"
                    HEIGHT="117"
                    WC="0.9052840753875929"></String>
          </TextLine>

          
          
          <TextLine ID="eSc_line_5f575d8c"
                    TAGREFS="LT4834"
                    BASELINE="403 968 794 956 1481 956" 
                    HPOS="401"
                    VPOS="887"
                    WIDTH="1080"
                    HEIGHT="106">
            <Shape><Polygon POINTS="403 968 403 993 463 993 463 991 465 991 467 991 491 972 555 987 569 991 571 991 573 991 595 987 669 970 827 981 851 981 853 981 865 979 900 972 914 977 925 983 927 983 929 983 961 977 986 972 992 975 1004 985 1006 985 1008 985 1107 987 1109 987 1111 987 1162 972 1174 968 1176 972 1193 985 1193 987 1195 987 1197 987 1199 987 1201 987 1203 987 1227 970 1233 966 1256 970 1358 985 1360 985 1481 962 1481 956 1477 887 1432 895 1430 895 1428 895 1428 897 1409 915 1266 915 1235 895 1229 889 1227 889 1225 889 1223 889 1221 889 1219 889 1211 895 1176 917 1072 917 1056 901 1047 891 1047 889 1045 889 1043 889 935 889 933 889 931 889 929 889 908 905 898 913 888 905 876 895 874 895 872 895 871 895 869 895 843 907 800 891 798 891 796 891 698 911 673 891 671 891 669 891 667 891 634 893 632 893 630 893 608 911 567 903 565 903 563 903 561 903 561 905 546 917 546 919 542 917 477 895 475 895 473 895 471 895 401 921 403 968"/></Shape>
	    <String CONTENT="کان مقداره خمسين الف سنة و بهفتاد بر ارسال هم"
                    HPOS="401"
                    VPOS="887"
                    WIDTH="1080"
                    HEIGHT="106"
                    WC="0.9422817627588908"></String>
          </TextLine>

          
          
          <TextLine ID="eSc_line_703e1698"
                    TAGREFS="LT4834"
                    BASELINE="403 1075 1469 1058" 
                    HPOS="401"
                    VPOS="981"
                    WIDTH="1068"
                    HEIGHT="120">
            <Shape><Polygon POINTS="403 1075 403 1085 434 1101 436 1101 438 1101 520 1087 534 1099 534 1101 536 1101 538 1101 540 1101 542 1101 544 1101 567 1083 642 1095 643 1095 645 1095 675 1081 712 1095 714 1095 716 1095 718 1095 771 1079 798 1099 800 1099 802 1099 804 1101 849 1101 849 1099 851 1099 853 1099 878 1077 908 1097 910 1097 912 1097 914 1097 916 1097 947 1087 992 1097 994 1097 1025 1095 1027 1095 1029 1095 1029 1093 1049 1075 1103 1075 1123 1091 1125 1091 1127 1091 1129 1091 1131 1091 1133 1091 1156 1073 1180 1091 1182 1091 1184 1091 1186 1091 1188 1091 1231 1079 1348 1091 1350 1091 1469 1065 1469 1058 1462 981 1348 1020 1313 989 1307 983 1305 983 1303 983 1301 983 1299 983 1297 983 1289 989 1246 1022 1197 1022 1146 997 1133 991 1131 991 1129 991 1127 991 1125 991 1115 999 1084 1026 990 1026 949 1009 931 1001 929 1001 927 1001 925 1001 906 1011 871 1030 827 1030 814 1015 790 993 790 991 788 991 786 991 784 991 636 993 634 993 632 993 632 995 612 1013 581 995 579 995 577 995 575 995 573 995 571 995 571 997 536 1030 532 1034 495 1034 491 1032 471 1017 469 1017 467 1017 465 1017 463 1017 401 1036 403 1075"/></Shape>
	    <String CONTENT="گفته اند که شما را موش و خرس و خوک کنند البيه آن"
                    HPOS="401"
                    VPOS="981"
                    WIDTH="1068"
                    HEIGHT="120"
                    WC="0.9124952335746921"></String>
          </TextLine>

          
          
          <TextLine ID="eSc_line_16165fe5"
                    TAGREFS="LT4834"
                    BASELINE="385 1163 1481 1169" 
                    HPOS="383"
                    VPOS="1107"
                    WIDTH="1098"
                    HEIGHT="93">
            <Shape><Polygon POINTS="385 1163 383 1179 485 1195 487 1195 559 1181 567 1179 573 1181 610 1195 612 1195 614 1195 616 1195 618 1195 642 1181 655 1193 655 1195 657 1195 659 1195 661 1195 735 1187 745 1195 745 1196 747 1196 749 1196 751 1196 753 1196 782 1181 784 1181 810 1181 827 1195 827 1196 829 1196 831 1196 833 1196 835 1196 886 1181 888 1181 925 1196 927 1196 929 1196 1094 1181 1105 1181 1107 1181 1141 1198 1143 1198 1145 1198 1146 1198 1182 1185 1213 1193 1215 1193 1217 1193 1272 1183 1291 1198 1293 1198 1295 1198 1297 1200 1338 1200 1338 1198 1340 1198 1342 1198 1342 1196 1358 1183 1479 1183 1481 1169 1481 1134 1446 1110 1444 1110 1442 1110 1440 1110 1438 1110 1436 1110 1409 1136 1374 1136 1348 1112 1348 1110 1346 1110 1344 1110 1342 1110 1340 1110 1307 1122 1291 1110 1289 1110 1287 1110 1285 1110 1284 1110 1242 1128 1225 1112 1223 1112 1221 1112 1219 1112 1217 1112 1162 1130 1117 1110 1115 1110 1113 1110 1111 1110 1072 1128 1054 1112 1054 1110 1053 1110 1051 1110 1049 1110 1047 1110 1015 1122 994 1108 992 1108 990 1108 988 1108 986 1108 984 1108 947 1130 945 1132 941 1130 910 1120 908 1120 906 1120 861 1130 851 1132 849 1130 829 1110 829 1108 827 1108 825 1108 749 1107 706 1107 704 1107 702 1107 669 1124 653 1112 651 1112 649 1112 647 1112 645 1112 643 1112 624 1128 620 1132 559 1132 555 1126 544 1118 544 1116 542 1116 540 1116 538 1116 536 1116 514 1126 506 1130 503 1126 479 1108 477 1108 475 1108 473 1108 471 1108 469 1108 469 1110 452 1126 446 1130 385 1126 385 1163"/></Shape>
	    <String CONTENT="وفت اين صور تها بصاحبان انه نيكونخواهد نمود باز در جب"
                    HPOS="383"
                    VPOS="1107"
                    WIDTH="1098"
                    HEIGHT="93"
                    WC="0.9111504695325527"></String>
          </TextLine>

          
          
          <TextLine ID="eSc_line_5339417c"
                    TAGREFS="LT4834"
                    BASELINE="399 1273 1481 1269" 
                    HPOS="397"
                    VPOS="1198"
                    WIDTH="1084"
                    HEIGHT="104">
            <Shape><Polygon POINTS="399 1273 399 1286 616 1300 618 1300 620 1300 622 1300 640 1288 673 1298 675 1298 677 1298 679 1298 681 1298 696 1284 698 1284 747 1284 763 1298 763 1300 765 1300 767 1300 769 1302 829 1302 829 1300 831 1300 833 1300 833 1298 849 1284 894 1292 896 1292 1013 1283 1023 1283 1025 1283 1043 1296 1045 1296 1047 1296 1049 1296 1051 1296 1053 1296 1053 1294 1066 1283 1111 1294 1113 1294 1115 1294 1117 1294 1119 1294 1137 1283 1139 1283 1172 1283 1217 1283 1244 1294 1246 1294 1248 1294 1374 1288 1421 1298 1422 1298 1424 1298 1481 1279 1481 1269 1473 1210 1417 1226 1379 1216 1377 1216 1375 1216 1374 1216 1372 1216 1356 1230 1315 1218 1313 1218 1311 1218 1309 1218 1274 1230 1258 1214 1242 1200 1242 1198 1240 1198 1238 1198 1237 1198 1184 1210 1150 1198 1148 1198 1146 1198 1105 1206 1103 1206 1101 1206 1101 1208 1090 1218 1076 1232 994 1232 984 1222 972 1212 972 1210 970 1210 968 1210 966 1210 964 1210 963 1210 947 1222 931 1234 890 1234 874 1224 857 1212 855 1212 853 1212 851 1212 849 1212 847 1212 829 1224 816 1234 777 1234 765 1226 749 1218 747 1218 745 1218 702 1220 669 1200 667 1200 665 1200 663 1200 661 1200 604 1222 585 1202 585 1200 583 1200 581 1200 487 1200 485 1200 483 1200 397 1232 399 1273"/></Shape>
	    <String CONTENT="ن صور بهاآنها را تبر سانند و اميدوارشان هم بکنند"
                    HPOS="397"
                    VPOS="1198"
                    WIDTH="1084"
                    HEIGHT="104"
                    WC="0.9060019972373028"></String>
          </TextLine>

          
          
          <TextLine ID="eSc_line_fe44502a"
                    TAGREFS="LT4834"
                    BASELINE="411 1378 1483 1382" 
                    HPOS="409"
                    VPOS="1314"
                    WIDTH="1074"
                    HEIGHT="96">
            <Shape><Polygon POINTS="411 1378 409 1392 426 1406 428 1406 430 1406 432 1406 434 1406 479 1392 512 1406 514 1406 516 1406 598 1392 620 1406 622 1406 624 1406 626 1406 628 1406 681 1392 855 1392 869 1404 871 1404 872 1404 947 1408 949 1408 951 1408 980 1396 1103 1404 1105 1404 1107 1404 1109 1404 1109 1402 1117 1394 1146 1408 1148 1408 1150 1410 1264 1410 1264 1408 1266 1408 1291 1394 1409 1408 1411 1408 1481 1392 1483 1382 1481 1322 1387 1337 1342 1322 1332 1320 1330 1320 1329 1320 1327 1320 1317 1324 1285 1335 1272 1324 1264 1316 1262 1316 1260 1316 1192 1316 1190 1316 1188 1316 1186 1316 1186 1318 1176 1326 1172 1329 1160 1326 1143 1318 1141 1318 1139 1318 1137 1318 1135 1318 1125 1326 1115 1333 1000 1337 990 1329 990 1328 988 1328 986 1328 984 1328 982 1328 980 1328 964 1337 947 1328 919 1314 917 1314 916 1314 914 1314 886 1328 880 1331 871 1329 822 1314 820 1314 818 1314 816 1314 814 1314 796 1329 790 1335 777 1329 757 1322 755 1322 753 1322 751 1322 749 1322 749 1324 741 1329 735 1337 708 1337 696 1331 665 1316 663 1316 661 1316 659 1316 657 1316 632 1331 624 1335 608 1331 538 1314 536 1314 534 1314 532 1314 530 1314 530 1316 514 1331 489 1318 487 1318 485 1318 483 1318 481 1318 461 1333 458 1335 411 1335 411 1378"/></Shape>
	    <String CONTENT="آندفت هم اگر طاعت داريد بجوار رحمت خدای تعالی خواهيد"
                    HPOS="409"
                    VPOS="1314"
                    WIDTH="1074"
                    HEIGHT="96"
                    WC="0.89965543094671"></String>
          </TextLine>

          
          
          <TextLine ID="eSc_line_dc353e02"
                    TAGREFS="LT4834"
                    BASELINE="405 1482 1475 1476" 
                    HPOS="403"
                    VPOS="1416"
                    WIDTH="1072"
                    HEIGHT="91">
            <Shape><Polygon POINTS="405 1482 405 1492 688 1507 690 1507 692 1507 733 1496 755 1504 757 1504 759 1504 761 1504 763 1504 763 1502 775 1490 777 1490 780 1490 880 1505 882 1505 980 1490 998 1502 1000 1502 1002 1502 1004 1504 1137 1504 1137 1502 1139 1502 1141 1502 1141 1500 1154 1488 1195 1504 1197 1504 1199 1504 1201 1504 1242 1490 1268 1500 1270 1500 1272 1500 1274 1500 1276 1500 1276 1498 1287 1488 1375 1504 1377 1504 1379 1504 1381 1504 1381 1502 1393 1492 1454 1498 1456 1498 1458 1498 1460 1498 1475 1486 1475 1476 1471 1419 1454 1417 1452 1417 1450 1417 1448 1417 1448 1419 1422 1443 1325 1443 1301 1421 1295 1416 1293 1416 1291 1416 1235 1416 1233 1416 1231 1416 1229 1416 1229 1417 1221 1423 1211 1433 1197 1425 1190 1419 1188 1419 1186 1419 1184 1419 1182 1419 1160 1425 1098 1445 1053 1445 1037 1427 1031 1423 1031 1421 1029 1421 1027 1421 1025 1421 1023 1421 1021 1421 1021 1423 1013 1429 998 1445 974 1445 943 1429 912 1417 910 1417 843 1417 841 1417 839 1417 837 1417 818 1433 808 1441 796 1433 794 1431 792 1431 790 1431 788 1431 786 1431 779 1433 755 1443 718 1435 671 1425 669 1425 667 1425 665 1425 647 1437 634 1445 618 1437 579 1419 577 1419 575 1419 573 1419 571 1419 544 1437 403 1441 405 1482"/></Shape>
	    <String CONTENT="رسيد واگر طاعت نداريد در درگ پنجاه هزارسال بماييد"
                    HPOS="403"
                    VPOS="1416"
                    WIDTH="1072"
                    HEIGHT="91"
                    WC="0.9089538412434714"></String>
          </TextLine>

          
          
          <TextLine ID="eSc_line_74b5a27c"
                    TAGREFS="LT4834"
                    BASELINE="424 1599 804 1586 1477 1588" 
                    HPOS="422"
                    VPOS="1500"
                    WIDTH="1055"
                    HEIGHT="119">
            <Shape><Polygon POINTS="424 1599 424 1619 506 1617 508 1617 553 1599 573 1617 575 1617 577 1617 579 1617 581 1617 620 1599 724 1597 761 1613 763 1613 765 1613 824 1611 825 1611 827 1611 827 1609 841 1597 896 1609 898 1609 900 1609 931 1599 959 1611 966 1615 968 1615 970 1617 1011 1617 1011 1615 1013 1615 1015 1615 1015 1613 1019 1611 1033 1595 1064 1611 1066 1611 1068 1611 1070 1611 1072 1611 1076 1609 1123 1595 1137 1609 1141 1611 1141 1613 1143 1613 1145 1613 1146 1613 1148 1613 1156 1609 1178 1597 1205 1607 1219 1613 1221 1613 1223 1613 1254 1607 1325 1594 1354 1605 1366 1611 1368 1611 1370 1613 1426 1613 1426 1611 1428 1611 1430 1611 1430 1609 1436 1605 1444 1597 1473 1603 1477 1588 1475 1537 1430 1537 1395 1502 1395 1500 1393 1500 1391 1500 1366 1500 1364 1500 1362 1500 1360 1500 1360 1502 1321 1537 1266 1502 1264 1502 1262 1502 1238 1502 1237 1502 1235 1502 1233 1502 1233 1504 1195 1539 1158 1539 1117 1504 1115 1504 1113 1504 1111 1504 1109 1504 1107 1504 1107 1505 1074 1539 1039 1539 1021 1539 929 1504 927 1504 925 1504 923 1504 882 1515 796 1504 794 1504 792 1504 743 1517 741 1517 741 1519 716 1541 714 1541 636 1539 587 1505 585 1505 583 1505 489 1505 487 1505 485 1505 483 1505 483 1507 444 1543 422 1543 424 1599"/></Shape>
	    <String CONTENT="و فرياد کنيد که پاکيستنی کنت تر آبات و در آنجا میکس"
                    HPOS="422"
                    VPOS="1500"
                    WIDTH="1055"
                    HEIGHT="119"
                    WC="0.8288645367577391"></String>
          </TextLine>

          
          
          <TextLine ID="eSc_line_1e0b8899"
                    TAGREFS="LT4834"
                    BASELINE="412 1693 1483 1685" 
                    HPOS="411"
                    VPOS="1611"
                    WIDTH="1072"
                    HEIGHT="112">
            <Shape><Polygon POINTS="412 1693 412 1723 479 1723 479 1721 481 1721 483 1721 501 1707 630 1719 642 1719 643 1719 645 1719 647 1719 655 1713 663 1719 665 1721 667 1721 669 1721 671 1721 728 1719 730 1719 732 1719 732 1717 733 1717 743 1705 951 1703 976 1713 978 1713 980 1713 982 1713 1043 1703 1056 1713 1062 1717 1064 1717 1066 1717 1068 1717 1123 1711 1217 1701 1231 1709 1235 1713 1237 1713 1238 1713 1240 1713 1272 1709 1330 1701 1352 1707 1374 1715 1375 1715 1377 1715 1481 1705 1483 1685 1479 1642 1391 1640 1362 1613 1362 1611 1360 1611 1358 1611 1356 1611 1354 1611 1311 1625 1268 1619 1266 1619 1264 1619 1262 1619 1262 1621 1240 1642 1129 1642 1088 1611 1086 1611 1084 1611 988 1611 986 1611 931 1619 929 1619 927 1619 927 1621 900 1644 869 1642 827 1613 825 1613 824 1613 773 1613 771 1613 769 1613 767 1613 732 1638 681 1613 679 1613 677 1613 596 1615 595 1615 593 1615 553 1646 495 1638 493 1638 411 1648 412 1693"/></Shape>
	    <String CONTENT="به فرياد شماها نرسد و خدا پرستی آناست که عزيزی گفته فرد"
                    HPOS="411"
                    VPOS="1611"
                    WIDTH="1072"
                    HEIGHT="112"
                    WC="0.9262849975909505"></String>
          </TextLine>

          
          
          <TextLine ID="eSc_line_697e47bd"
                    TAGREFS="LT4834"
                    BASELINE="638 1779 1256 1783" 
                    HPOS="636"
                    VPOS="1717"
                    WIDTH="620"
                    HEIGHT="98">
            <Shape><Polygon POINTS="638 1779 636 1789 659 1799 661 1799 663 1799 737 1791 788 1811 790 1811 792 1811 794 1811 857 1791 923 1791 976 1813 978 1813 980 1813 982 1813 1053 1795 1076 1813 1078 1813 1080 1813 1082 1815 1139 1815 1139 1813 1141 1813 1143 1813 1174 1793 1188 1805 1190 1805 1192 1805 1193 1805 1254 1791 1256 1783 1254 1738 1182 1734 1160 1719 1158 1719 1156 1719 1096 1719 1094 1719 1092 1719 1090 1719 1068 1736 1066 1736 1039 1736 1027 1736 1011 1721 1011 1719 1009 1719 1008 1719 1006 1719 1004 1719 959 1732 939 1719 937 1719 935 1719 933 1719 931 1719 929 1719 916 1730 898 1717 896 1717 894 1717 892 1717 890 1717 851 1734 851 1736 780 1736 779 1734 761 1721 759 1721 757 1721 755 1721 753 1721 751 1721 730 1734 728 1734 702 1725 700 1725 698 1725 638 1732 638 1779"/></Shape>
	    <String CONTENT="دو قدم يش نيست تا در دوست"
                    HPOS="636"
                    VPOS="1717"
                    WIDTH="620"
                    HEIGHT="98"
                    WC="0.9119000279903412"></String>
          </TextLine>

          
          
          <TextLine ID="eSc_line_50d61373"
                    TAGREFS="LT4834"
                    BASELINE="645 1893 1244 1883" 
                    HPOS="643"
                    VPOS="1815"
                    WIDTH="601"
                    HEIGHT="95">
            <Shape><Polygon POINTS="645 1893 647 1910 696 1899 743 1908 763 1910 765 1910 767 1910 775 1906 790 1899 839 1904 853 1904 855 1904 857 1904 863 1903 886 1895 986 1895 990 1899 998 1904 998 1906 1000 1906 1002 1906 1004 1906 1053 1897 1070 1893 1158 1893 1172 1903 1174 1903 1176 1903 1178 1903 1180 1903 1182 1903 1199 1891 1217 1903 1219 1903 1221 1903 1223 1903 1225 1903 1227 1903 1244 1891 1244 1883 1237 1815 1182 1834 1092 1822 1049 1816 1047 1816 1045 1816 1043 1816 1033 1824 1025 1832 1017 1826 1008 1818 1008 1816 1006 1816 1004 1816 1002 1816 1000 1816 998 1816 984 1828 970 1838 921 1830 898 1828 896 1828 894 1828 892 1828 886 1832 872 1842 845 1842 839 1836 824 1822 824 1820 822 1820 820 1820 818 1820 735 1840 685 1822 683 1822 681 1822 679 1822 677 1822 643 1840 645 1893"/></Shape>
	    <String CONTENT="تو در اول قدم همی مالی"
                    HPOS="643"
                    VPOS="1815"
                    WIDTH="601"
                    HEIGHT="95"
                    WC="0.9289397624405947"></String>
          </TextLine>

          
        </TextBlock>
        
        <TextBlock HPOS="829"
                   VPOS="203"
                   WIDTH="171"
                   HEIGHT="100"
                   ID="eSc_textblock_9f950b5c"
                   TAGREFS="BT16059">
          <Shape><Polygon POINTS="892 203 1000 211 1000 287 845 303 829 242 892 203"/></Shape>
          
          
          <TextLine ID="eSc_line_a66d408c"
                    TAGREFS="LT4834"
                    BASELINE="865 269 959 265" 
                    HPOS="861"
                    VPOS="226"
                    WIDTH="98"
                    HEIGHT="67">
            <Shape><Polygon POINTS="865 269 865 293 959 285 959 265 953 226 861 228 865 269"/></Shape>
	    <String CONTENT="س"
                    HPOS="861"
                    VPOS="226"
                    WIDTH="98"
                    HEIGHT="67"
                    WC="0.9818404316902161"></String>
          </TextLine>

          
        </TextBlock>
        
        <TextBlock HPOS="281"
                   VPOS="1103"
                   WIDTH="85"
                   HEIGHT="99"
                   ID="eSc_textblock_0ee7cf8a"
                   TAGREFS="BT16062">
          <Shape><Polygon POINTS="289 1103 366 1126 350 1202 281 1171 289 1103"/></Shape>
          
          
          <TextLine ID="eSc_line_c528904c"
                    TAGREFS="LT4834"
                    BASELINE="289 1159 346 1159" 
                    HPOS="289"
                    VPOS="1108"
                    WIDTH="57"
                    HEIGHT="75">
            <Shape><Polygon POINTS="328 1114 311 1108 289 1108 289 1159 289 1179 344 1183 346 1159 346 1120 328 1114"/></Shape>
	    <String CONTENT=""
                    HPOS="289"
                    VPOS="1108"
                    WIDTH="57"
                    HEIGHT="75"></String>
          </TextLine>

          
        </TextBlock>
        
        <TextBlock HPOS="391"
                   VPOS="1924"
                   WIDTH="1149"
                   HEIGHT="201"
                   ID="eSc_textblock_c2b48c57"
                   TAGREFS="BT16058">
          <Shape><Polygon POINTS="798 1924 1462 1932 1524 1940 1540 2008 1509 2102 1422 2118 861 2125 414 2102 399 2079 391 1932 798 1924"/></Shape>
          
          
          <TextLine ID="eSc_line_f25865f7"
                    TAGREFS="LT4834"
                    BASELINE="424 2000 970 1987 1479 1994" 
                    HPOS="422"
                    VPOS="1936"
                    WIDTH="1057"
                    HEIGHT="86">
            <Shape><Polygon POINTS="424 2000 424 2022 638 2010 687 2020 688 2020 690 2020 692 2020 735 2004 777 2018 779 2018 780 2018 876 2004 888 2014 888 2016 890 2016 892 2016 927 2018 951 2018 953 2018 955 2018 957 2018 957 2016 970 2002 1045 2002 1475 2012 1479 1994 1477 1946 1467 1940 1466 1940 1464 1940 1462 1940 1460 1940 1458 1940 1458 1942 1448 1949 1448 1951 1219 1951 1178 1936 1176 1936 1174 1936 1172 1936 1170 1936 1170 1938 1152 1953 1115 1953 1098 1938 1098 1936 1096 1936 1094 1936 1092 1936 986 1946 963 1936 961 1936 959 1936 957 1936 914 1953 896 1938 896 1936 894 1936 892 1936 825 1936 824 1936 822 1936 786 1953 735 1936 733 1936 732 1936 730 1936 687 1953 630 1938 628 1938 626 1938 487 1955 459 1938 458 1938 456 1938 454 1938 452 1938 450 1938 422 1953 424 2000"/></Shape>
	    <String CONTENT="ا ازسوره الإنسالايه على ازسوره المعراج "
                    HPOS="422"
                    VPOS="1936"
                    WIDTH="1057"
                    HEIGHT="86"
                    WC="0.7991114675998687"></String>
          </TextLine>

          
          
          <TextLine ID="eSc_line_4749cbae"
                    TAGREFS="LT4834"
                    BASELINE="872 2077 1481 2088" 
                    HPOS="871"
                    VPOS="2020"
                    WIDTH="610"
                    HEIGHT="102">
            <Shape><Polygon POINTS="872 2077 871 2108 982 2098 1090 2098 1105 2110 1105 2112 1107 2112 1109 2112 1111 2112 1121 2110 1170 2100 1186 2110 1195 2118 1197 2118 1199 2118 1201 2118 1235 2110 1276 2102 1323 2110 1379 2122 1381 2122 1479 2110 1481 2088 1477 2036 1284 2041 1272 2034 1262 2026 1260 2026 1258 2026 1256 2026 1254 2026 1252 2026 1242 2034 1233 2041 1182 2041 1174 2034 1162 2024 1160 2024 1158 2024 1107 2024 1105 2024 1008 2034 980 2036 968 2034 919 2020 917 2020 916 2020 914 2020 872 2032 872 2077"/></Shape>
	    <String CONTENT="اعل ازسوره النبال ااا م"
                    HPOS="871"
                    VPOS="2020"
                    WIDTH="610"
                    HEIGHT="102"
                    WC="0.7512073076289633"></String>
          </TextLine>

          
        </TextBlock>
        
        <TextBlock HPOS="853"
                   VPOS="2127"
                   WIDTH="217"
                   HEIGHT="85"
                   ID="eSc_textblock_0d01e772"
                   TAGREFS="BT16061">
          <Shape><Polygon POINTS="892 2127 1039 2135 1070 2188 1039 2212 853 2188 853 2143 892 2127"/></Shape>
          
          
          <TextLine ID="eSc_line_3db0f5c6"
                    TAGREFS="LT4834"
                    BASELINE="892 2174 1019 2174" 
                    HPOS="892"
                    VPOS="2131"
                    WIDTH="127"
                    HEIGHT="67">
            <Shape><Polygon POINTS="1009 2133 1008 2131 892 2131 892 2174 892 2198 1019 2198 1019 2174 1019 2133 1009 2133"/></Shape>
	    <String CONTENT="و خداوند"
                    HPOS="892"
                    VPOS="2131"
                    WIDTH="127"
                    HEIGHT="67"
                    WC="0.9232194796204567"></String>
          </TextLine>

          
        </TextBlock>
        

        
      </PrintSpace>
    </Page>
  </Layout>
</alto>
