<?xml version="1.0" encoding="UTF-8"?>
<alto xmlns:xsi="http://www.w3.org/2001/XMLSchema-instance"
      xmlns="http://www.loc.gov/standards/alto/ns-v4#"
      xsi:schemaLocation="http://www.loc.gov/standards/alto/ns-v4# http://www.loc.gov/standards/alto/v4/alto-4-2.xsd">
  <Description>
    <MeasurementUnit>pixel</MeasurementUnit>
    <sourceImageInformation>
      <fileName>TwoIsmailiTreatises046.jpg</fileName>
      
    </sourceImageInformation>
  </Description>
  
  <Tags>
    <OtherTag ID="BT16074" LABEL="MarginTextZone:commentary" DESCRIPTION="block type MarginTextZone:commentary"/><OtherTag ID="BT16073" LABEL="MarginTextZone:note#1" DESCRIPTION="block type MarginTextZone:note#1"/><OtherTag ID="BT16072" LABEL="MainZone:column#2" DESCRIPTION="block type MainZone:column#2"/><OtherTag ID="BT16071" LABEL="MainZone:column#3" DESCRIPTION="block type MainZone:column#3"/><OtherTag ID="BT16070" LABEL="GraphicZone:illustration" DESCRIPTION="block type GraphicZone:illustration"/><OtherTag ID="BT16069" LABEL="MainZone:column#1" DESCRIPTION="block type MainZone:column#1"/><OtherTag ID="BT16068" LABEL="MarginTextZone:note#2" DESCRIPTION="block type MarginTextZone:note#2"/><OtherTag ID="BT16067" LABEL="CustomZone:publication" DESCRIPTION="block type CustomZone:publication"/><OtherTag ID="BT16066" LABEL="RunningTitleZone" DESCRIPTION="block type RunningTitleZone"/><OtherTag ID="BT16065" LABEL="NumberingZone" DESCRIPTION="block type NumberingZone"/><OtherTag ID="BT16064" LABEL="default" DESCRIPTION="block type default"/><OtherTag ID="BT16063" LABEL="TitlePageZone" DESCRIPTION="block type TitlePageZone"/><OtherTag ID="BT16062" LABEL="NumberingZone:other" DESCRIPTION="block type NumberingZone:other"/><OtherTag ID="BT16061" LABEL="QuireMarksZone:catchwords" DESCRIPTION="block type QuireMarksZone:catchwords"/><OtherTag ID="BT16060" LABEL="MainZone" DESCRIPTION="block type MainZone"/><OtherTag ID="BT16059" LABEL="NumberingZone:page" DESCRIPTION="block type NumberingZone:page"/><OtherTag ID="BT16058" LABEL="MarginTextZone:note" DESCRIPTION="block type MarginTextZone:note"/><OtherTag ID="BT16057" LABEL="DigitizationArtefactZone" DESCRIPTION="block type DigitizationArtefactZone"/><OtherTag ID="BT4" LABEL="Illustration" DESCRIPTION="block type Illustration"/><OtherTag ID="BT3" LABEL="Commentary" DESCRIPTION="block type Commentary"/><OtherTag ID="BT2" LABEL="Main" DESCRIPTION="block type Main"/><OtherTag ID="BT1" LABEL="Title" DESCRIPTION="block type Title"/>
    <OtherTag ID="LT4834" LABEL="DefaultLine" DESCRIPTION="line type DefaultLine"/><OtherTag ID="LT4835" LABEL="HeadingLine:title" DESCRIPTION="line type HeadingLine:title"/>
  </Tags>
  
  <Layout>
    <Page WIDTH="1463"
          HEIGHT="2152"
          PHYSICAL_IMG_NR="42"
          ID="eSc_dummypage_">
      <PrintSpace HPOS="0"
                  VPOS="0"
                  WIDTH="1463"
                  HEIGHT="2152">
        
        <TextBlock HPOS="359"
                   VPOS="258"
                   WIDTH="1053"
                   HEIGHT="1633"
                   ID="eSc_textblock_4e00ca5b"
                   TAGREFS="BT16060">
          <Shape><Polygon POINTS="818 258 1132 315 1177 365 1305 394 1333 444 1297 600 1340 631 1333 765 1398 789 1405 946 1384 982 1405 1025 1384 1282 1405 1312 1412 1734 1376 1884 394 1891 359 1856 394 780 366 631 394 373 479 351 560 286 818 258"/></Shape>
          
          
          <TextLine ID="eSc_line_7ee533eb"
                    TAGREFS="LT4834"
                    BASELINE="1080 466 1123 457" 
                    HPOS="1068"
                    VPOS="412"
                    WIDTH="55"
                    HEIGHT="70">
            <Shape><Polygon POINTS="1080 466 1084 482 1123 464 1123 457 1112 412 1068 412 1080 466"/></Shape>
	    <String CONTENT=""
                    HPOS="1068"
                    VPOS="412"
                    WIDTH="55"
                    HEIGHT="70"></String>
          </TextLine>

          
          
          <TextLine ID="eSc_line_e99fe6da"
                    TAGREFS="LT4834"
                    BASELINE="1024 685 1046 685" 
                    HPOS="1024"
                    VPOS="622"
                    WIDTH="22"
                    HEIGHT="73">
            <Shape><Polygon POINTS="1024 685 1024 695 1046 692 1046 685 1046 627 1024 622 1024 685"/></Shape>
	    <String CONTENT=""
                    HPOS="1024"
                    VPOS="622"
                    WIDTH="22"
                    HEIGHT="73"></String>
          </TextLine>

          
          
          <TextLine ID="eSc_line_abc6efd7"
                    TAGREFS="LT4834"
                    BASELINE="398 887 1346 875" 
                    HPOS="396"
                    VPOS="794"
                    WIDTH="950"
                    HEIGHT="117">
            <Shape><Polygon POINTS="398 887 398 911 533 894 551 907 556 911 558 911 560 911 561 911 601 905 687 893 944 893 949 894 967 903 969 903 971 903 972 903 974 903 990 893 998 889 1007 893 1037 905 1039 905 1041 905 1125 894 1148 903 1150 903 1152 903 1296 902 1297 902 1346 882 1346 875 1340 794 1285 796 1283 796 1281 796 1281 798 1242 837 1202 839 1170 839 1132 801 1130 799 1130 798 1129 798 1127 798 1125 798 1123 798 1114 801 1039 839 1001 832 999 832 926 841 901 823 899 823 897 823 895 823 893 823 892 823 868 842 789 842 739 815 718 803 716 803 714 803 633 805 631 805 630 805 630 807 613 819 592 841 569 841 549 823 533 807 533 805 531 805 529 805 527 805 434 810 432 810 396 824 398 887"/></Shape>
	    <String CONTENT="الحمد لله الذي عرفنا بنفسه علمنا من شكره"
                    HPOS="396"
                    VPOS="794"
                    WIDTH="950"
                    HEIGHT="117"
                    WC="0.9856448411941529"></String>
          </TextLine>

          
          
          <TextLine ID="eSc_line_6773121c"
                    TAGREFS="LT4834"
                    BASELINE="384 971 1349 971" 
                    HPOS="384"
                    VPOS="905"
                    WIDTH="965"
                    HEIGHT="106">
            <Shape><Polygon POINTS="384 971 384 986 454 1006 455 1006 457 1006 459 1006 482 998 493 1007 493 1009 495 1009 497 1009 499 1009 621 998 671 1009 673 1009 674 1009 676 1009 712 988 829 988 861 1004 863 1004 865 1004 867 1004 868 1004 884 991 940 1009 942 1009 944 1009 946 1009 947 1009 963 995 999 1009 1001 1009 1003 1009 1005 1009 1007 1009 1032 988 1057 988 1075 1002 1075 1004 1077 1004 1078 1004 1080 1004 1082 1004 1084 1004 1103 989 1118 1000 1120 1000 1121 1000 1123 1000 1125 1000 1148 988 1179 1009 1181 1009 1182 1009 1184 1011 1256 1011 1256 1009 1258 1009 1260 1009 1260 1007 1279 988 1317 1002 1319 1002 1321 1002 1322 1002 1349 986 1349 971 1349 936 1322 936 1322 934 1294 907 1294 905 1292 905 1290 905 1288 905 1193 907 1191 907 1143 930 1134 934 1125 928 1091 907 1089 907 1087 907 1086 907 1084 907 1082 907 1051 927 1039 936 1014 936 1005 927 983 907 983 905 981 905 980 905 931 905 929 905 928 905 926 905 897 923 877 936 843 936 818 921 797 909 795 909 793 909 791 909 768 919 750 928 741 919 728 907 728 905 727 905 725 905 701 905 700 905 698 905 696 905 696 907 683 918 667 936 525 936 488 912 479 907 477 907 475 907 473 907 384 909 384 971"/></Shape>
	    <String CONTENT="وفتح لنا بابا من أبواب العلم بربوبيته ودلنا"
                    HPOS="384"
                    VPOS="905"
                    WIDTH="965"
                    HEIGHT="106"
                    WC="0.9609608758579601"></String>
          </TextLine>

          
          
          <TextLine ID="eSc_line_cda6aa7a"
                    TAGREFS="LT4834"
                    BASELINE="385 1076 822 1076" 
                    HPOS="385"
                    VPOS="1004"
                    WIDTH="437"
                    HEIGHT="104">
            <Shape><Polygon POINTS="385 1047 385 1076 385 1086 420 1102 421 1102 423 1102 425 1102 427 1102 448 1088 504 1088 522 1104 522 1106 524 1106 525 1106 527 1108 558 1108 558 1106 560 1106 561 1106 583 1090 673 1104 674 1104 676 1104 678 1104 703 1088 737 1106 739 1106 741 1108 780 1108 780 1106 782 1106 822 1088 822 1076 822 1032 773 1031 741 1004 739 1004 737 1004 735 1004 734 1004 687 1029 642 1004 640 1004 586 1004 585 1004 583 1004 516 1031 490 1006 490 1004 488 1004 486 1004 468 1004 466 1004 464 1004 389 1029 385 1047"/></Shape>
	    <String CONTENT="هر چند که اين کمترين بندگان"
                    HPOS="385"
                    VPOS="1004"
                    WIDTH="437"
                    HEIGHT="104"
                    WC="0.9124635524219937"></String>
          </TextLine>

          
          
          <TextLine ID="eSc_line_f759f931"
                    TAGREFS="LT4834"
                    BASELINE="886 1074 1278 1068 1342 1076" 
                    HPOS="884"
                    VPOS="1020"
                    WIDTH="458"
                    HEIGHT="88">
            <Shape><Polygon POINTS="886 1074 886 1084 947 1084 949 1086 969 1104 969 1106 971 1106 972 1106 974 1108 1014 1108 1014 1106 1016 1106 1017 1106 1017 1104 1026 1095 1050 1104 1051 1104 1053 1104 1055 1104 1057 1104 1057 1102 1068 1093 1118 1104 1120 1104 1121 1104 1147 1095 1179 1083 1258 1083 1274 1101 1276 1101 1276 1102 1278 1102 1279 1102 1281 1104 1342 1104 1342 1076 1335 1020 1321 1031 1301 1022 1296 1020 1294 1020 1292 1020 1290 1020 1288 1020 1288 1022 1287 1023 1276 1032 1249 1025 1231 1020 1229 1020 1227 1020 1226 1020 1202 1027 1168 1038 1132 1038 1125 1031 1118 1025 1118 1023 1116 1023 1114 1023 1112 1023 1111 1023 1077 1032 1053 1040 972 1040 971 1038 958 1025 958 1023 956 1023 954 1023 911 1023 910 1023 908 1023 906 1023 884 1036 886 1074"/></Shape>
	    <String CONTENT="الإخلاص في توحيده"
                    HPOS="884"
                    VPOS="1020"
                    WIDTH="458"
                    HEIGHT="88"
                    WC="0.9727911452452341"></String>
          </TextLine>

          
          
          <TextLine ID="eSc_line_a832bd9f"
                    TAGREFS="LT4834"
                    BASELINE="394 1171 1348 1165" 
                    HPOS="393"
                    VPOS="1110"
                    WIDTH="955"
                    HEIGHT="96">
            <Shape><Polygon POINTS="394 1171 394 1206 446 1206 446 1205 448 1205 450 1205 450 1203 475 1181 578 1181 601 1199 608 1205 610 1205 612 1205 613 1205 615 1205 617 1205 626 1197 651 1183 692 1196 703 1199 705 1199 707 1199 709 1199 710 1199 714 1196 727 1185 752 1194 777 1203 779 1203 780 1203 782 1203 784 1203 798 1192 816 1180 865 1190 924 1203 926 1203 928 1203 929 1203 929 1201 944 1188 951 1181 956 1187 967 1197 967 1199 969 1199 971 1199 1010 1203 1012 1203 1014 1203 1069 1183 1087 1178 1098 1183 1130 1199 1132 1199 1134 1201 1190 1201 1190 1199 1191 1199 1193 1199 1217 1180 1252 1178 1265 1178 1281 1190 1281 1192 1283 1192 1285 1192 1287 1192 1288 1192 1348 1174 1348 1165 1346 1136 1310 1124 1308 1124 1306 1124 1209 1135 1188 1119 1186 1119 1184 1119 1182 1119 1181 1119 1179 1119 1179 1120 1163 1135 1103 1110 1102 1110 1100 1110 1098 1110 1096 1110 1096 1111 1071 1136 1044 1136 1008 1136 1007 1136 974 1117 972 1117 971 1117 969 1117 967 1117 913 1136 901 1126 899 1126 897 1126 895 1126 856 1135 834 1117 832 1117 831 1117 829 1117 827 1117 825 1117 825 1119 813 1129 775 1111 773 1111 728 1111 727 1111 725 1111 723 1111 701 1126 673 1113 671 1113 669 1113 667 1113 665 1113 630 1136 626 1140 599 1140 595 1136 567 1113 565 1113 563 1113 509 1113 508 1113 506 1113 468 1131 452 1115 452 1113 450 1113 448 1113 421 1113 420 1113 418 1113 416 1113 393 1131 394 1171"/></Shape>
	    <String CONTENT="دعوت هاديه مجتد طوسی خود را قابل آن میداند که از علم"
                    HPOS="393"
                    VPOS="1110"
                    WIDTH="955"
                    HEIGHT="96"
                    WC="0.8747517404691229"></String>
          </TextLine>

          
          
          <TextLine ID="eSc_line_73fe6b85"
                    TAGREFS="LT4834"
                    BASELINE="384 1267 1335 1260" 
                    HPOS="382"
                    VPOS="1205"
                    WIDTH="953"
                    HEIGHT="89">
            <Shape><Polygon POINTS="384 1267 384 1276 434 1294 436 1294 438 1294 439 1294 441 1294 461 1276 463 1276 464 1276 525 1285 527 1285 570 1276 585 1287 586 1287 588 1287 590 1287 655 1276 734 1292 735 1292 737 1292 782 1275 784 1275 832 1287 834 1287 836 1287 892 1273 895 1273 897 1273 908 1284 908 1285 910 1285 911 1285 969 1291 971 1291 972 1291 1014 1273 1032 1289 1032 1291 1033 1291 1035 1291 1037 1292 1062 1292 1062 1291 1064 1291 1096 1273 1100 1271 1102 1273 1121 1280 1123 1280 1125 1280 1175 1271 1182 1271 1186 1271 1227 1289 1229 1289 1231 1291 1306 1291 1306 1289 1308 1289 1310 1289 1335 1271 1335 1260 1331 1205 1265 1205 1263 1205 1261 1205 1260 1205 1260 1206 1258 1206 1236 1228 1071 1217 1069 1217 1068 1217 1039 1230 1014 1219 1012 1219 1010 1219 1008 1219 983 1232 908 1232 899 1223 899 1221 897 1221 895 1221 893 1221 858 1224 852 1221 845 1214 845 1212 843 1212 841 1212 840 1212 838 1212 836 1212 825 1221 813 1210 811 1210 809 1210 807 1210 805 1210 804 1210 793 1217 730 1208 728 1208 727 1208 725 1208 725 1210 712 1221 703 1214 703 1212 701 1212 700 1212 619 1208 617 1208 558 1210 556 1210 513 1232 509 1233 504 1232 438 1215 436 1215 434 1215 432 1215 382 1233 384 1267"/></Shape>
	    <String CONTENT="سخن گويد اما چون حضرت عليا لانزال نافذا اشارت فرمود"
                    HPOS="382"
                    VPOS="1205"
                    WIDTH="953"
                    HEIGHT="89"
                    WC="0.9195500577197355"></String>
          </TextLine>

          
          
          <TextLine ID="eSc_line_997dcbc1"
                    TAGREFS="LT4834"
                    BASELINE="378 1361 1348 1361" 
                    HPOS="378"
                    VPOS="1289"
                    WIDTH="970"
                    HEIGHT="102">
            <Shape><Polygon POINTS="378 1361 378 1379 393 1389 394 1389 396 1389 398 1391 508 1391 508 1389 509 1389 511 1389 527 1375 529 1373 533 1375 540 1382 540 1384 542 1384 543 1384 635 1389 637 1389 639 1389 640 1389 640 1388 657 1375 660 1371 673 1375 730 1388 732 1388 734 1388 762 1373 764 1373 766 1373 809 1389 811 1389 813 1389 814 1389 816 1389 843 1373 845 1371 847 1373 863 1388 863 1389 865 1389 867 1389 868 1391 928 1391 928 1389 929 1389 967 1373 971 1371 976 1373 1016 1384 1017 1384 1019 1384 1021 1384 1066 1371 1071 1371 1080 1371 1181 1384 1182 1384 1184 1384 1217 1371 1260 1380 1261 1380 1263 1380 1288 1371 1305 1382 1306 1382 1308 1382 1310 1382 1312 1382 1348 1370 1348 1361 1348 1314 1322 1291 1322 1289 1321 1289 1319 1289 1299 1289 1297 1289 1296 1289 1294 1289 1294 1291 1267 1316 1258 1325 1048 1325 1033 1310 1026 1305 1026 1303 1024 1303 1023 1303 1021 1303 1019 1303 996 1310 983 1312 958 1309 940 1307 938 1307 937 1307 933 1309 908 1323 886 1307 861 1289 859 1289 858 1289 840 1289 838 1289 836 1289 834 1289 834 1291 816 1305 797 1325 784 1325 766 1305 759 1300 759 1298 757 1298 755 1298 753 1298 710 1300 709 1300 707 1300 703 1303 678 1323 622 1323 601 1301 588 1291 588 1289 586 1289 585 1289 583 1289 378 1296 378 1361"/></Shape>
	    <String CONTENT="اند که بنده آنچه از فصول مبارک مقدس و از کتب ش"
                    HPOS="378"
                    VPOS="1289"
                    WIDTH="970"
                    HEIGHT="102"
                    WC="0.9065327910666771"></String>
          </TextLine>

          
          
          <TextLine ID="eSc_line_60f98616"
                    TAGREFS="LT4834"
                    BASELINE="391 1457 1349 1461" 
                    HPOS="389"
                    VPOS="1405"
                    WIDTH="960"
                    HEIGHT="81">
            <Shape><Polygon POINTS="391 1457 389 1472 407 1484 409 1484 411 1484 412 1484 414 1484 448 1470 499 1470 513 1483 513 1484 515 1484 516 1484 518 1484 588 1470 608 1483 610 1483 612 1483 613 1483 615 1483 640 1475 698 1484 700 1484 701 1484 753 1470 782 1484 784 1484 786 1484 872 1472 917 1481 919 1481 1046 1472 1057 1481 1057 1483 1059 1483 1060 1483 1062 1483 1064 1483 1066 1483 1082 1472 1096 1483 1098 1483 1100 1483 1102 1483 1159 1472 1217 1486 1218 1486 1220 1486 1222 1486 1224 1486 1236 1477 1322 1486 1324 1486 1326 1486 1328 1486 1348 1470 1349 1461 1349 1427 1315 1411 1314 1411 1312 1411 1310 1411 1308 1411 1287 1425 1208 1411 1206 1411 1204 1411 1202 1411 1202 1413 1188 1425 1188 1427 1123 1427 1123 1425 1098 1407 1096 1407 1095 1407 1093 1407 1091 1407 1042 1423 1016 1409 1014 1409 1012 1409 963 1418 951 1407 949 1407 947 1407 946 1407 902 1409 901 1409 899 1409 899 1411 883 1425 881 1425 759 1425 759 1423 750 1416 750 1414 748 1414 746 1414 744 1414 743 1414 707 1423 689 1407 689 1405 687 1405 685 1405 657 1405 655 1405 653 1405 651 1405 626 1423 594 1405 592 1405 545 1405 543 1405 542 1405 540 1405 524 1416 513 1407 513 1405 511 1405 509 1405 446 1405 445 1405 443 1405 441 1405 418 1423 416 1423 391 1423 391 1457"/></Shape>
	    <String CONTENT="دين خوانده و از معاملات شنيده شمه با مومنان طالب"
                    HPOS="389"
                    VPOS="1405"
                    WIDTH="960"
                    HEIGHT="81"
                    WC="0.9252170013884703"></String>
          </TextLine>

          
          
          <TextLine ID="eSc_line_301b8ae1"
                    TAGREFS="LT4834"
                    BASELINE="396 1560 1342 1547" 
                    HPOS="394"
                    VPOS="1479"
                    WIDTH="948"
                    HEIGHT="111">
            <Shape><Polygon POINTS="396 1560 396 1572 473 1572 491 1588 491 1590 493 1590 495 1590 497 1590 499 1590 536 1581 642 1588 644 1588 646 1588 648 1588 671 1569 746 1569 762 1583 762 1585 764 1585 766 1585 768 1585 861 1574 881 1583 883 1583 884 1583 886 1583 913 1570 942 1583 944 1583 946 1583 947 1583 949 1583 978 1565 1005 1583 1007 1583 1008 1583 1010 1583 1012 1583 1048 1565 1103 1581 1105 1581 1107 1583 1206 1583 1206 1581 1342 1558 1342 1547 1340 1490 1324 1481 1322 1481 1321 1481 1319 1481 1317 1481 1315 1481 1315 1483 1305 1493 1297 1501 1240 1509 1226 1495 1209 1481 1209 1479 1208 1479 1206 1479 1182 1479 1181 1479 1179 1479 1177 1479 1156 1497 1150 1502 1145 1499 1136 1492 1134 1492 1132 1492 1130 1492 1129 1492 1127 1492 1118 1499 1100 1511 1059 1502 1057 1502 1055 1502 1053 1502 1053 1504 1042 1513 935 1506 933 1506 867 1515 859 1508 854 1504 854 1502 852 1502 850 1502 849 1502 847 1502 822 1509 807 1513 802 1509 777 1486 777 1484 775 1484 773 1484 703 1484 701 1484 700 1484 698 1484 662 1508 640 1493 639 1493 637 1493 635 1493 633 1493 594 1508 561 1502 560 1502 558 1502 556 1502 556 1504 547 1511 515 1488 513 1488 511 1488 450 1488 448 1488 446 1488 445 1488 445 1490 412 1522 394 1522 396 1560"/></Shape>
	    <String CONTENT="تقرير کن به موجب فرمان اين بنده سيل اين چند کلمه"
                    HPOS="394"
                    VPOS="1479"
                    WIDTH="948"
                    HEIGHT="111"
                    WC="0.911016454299291"></String>
          </TextLine>

          
          
          <TextLine ID="eSc_line_87fed8fc"
                    TAGREFS="LT4834"
                    BASELINE="384 1648 1351 1648" 
                    HPOS="384"
                    VPOS="1588"
                    WIDTH="967"
                    HEIGHT="92">
            <Shape><Polygon POINTS="384 1648 384 1658 432 1671 434 1671 436 1671 479 1660 484 1660 630 1660 648 1676 648 1678 649 1678 651 1678 653 1680 712 1680 712 1678 714 1678 716 1678 716 1676 727 1667 737 1676 737 1678 739 1678 741 1678 743 1680 858 1680 858 1678 859 1678 861 1678 861 1676 879 1660 892 1660 937 1662 951 1676 951 1678 953 1678 954 1678 956 1678 1051 1660 1059 1660 1064 1660 1173 1678 1175 1678 1177 1678 1179 1678 1200 1662 1217 1676 1217 1678 1218 1678 1220 1678 1222 1680 1251 1680 1251 1678 1252 1678 1254 1678 1254 1676 1269 1662 1292 1673 1294 1673 1296 1673 1297 1673 1299 1673 1314 1660 1315 1660 1349 1660 1351 1648 1351 1612 1312 1588 1310 1588 1308 1588 1306 1588 1305 1588 1261 1614 1227 1588 1226 1588 1224 1588 1195 1588 1193 1588 1191 1588 1190 1588 1190 1590 1165 1614 1121 1588 1120 1588 1075 1588 1073 1588 1071 1588 1069 1588 1069 1590 1044 1614 1023 1614 990 1588 989 1588 987 1588 938 1588 937 1588 935 1588 933 1588 917 1601 868 1588 867 1588 865 1588 863 1588 861 1588 861 1590 836 1614 723 1603 721 1603 719 1603 689 1614 667 1594 667 1592 665 1592 664 1592 662 1592 660 1592 613 1615 522 1615 461 1588 459 1588 457 1588 455 1588 384 1614 384 1648"/></Shape>
	    <String CONTENT="انتخاب کرده تا بجانی که طالب دين حق باشند ايشانر"
                    HPOS="384"
                    VPOS="1588"
                    WIDTH="967"
                    HEIGHT="92"
                    WC="0.9385503269731998"></String>
          </TextLine>

          
          
          <TextLine ID="eSc_line_46c13c39"
                    TAGREFS="LT4834"
                    BASELINE="391 1752 1348 1748" 
                    HPOS="389"
                    VPOS="1687"
                    WIDTH="959"
                    HEIGHT="93">
            <Shape><Polygon POINTS="391 1752 391 1757 457 1780 459 1780 461 1780 463 1780 513 1759 648 1761 680 1778 682 1778 683 1778 685 1778 725 1762 775 1773 777 1773 841 1759 856 1771 858 1771 859 1771 861 1771 863 1771 919 1757 962 1773 963 1773 965 1773 967 1773 969 1773 969 1771 983 1759 992 1768 994 1768 996 1768 998 1768 999 1768 1001 1768 1001 1766 1010 1757 1033 1768 1035 1768 1037 1768 1039 1768 1064 1757 1105 1778 1107 1778 1109 1778 1111 1778 1190 1757 1213 1777 1213 1778 1215 1778 1217 1778 1218 1780 1326 1780 1326 1778 1328 1778 1330 1778 1330 1777 1348 1757 1348 1748 1342 1703 1294 1712 1283 1703 1276 1698 1274 1698 1272 1698 1270 1698 1231 1705 1184 1712 1170 1705 1143 1692 1141 1692 1139 1692 1073 1707 1048 1712 1042 1707 1028 1694 1028 1692 1026 1692 1024 1692 1023 1692 1021 1692 1019 1692 998 1709 989 1714 965 1714 960 1709 949 1700 949 1698 947 1698 946 1698 944 1698 915 1701 886 1689 884 1689 883 1689 881 1689 822 1709 789 1687 788 1687 786 1687 689 1687 687 1687 685 1687 683 1687 683 1689 657 1714 655 1716 628 1716 626 1714 601 1696 599 1696 597 1696 595 1696 529 1710 472 1698 470 1698 468 1698 466 1698 450 1710 432 1698 430 1698 429 1698 427 1698 425 1698 389 1714 391 1752"/></Shape>
	    <String CONTENT="فهم اين معانى دشوار نباشد چون تركيب وجود آدمى از"
                    HPOS="389"
                    VPOS="1687"
                    WIDTH="959"
                    HEIGHT="93"
                    WC="0.9429768409047808"></String>
          </TextLine>

          
          
          <TextLine ID="eSc_line_28d8d009"
                    TAGREFS="LT4834"
                    BASELINE="387 1848 1344 1845" 
                    HPOS="385"
                    VPOS="1784"
                    WIDTH="959"
                    HEIGHT="98">
            <Shape><Polygon POINTS="387 1848 387 1866 534 1866 542 1868 590 1882 592 1882 594 1882 595 1882 622 1874 678 1882 680 1882 682 1882 712 1870 714 1870 718 1870 770 1882 771 1882 773 1882 798 1872 811 1866 838 1872 877 1881 879 1881 972 1879 974 1879 985 1875 1001 1868 1048 1875 1086 1881 1087 1881 1089 1881 1091 1881 1091 1879 1095 1875 1107 1865 1134 1877 1143 1881 1145 1881 1147 1882 1217 1882 1217 1881 1218 1881 1220 1881 1224 1877 1243 1865 1292 1865 1312 1879 1312 1881 1314 1881 1315 1881 1317 1881 1344 1879 1344 1845 1340 1807 1272 1807 1251 1786 1251 1784 1249 1784 1247 1784 1245 1784 1243 1784 1199 1805 1138 1784 1136 1784 1071 1784 1069 1784 1068 1784 1024 1805 987 1796 985 1796 983 1796 942 1805 931 1796 931 1795 929 1795 928 1795 926 1795 888 1802 868 1786 867 1786 865 1786 863 1786 861 1786 859 1786 859 1787 840 1809 780 1809 759 1791 757 1791 755 1791 753 1791 752 1791 725 1805 705 1795 703 1795 701 1795 700 1795 687 1802 673 1787 673 1786 671 1786 669 1786 567 1786 565 1786 563 1786 527 1805 509 1787 509 1786 508 1786 506 1786 454 1786 452 1786 450 1786 448 1786 416 1809 385 1809 387 1848"/></Shape>
	    <String CONTENT="چهار طبايع خالی نيست اين مختصر را بر ابر طبايع چهارگانه"
                    HPOS="385"
                    VPOS="1784"
                    WIDTH="959"
                    HEIGHT="98"
                    WC="0.9460815624757246"></String>
          </TextLine>

          
        </TextBlock>
        
        <TextBlock HPOS="753"
                   VPOS="114"
                   WIDTH="207"
                   HEIGHT="113"
                   ID="eSc_textblock_9c6048d6"
                   TAGREFS="BT16059">
          <Shape><Polygon POINTS="847 114 924 121 960 191 895 227 768 206 753 157 847 114"/></Shape>
          
          
          <TextLine ID="eSc_line_8e69d9b0"
                    TAGREFS="LT4834"
                    BASELINE="805 175 895 172" 
                    HPOS="804"
                    VPOS="134"
                    WIDTH="91"
                    HEIGHT="72">
            <Shape><Polygon POINTS="805 175 805 193 845 206 847 206 849 206 850 206 895 188 895 172 892 141 849 134 847 134 845 134 804 147 805 175"/></Shape>
	    <String CONTENT=""
                    HPOS="804"
                    VPOS="134"
                    WIDTH="91"
                    HEIGHT="72"></String>
          </TextLine>

          
        </TextBlock>
        
        <TextBlock HPOS="294"
                   VPOS="1599"
                   WIDTH="41"
                   HEIGHT="63"
                   ID="eSc_textblock_f788d7e1"
                   TAGREFS="BT16062">
          <Shape><Polygon POINTS="301 1599 328 1599 335 1662 294 1655 301 1599"/></Shape>
          
          
          <TextLine ID="eSc_line_cee4a0f4"
                    TAGREFS="LT4834"
                    BASELINE="294 1640 341 1644" 
                    HPOS="292"
                    VPOS="1606"
                    WIDTH="49"
                    HEIGHT="56">
            <Shape><Polygon POINTS="330 1624 321 1610 294 1615 294 1640 292 1662 339 1662 341 1644 341 1606 330 1608 330 1624"/></Shape>
	    <String CONTENT=""
                    HPOS="292"
                    VPOS="1606"
                    WIDTH="49"
                    HEIGHT="56"></String>
          </TextLine>

          
        </TextBlock>
        
        <TextBlock HPOS="818"
                   VPOS="1908"
                   WIDTH="63"
                   HEIGHT="55"
                   ID="eSc_textblock_74d5f28d"
                   TAGREFS="BT16061">
          <Shape><Polygon POINTS="840 1908 881 1936 867 1963 818 1949 840 1908"/></Shape>
          
          
          <TextLine ID="eSc_line_f8f21223"
                    TAGREFS="LT4834"
                    BASELINE="841 1942 865 1945" 
                    HPOS="840"
                    VPOS="1915"
                    WIDTH="25"
                    HEIGHT="43">
            <Shape><Polygon POINTS="861 1924 847 1915 843 1915 841 1942 840 1951 859 1958 865 1945 865 1926 861 1924"/></Shape>
	    <String CONTENT=""
                    HPOS="840"
                    VPOS="1915"
                    WIDTH="25"
                    HEIGHT="43"></String>
          </TextLine>

          
        </TextBlock>
        

        
      </PrintSpace>
    </Page>
  </Layout>
</alto>
