<?xml version="1.0" encoding="UTF-8"?>
<alto xmlns:xsi="http://www.w3.org/2001/XMLSchema-instance"
      xmlns="http://www.loc.gov/standards/alto/ns-v4#"
      xsi:schemaLocation="http://www.loc.gov/standards/alto/ns-v4# http://www.loc.gov/standards/alto/v4/alto-4-2.xsd">
  <Description>
    <MeasurementUnit>pixel</MeasurementUnit>
    <sourceImageInformation>
      <fileName>TwoIsmailiTreatises048.jpg</fileName>
      
    </sourceImageInformation>
  </Description>
  
  <Tags>
    <OtherTag ID="BT16074" LABEL="MarginTextZone:commentary" DESCRIPTION="block type MarginTextZone:commentary"/><OtherTag ID="BT16073" LABEL="MarginTextZone:note#1" DESCRIPTION="block type MarginTextZone:note#1"/><OtherTag ID="BT16072" LABEL="MainZone:column#2" DESCRIPTION="block type MainZone:column#2"/><OtherTag ID="BT16071" LABEL="MainZone:column#3" DESCRIPTION="block type MainZone:column#3"/><OtherTag ID="BT16070" LABEL="GraphicZone:illustration" DESCRIPTION="block type GraphicZone:illustration"/><OtherTag ID="BT16069" LABEL="MainZone:column#1" DESCRIPTION="block type MainZone:column#1"/><OtherTag ID="BT16068" LABEL="MarginTextZone:note#2" DESCRIPTION="block type MarginTextZone:note#2"/><OtherTag ID="BT16067" LABEL="CustomZone:publication" DESCRIPTION="block type CustomZone:publication"/><OtherTag ID="BT16066" LABEL="RunningTitleZone" DESCRIPTION="block type RunningTitleZone"/><OtherTag ID="BT16065" LABEL="NumberingZone" DESCRIPTION="block type NumberingZone"/><OtherTag ID="BT16064" LABEL="default" DESCRIPTION="block type default"/><OtherTag ID="BT16063" LABEL="TitlePageZone" DESCRIPTION="block type TitlePageZone"/><OtherTag ID="BT16062" LABEL="NumberingZone:other" DESCRIPTION="block type NumberingZone:other"/><OtherTag ID="BT16061" LABEL="QuireMarksZone:catchwords" DESCRIPTION="block type QuireMarksZone:catchwords"/><OtherTag ID="BT16060" LABEL="MainZone" DESCRIPTION="block type MainZone"/><OtherTag ID="BT16059" LABEL="NumberingZone:page" DESCRIPTION="block type NumberingZone:page"/><OtherTag ID="BT16058" LABEL="MarginTextZone:note" DESCRIPTION="block type MarginTextZone:note"/><OtherTag ID="BT16057" LABEL="DigitizationArtefactZone" DESCRIPTION="block type DigitizationArtefactZone"/><OtherTag ID="BT4" LABEL="Illustration" DESCRIPTION="block type Illustration"/><OtherTag ID="BT3" LABEL="Commentary" DESCRIPTION="block type Commentary"/><OtherTag ID="BT2" LABEL="Main" DESCRIPTION="block type Main"/><OtherTag ID="BT1" LABEL="Title" DESCRIPTION="block type Title"/>
    <OtherTag ID="LT4834" LABEL="DefaultLine" DESCRIPTION="line type DefaultLine"/><OtherTag ID="LT4835" LABEL="HeadingLine:title" DESCRIPTION="line type HeadingLine:title"/>
  </Tags>
  
  <Layout>
    <Page WIDTH="1465"
          HEIGHT="2172"
          PHYSICAL_IMG_NR="44"
          ID="eSc_dummypage_">
      <PrintSpace HPOS="0"
                  VPOS="0"
                  WIDTH="1465"
                  HEIGHT="2172">
        
        <TextBlock HPOS="340"
                   VPOS="238"
                   WIDTH="1059"
                   HEIGHT="1584"
                   ID="eSc_textblock_a7c680ae"
                   TAGREFS="BT16060">
          <Shape><Polygon POINTS="708 238 1254 238 1363 267 1399 1462 1385 1808 1363 1822 340 1815 347 275 708 238"/></Shape>
          
          
          <TextLine ID="eSc_line_121e6255"
                    TAGREFS="LT4834"
                    BASELINE="353 343 1303 322" 
                    HPOS="349"
                    VPOS="257"
                    WIDTH="954"
                    HEIGHT="123">
            <Shape><Polygon POINTS="353 343 353 374 425 380 427 380 429 380 430 380 430 378 436 372 452 356 525 371 557 376 559 376 561 376 563 376 570 369 583 360 593 369 601 374 603 374 604 374 606 376 664 376 664 374 666 374 668 374 668 372 675 367 693 351 756 363 789 371 791 371 793 371 807 363 831 351 851 362 852 362 854 362 856 362 858 362 890 349 934 360 967 367 968 367 970 367 972 367 972 365 979 358 994 343 1053 343 1077 356 1093 363 1095 363 1097 365 1128 365 1128 363 1129 363 1131 363 1131 362 1133 362 1139 354 1151 340 1196 352 1204 354 1206 354 1207 354 1209 354 1211 354 1213 352 1231 338 1253 351 1265 358 1267 358 1269 358 1271 358 1303 349 1303 322 1300 269 1249 257 1247 257 1245 257 1244 257 1242 257 1220 271 1213 276 1196 276 1189 271 1178 262 1178 260 1177 260 1175 260 1173 260 1171 260 1169 260 1157 271 1153 275 1099 276 1088 271 1070 264 1068 264 1066 264 1064 264 1062 264 1052 271 1023 291 905 293 885 273 878 267 878 266 876 266 874 266 834 266 833 266 831 266 829 266 829 267 822 273 802 296 771 296 733 273 727 269 726 269 724 269 722 269 720 269 718 269 718 271 715 273 688 298 662 300 628 300 603 275 601 273 601 271 599 271 597 271 595 271 554 273 552 273 550 273 548 275 516 295 469 275 467 275 465 275 463 275 461 275 459 275 425 291 349 276 353 343"/></Shape>
	    <String CONTENT="به ميانجی غقل و نفس و افلاک و انجم و تا ثيرات طبايع م"
                    HPOS="349"
                    VPOS="257"
                    WIDTH="954"
                    HEIGHT="123"
                    WC="0.9096803260299394"></String>
          </TextLine>

          
          
          <TextLine ID="eSc_line_a8294c02"
                    TAGREFS="LT4834"
                    BASELINE="277 430 766 432 1307 418" 
                    HPOS="275"
                    VPOS="365"
                    WIDTH="1032"
                    HEIGHT="112">
            <Shape><Polygon POINTS="277 430 277 454 349 454 351 454 369 465 371 465 373 465 374 465 376 465 405 457 430 470 432 470 434 470 487 463 505 477 507 477 508 477 510 477 593 461 617 476 619 476 621 476 622 477 671 477 671 476 673 476 675 476 675 474 693 459 717 463 718 463 720 463 722 463 740 450 760 461 762 461 764 461 766 461 798 448 883 463 885 463 887 463 889 463 905 448 930 470 932 470 934 470 965 472 967 472 1032 470 1034 470 1035 470 1061 448 1102 459 1104 459 1106 459 1108 459 1175 443 1175 441 1307 439 1307 418 1298 369 1271 385 1113 378 1111 378 1110 378 1073 389 1032 372 1015 365 1014 365 1012 365 1010 365 997 372 985 380 972 372 967 369 965 369 963 369 961 369 959 369 957 369 954 372 934 387 916 372 910 367 909 367 907 367 883 367 881 367 880 367 878 367 871 372 843 392 805 392 785 380 784 380 782 380 780 380 778 380 740 392 724 380 722 380 720 380 718 380 717 380 688 389 666 381 664 381 662 381 660 381 659 381 639 394 603 381 601 381 599 381 597 381 561 394 519 376 508 372 507 372 418 372 416 372 414 372 412 372 405 378 371 400 345 400 322 378 318 374 316 374 315 374 313 374 275 378 277 430"/></Shape>
	    <String CONTENT="می شود واين عالم سفلى اثرى ست از عالم علوى چنانكه از کمت"
                    HPOS="275"
                    VPOS="365"
                    WIDTH="1032"
                    HEIGHT="112"
                    WC="0.8917812258005142"></String>
          </TextLine>

          
          
          <TextLine ID="eSc_line_e16fb0cc"
                    TAGREFS="LT4834"
                    BASELINE="363 539 1320 521" 
                    HPOS="362"
                    VPOS="461"
                    WIDTH="958"
                    HEIGHT="112">
            <Shape><Polygon POINTS="363 539 363 559 376 566 378 566 380 566 425 555 436 553 438 555 450 566 452 566 454 566 456 566 458 566 483 555 490 552 497 553 550 573 552 573 554 573 555 573 599 553 641 552 684 548 686 550 695 557 695 559 697 559 698 559 838 568 840 568 842 568 843 568 863 550 907 544 918 544 919 544 941 564 943 564 945 564 947 566 983 566 983 564 985 564 986 564 986 562 997 552 1028 564 1030 564 1032 564 1034 564 1035 564 1070 541 1169 541 1187 552 1189 552 1191 552 1193 552 1195 552 1216 544 1260 559 1262 559 1263 559 1265 559 1267 559 1267 557 1287 537 1318 537 1320 521 1316 461 1269 461 1267 461 1265 461 1263 461 1262 463 1244 476 1231 465 1227 461 1225 461 1224 461 1222 461 1160 463 1158 463 1157 463 1151 468 1122 490 1048 472 1024 468 1023 468 1021 468 1019 468 1012 474 994 486 967 477 963 476 961 476 959 476 957 476 952 477 909 494 852 485 851 485 849 485 847 485 834 497 811 497 798 485 784 472 784 470 782 470 780 470 744 470 742 470 740 470 738 470 711 488 698 497 688 490 664 476 662 476 660 476 659 476 657 476 655 476 655 477 641 492 633 501 583 501 577 495 557 476 557 474 555 474 554 474 552 474 525 476 523 476 521 476 487 499 485 501 483 499 450 485 449 485 447 485 445 485 443 485 412 503 411 504 362 504 363 539"/></Shape>
	    <String CONTENT="الهی و آثار دلانل عقلی معلوم بيشود که افريدکار را سخا"
                    HPOS="362"
                    VPOS="461"
                    WIDTH="958"
                    HEIGHT="112"
                    WC="0.8518366841254411"></String>
          </TextLine>

          
          
          <TextLine ID="eSc_line_3943e21c"
                    TAGREFS="LT4834"
                    BASELINE="363 642 1059 620 1325 620" 
                    HPOS="362"
                    VPOS="566"
                    WIDTH="963"
                    HEIGHT="109">
            <Shape><Polygon POINTS="363 642 363 666 385 671 387 671 389 671 391 671 400 666 414 657 432 664 461 675 463 675 465 675 467 675 469 675 487 662 503 649 563 646 633 649 641 657 655 669 657 669 659 669 660 669 791 666 793 666 794 666 814 649 816 647 818 649 845 664 847 664 849 664 851 664 852 664 880 647 898 637 918 637 930 646 945 657 947 657 948 657 950 657 952 657 954 657 970 644 981 635 1005 642 1023 647 1024 647 1026 647 1028 647 1030 647 1039 640 1052 633 1062 640 1086 653 1088 653 1090 653 1091 653 1137 637 1158 629 1171 637 1206 655 1207 655 1209 655 1211 655 1213 655 1242 633 1245 631 1323 631 1325 620 1323 584 1225 566 1224 566 1124 588 1057 577 1055 577 1053 577 1052 577 1052 579 1039 591 1010 591 995 591 994 591 963 573 961 573 959 573 957 573 865 595 863 595 760 579 758 579 756 579 755 579 722 599 720 600 684 600 630 600 593 586 592 586 590 586 588 586 552 597 525 586 523 586 521 586 519 586 517 586 494 600 427 588 425 588 423 588 362 606 363 642"/></Shape>
	    <String CONTENT="وتعالی مقصود ازاقريهش عالم آدم بوده است بدين عنی"
                    HPOS="362"
                    VPOS="566"
                    WIDTH="963"
                    HEIGHT="109"
                    WC="0.8833923035738419"></String>
          </TextLine>

          
          
          <TextLine ID="eSc_line_214fdff0"
                    TAGREFS="LT4834"
                    BASELINE="358 734 1327 718" 
                    HPOS="356"
                    VPOS="653"
                    WIDTH="971"
                    HEIGHT="114">
            <Shape><Polygon POINTS="358 734 358 754 418 767 420 767 421 767 456 754 467 765 469 765 470 765 472 767 548 767 548 765 550 765 584 749 592 747 599 749 628 758 630 758 631 758 633 758 651 747 655 745 657 747 668 758 668 760 670 760 671 760 673 760 726 749 738 760 740 760 742 760 744 760 796 749 842 758 843 758 845 758 874 742 881 738 925 738 930 742 961 758 963 758 965 758 967 758 1001 740 1006 736 1057 736 1062 738 1095 751 1097 751 1099 751 1101 751 1102 751 1126 736 1129 734 1131 736 1162 752 1164 752 1166 752 1168 752 1215 734 1220 733 1254 733 1262 733 1276 745 1276 747 1278 747 1280 747 1282 747 1283 747 1327 731 1327 718 1323 678 1271 669 1269 669 1218 678 1177 657 1175 657 1108 653 1106 653 1104 653 1102 653 1062 682 1024 655 1023 655 1021 655 1019 655 890 657 802 658 800 658 798 658 798 660 782 675 749 660 747 660 746 660 744 660 742 660 742 662 722 680 684 660 682 660 680 660 639 669 637 669 635 669 635 671 615 689 613 689 532 680 530 680 528 680 526 680 526 682 516 691 516 693 356 693 358 734"/></Shape>
	    <String CONTENT="قوله تعالى كولاك لما خلقت الأفلاك وعلم ومعرفت"
                    HPOS="356"
                    VPOS="653"
                    WIDTH="971"
                    HEIGHT="114"
                    WC="0.9593370226414307"></String>
          </TextLine>

          
          
          <TextLine ID="eSc_line_ce44d9b9"
                    TAGREFS="LT4834"
                    BASELINE="358 834 1329 812" 
                    HPOS="356"
                    VPOS="754"
                    WIDTH="973"
                    HEIGHT="109">
            <Shape><Polygon POINTS="358 834 358 859 436 863 438 863 440 863 465 856 499 847 510 854 512 856 514 856 516 856 517 856 519 856 521 856 523 854 534 845 564 852 597 859 599 859 601 859 639 848 680 838 700 847 717 854 718 854 720 854 793 843 843 836 883 839 938 845 939 845 981 836 1005 830 1021 834 1075 848 1077 848 1079 848 1081 848 1117 830 1120 828 1122 830 1148 847 1149 847 1151 847 1153 847 1155 847 1157 847 1187 828 1189 827 1196 827 1245 836 1247 836 1329 821 1329 812 1321 754 1236 781 1204 780 1186 760 1184 760 1184 758 1182 758 1180 758 1178 758 1177 758 1160 762 1095 780 1082 769 1082 767 1081 767 1079 767 1077 767 1075 767 1046 776 1024 769 1015 765 1014 765 1012 765 1010 765 1008 765 1003 769 981 783 916 789 881 776 856 765 854 765 852 765 787 767 785 767 784 767 766 781 753 790 742 783 727 769 726 769 724 769 689 769 688 769 686 769 684 769 662 787 650 796 592 796 559 792 516 785 514 785 429 794 389 778 387 778 385 778 383 778 382 778 356 794 358 834"/></Shape>
	    <String CONTENT="که درآدمی موجودست در افلاک و انحم و معادن و بانی"
                    HPOS="356"
                    VPOS="754"
                    WIDTH="973"
                    HEIGHT="109"
                    WC="0.9157128680725487"></String>
          </TextLine>

          
          
          <TextLine ID="eSc_line_7cf7324a"
                    TAGREFS="LT4834"
                    BASELINE="363 928 1325 912" 
                    HPOS="362"
                    VPOS="859"
                    WIDTH="963"
                    HEIGHT="98">
            <Shape><Polygon POINTS="363 928 363 944 378 955 380 955 382 955 383 957 469 957 469 955 470 955 516 941 543 952 545 952 546 952 548 952 586 941 597 952 599 952 601 952 603 953 644 953 644 952 646 952 704 937 718 948 720 948 722 948 760 950 762 950 764 950 766 950 782 937 865 948 867 948 869 948 900 933 928 944 930 944 932 944 934 944 936 944 936 943 947 932 1008 932 1024 932 1041 944 1043 944 1044 944 1046 944 1048 944 1066 935 1108 944 1110 944 1111 944 1148 930 1173 937 1175 937 1177 937 1265 928 1267 928 1283 939 1285 939 1287 939 1289 939 1291 939 1325 926 1325 912 1320 866 1273 874 1258 868 1238 859 1236 859 1235 859 1233 859 1231 859 1231 861 1220 870 1202 885 1137 872 1111 868 1110 868 1108 868 1106 868 1099 874 1082 885 1070 876 1059 865 1057 865 1055 865 1053 865 1052 865 1026 876 999 890 896 890 885 881 871 868 869 868 867 868 865 868 863 868 836 883 829 888 825 883 807 868 807 866 805 866 804 866 802 866 729 868 727 868 726 868 726 870 706 888 700 892 686 888 664 885 662 885 660 885 650 890 644 894 641 890 626 879 624 879 622 879 588 879 586 879 584 879 583 879 583 881 572 892 570 894 568 892 545 877 543 877 541 877 539 877 537 877 536 877 523 886 505 872 503 872 501 872 469 872 467 872 465 872 362 899 363 928"/></Shape>
	    <String CONTENT="حيوانات موجود نيست و آدمی را از جمله موجودات برگزيده"
                    HPOS="362"
                    VPOS="859"
                    WIDTH="963"
                    HEIGHT="98"
                    WC="0.9441799397738475"></String>
          </TextLine>

          
          
          <TextLine ID="eSc_line_9b1c7d35"
                    TAGREFS="LT4834"
                    BASELINE="356 1029 1330 1002" 
                    HPOS="354"
                    VPOS="935"
                    WIDTH="976"
                    HEIGHT="114">
            <Shape><Polygon POINTS="356 1029 356 1047 432 1040 467 1046 478 1047 479 1047 481 1047 485 1046 499 1038 510 1044 519 1049 521 1049 523 1049 592 1047 593 1047 608 1042 622 1035 651 1040 679 1044 680 1044 682 1044 708 1038 727 1033 733 1037 738 1042 740 1042 742 1042 744 1042 746 1042 747 1042 747 1040 749 1040 753 1037 756 1031 766 1035 782 1042 784 1042 785 1042 787 1042 809 1035 822 1029 825 1033 831 1038 831 1040 833 1040 834 1040 836 1040 1070 1035 1072 1035 1097 1024 1102 1022 1106 1024 1131 1033 1133 1033 1135 1033 1137 1033 1166 1022 1171 1019 1330 1015 1330 1002 1325 961 1144 964 1091 935 1090 935 1066 935 1064 935 1062 935 1061 935 1035 957 1008 939 1006 939 1005 939 1003 939 1001 939 999 939 986 950 943 943 941 943 939 943 938 943 923 953 890 941 889 941 887 941 769 957 744 946 742 946 740 946 738 946 693 971 666 952 664 952 662 952 660 952 590 955 588 955 566 968 548 952 548 950 546 950 545 950 543 950 463 953 461 953 459 953 421 984 421 986 354 986 356 1029"/></Shape>
	    <String CONTENT="است دين معنی که و لقد کرمنا بنی آدم و جملناهم"
                    HPOS="354"
                    VPOS="935"
                    WIDTH="976"
                    HEIGHT="114"
                    WC="0.8847322580607041"></String>
          </TextLine>

          
          
          <TextLine ID="eSc_line_985b274a"
                    TAGREFS="LT4834"
                    BASELINE="362 1120 1330 1107" 
                    HPOS="360"
                    VPOS="1040"
                    WIDTH="970"
                    HEIGHT="109">
            <Shape><Polygon POINTS="362 1120 362 1138 383 1149 385 1149 387 1149 440 1140 487 1149 488 1149 490 1149 492 1149 492 1147 505 1134 507 1133 521 1134 592 1147 593 1147 595 1147 626 1134 639 1129 657 1134 698 1145 700 1145 702 1145 704 1145 751 1133 775 1127 785 1133 807 1143 809 1143 811 1143 813 1143 814 1143 829 1133 834 1127 847 1133 874 1142 876 1142 878 1143 950 1143 950 1142 952 1142 974 1131 981 1127 985 1131 995 1140 995 1142 997 1142 999 1142 1001 1143 1034 1143 1034 1142 1035 1142 1037 1142 1037 1140 1048 1131 1055 1124 1113 1124 1126 1129 1146 1140 1148 1140 1149 1142 1187 1142 1187 1140 1189 1140 1191 1140 1206 1129 1216 1122 1256 1122 1269 1129 1283 1138 1285 1138 1287 1138 1289 1138 1291 1138 1330 1127 1330 1107 1329 1073 1263 1040 1262 1040 1260 1040 1178 1049 1053 1042 1052 1042 1050 1042 1048 1042 1048 1044 1012 1076 972 1076 950 1060 948 1060 947 1060 945 1060 943 1060 921 1069 907 1060 905 1060 903 1060 901 1060 900 1060 898 1060 881 1073 863 1060 861 1060 860 1060 858 1060 856 1060 823 1076 751 1076 668 1047 666 1047 664 1047 662 1047 660 1047 624 1075 615 1067 615 1066 613 1066 612 1066 610 1066 608 1066 579 1080 548 1060 546 1060 545 1060 543 1060 541 1060 494 1082 447 1067 445 1067 443 1067 441 1067 409 1084 360 1084 362 1120"/></Shape>
	    <String CONTENT="فی البر والبحر وچون مبد وجود آدمی از امرواجب"
                    HPOS="360"
                    VPOS="1040"
                    WIDTH="970"
                    HEIGHT="109"
                    WC="0.883968323469162"></String>
          </TextLine>

          
          
          <TextLine ID="eSc_line_ab9f6ef9"
                    TAGREFS="LT4834"
                    BASELINE="374 1223 1336 1200" 
                    HPOS="373"
                    VPOS="1149"
                    WIDTH="963"
                    HEIGHT="103">
            <Shape><Polygon POINTS="374 1223 374 1232 425 1245 427 1245 463 1239 478 1250 478 1252 479 1252 481 1252 483 1252 568 1250 570 1250 572 1250 590 1236 608 1248 610 1248 612 1248 613 1250 670 1250 670 1248 726 1247 727 1247 729 1247 729 1245 749 1225 794 1245 796 1245 798 1245 800 1245 802 1245 836 1225 854 1241 854 1243 856 1243 858 1243 860 1245 889 1245 889 1243 890 1243 930 1221 1032 1228 1034 1228 1035 1228 1059 1218 1111 1227 1113 1227 1115 1227 1153 1218 1166 1227 1168 1227 1169 1227 1171 1227 1173 1227 1206 1214 1238 1227 1240 1227 1242 1227 1244 1227 1245 1227 1263 1214 1280 1223 1282 1223 1283 1223 1285 1223 1336 1209 1336 1200 1330 1149 1244 1169 1216 1169 1202 1154 1202 1152 1200 1152 1198 1152 1196 1152 1195 1152 1193 1152 1191 1154 1178 1165 1155 1156 1149 1154 1148 1154 1146 1154 1144 1154 1142 1154 1140 1156 1126 1169 1111 1158 1110 1156 1108 1156 1106 1156 1104 1156 1102 1156 1091 1158 1035 1174 995 1174 986 1163 977 1156 977 1154 976 1154 974 1154 972 1154 970 1154 928 1165 912 1171 907 1167 900 1160 900 1158 898 1158 896 1158 816 1158 814 1158 813 1158 764 1172 738 1181 675 1181 668 1178 646 1167 644 1167 642 1167 641 1167 603 1178 546 1165 545 1165 543 1165 501 1183 490 1176 488 1176 487 1176 485 1176 436 1187 420 1174 420 1172 418 1172 416 1172 414 1172 412 1172 373 1187 374 1223"/></Shape>
	    <String CONTENT="الوجود موجود شد و مقصود آفريش اين عالم او بود واد"
                    HPOS="373"
                    VPOS="1149"
                    WIDTH="963"
                    HEIGHT="103"
                    WC="0.8656228661537171"></String>
          </TextLine>

          
          
          <TextLine ID="eSc_line_efc2c3a8"
                    TAGREFS="LT4834"
                    BASELINE="367 1317 1332 1301" 
                    HPOS="365"
                    VPOS="1248"
                    WIDTH="967"
                    HEIGHT="104">
            <Shape><Polygon POINTS="367 1317 367 1330 394 1341 396 1341 398 1341 456 1332 479 1350 481 1350 483 1350 485 1350 487 1350 523 1335 536 1348 536 1350 537 1350 539 1350 541 1352 572 1352 572 1350 574 1350 575 1350 575 1348 595 1330 617 1348 619 1348 621 1348 622 1350 688 1350 688 1348 744 1346 746 1346 747 1346 769 1330 785 1343 787 1343 789 1343 849 1344 851 1344 852 1344 854 1344 876 1324 914 1337 916 1337 918 1337 919 1337 921 1337 921 1335 936 1321 1010 1321 1113 1341 1115 1341 1117 1341 1119 1341 1119 1339 1120 1339 1129 1328 1227 1317 1254 1335 1256 1335 1258 1335 1260 1335 1262 1335 1332 1314 1332 1301 1327 1268 1300 1268 1298 1268 1278 1250 1276 1250 1274 1250 1273 1250 1271 1250 1269 1250 1247 1268 1245 1270 1175 1270 1173 1268 1146 1254 1144 1254 1142 1254 1140 1254 1108 1268 1102 1272 1099 1268 1073 1252 1072 1252 1070 1252 1068 1252 1023 1257 1021 1257 1019 1257 1005 1270 1001 1272 997 1270 985 1259 985 1257 983 1257 981 1257 923 1248 921 1248 919 1248 918 1248 918 1250 896 1270 894 1274 858 1277 744 1277 733 1272 700 1252 698 1252 697 1252 695 1252 624 1254 622 1254 563 1274 537 1283 492 1283 479 1274 456 1257 454 1257 452 1257 382 1257 380 1257 378 1257 376 1257 376 1259 365 1267 367 1317"/></Shape>
	    <String CONTENT="شريف برجوهری ست پش هرآدم عاقل را واجب باشد که"
                    HPOS="365"
                    VPOS="1248"
                    WIDTH="967"
                    HEIGHT="104"
                    WC="0.9255752420943716"></String>
          </TextLine>

          
          
          <TextLine ID="eSc_line_b303662b"
                    TAGREFS="LT4834"
                    BASELINE="365 1413 1336 1393" 
                    HPOS="363"
                    VPOS="1341"
                    WIDTH="973"
                    HEIGHT="96">
            <Shape><Polygon POINTS="365 1413 365 1422 519 1431 521 1431 523 1431 543 1422 559 1435 561 1435 563 1435 564 1437 628 1437 628 1435 630 1435 662 1424 700 1433 702 1433 704 1433 706 1433 744 1419 804 1431 805 1431 894 1413 918 1428 919 1428 921 1428 923 1429 963 1429 963 1428 965 1428 967 1428 967 1426 985 1411 1010 1411 1023 1422 1023 1424 1024 1424 1026 1424 1028 1424 1097 1409 1128 1417 1129 1417 1131 1417 1186 1408 1200 1419 1202 1419 1204 1419 1206 1419 1207 1419 1249 1406 1294 1420 1296 1420 1298 1420 1300 1420 1336 1402 1336 1393 1330 1355 1204 1362 1191 1357 1155 1341 1153 1341 1151 1341 1149 1341 1148 1341 1128 1359 1124 1362 1111 1359 1095 1353 1093 1353 1091 1353 1090 1353 1070 1359 1046 1366 1039 1359 1021 1343 1021 1341 1019 1341 1017 1341 977 1341 976 1341 916 1348 914 1348 912 1348 889 1362 874 1371 811 1371 802 1364 782 1348 780 1348 778 1348 776 1348 775 1348 735 1364 727 1368 717 1366 664 1352 662 1352 660 1352 659 1352 657 1352 633 1366 630 1368 606 1368 603 1368 586 1352 586 1350 584 1350 583 1350 555 1350 554 1350 552 1350 550 1350 550 1352 534 1368 525 1377 481 1373 478 1370 456 1352 454 1352 452 1352 450 1352 387 1353 385 1353 383 1353 363 1366 365 1413"/></Shape>
	    <String CONTENT="مبد و معاد خود را چنانچه شرط است بجای آرد و بداند که"
                    HPOS="363"
                    VPOS="1341"
                    WIDTH="973"
                    HEIGHT="96"
                    WC="0.9079541867634036"></String>
          </TextLine>

          
          
          <TextLine ID="eSc_line_2fdde156"
                    TAGREFS="LT4834"
                    BASELINE="383 1514 1347 1495" 
                    HPOS="382"
                    VPOS="1424"
                    WIDTH="965"
                    HEIGHT="116">
            <Shape><Polygon POINTS="383 1514 383 1525 450 1540 452 1540 454 1540 488 1525 552 1540 554 1540 631 1538 633 1538 662 1525 704 1536 706 1536 708 1536 709 1536 735 1524 775 1534 776 1534 778 1534 858 1516 860 1516 861 1516 903 1533 905 1533 907 1533 909 1533 910 1533 910 1531 927 1514 928 1514 939 1514 1126 1527 1128 1527 1129 1527 1131 1527 1131 1525 1148 1511 1148 1509 1240 1509 1269 1524 1271 1524 1273 1524 1274 1524 1276 1524 1276 1522 1278 1522 1287 1509 1345 1505 1347 1495 1343 1426 1256 1424 1254 1424 1253 1424 1242 1429 1198 1455 1158 1455 1131 1435 1119 1426 1117 1426 1115 1426 1093 1426 1091 1426 1090 1426 1088 1426 1088 1428 1075 1438 1070 1444 1061 1438 1037 1428 1035 1428 1034 1428 1032 1428 1030 1428 1030 1429 1017 1440 997 1460 948 1460 932 1446 916 1431 914 1431 912 1431 858 1431 856 1431 854 1431 804 1451 778 1462 766 1453 740 1435 738 1435 737 1435 708 1435 706 1435 704 1435 702 1435 682 1453 666 1442 664 1442 662 1442 660 1442 659 1442 624 1460 612 1467 543 1467 537 1464 523 1453 521 1453 519 1453 517 1453 516 1453 514 1453 492 1467 488 1469 438 1469 425 1458 425 1457 423 1457 421 1457 420 1457 418 1457 382 1469 383 1514"/></Shape>
	    <String CONTENT="از کجا آمده و بچه کار آمده و بازکشت او به حجا خوايد بود تا خود را و"
                    HPOS="382"
                    VPOS="1424"
                    WIDTH="965"
                    HEIGHT="116"
                    WC="0.8364060205825861"></String>
          </TextLine>

          
          
          <TextLine ID="eSc_line_41ab8030"
                    TAGREFS="LT4834"
                    BASELINE="383 1618 1347 1589" 
                    HPOS="382"
                    VPOS="1522"
                    WIDTH="965"
                    HEIGHT="123">
            <Shape><Polygon POINTS="383 1618 383 1632 412 1645 414 1645 416 1645 418 1645 420 1645 440 1630 450 1623 459 1630 479 1643 481 1643 483 1643 485 1643 487 1643 530 1627 546 1621 572 1625 603 1630 604 1630 606 1630 630 1623 648 1618 653 1623 668 1634 668 1636 670 1636 671 1636 673 1636 675 1636 677 1636 677 1634 693 1621 693 1619 697 1621 737 1634 738 1634 740 1634 742 1634 744 1634 762 1623 802 1634 804 1634 805 1634 807 1634 809 1634 833 1616 838 1610 874 1610 881 1614 901 1629 903 1629 905 1629 907 1629 909 1629 910 1629 932 1612 936 1609 985 1607 997 1610 1052 1625 1053 1625 1055 1627 1106 1627 1106 1625 1108 1625 1133 1612 1162 1623 1164 1623 1166 1623 1168 1623 1222 1601 1225 1600 1227 1601 1251 1619 1253 1619 1254 1619 1256 1621 1283 1621 1283 1619 1285 1619 1287 1619 1287 1618 1303 1600 1345 1596 1347 1589 1341 1522 1273 1527 1271 1527 1218 1552 1157 1552 1117 1533 1111 1531 1110 1531 1108 1531 1106 1531 1104 1531 1101 1534 1082 1547 1064 1536 1055 1533 1053 1533 1052 1533 1050 1533 1048 1533 1048 1534 1044 1538 1026 1556 994 1542 992 1542 990 1542 988 1542 986 1542 986 1543 968 1560 919 1560 900 1545 887 1534 885 1534 883 1534 861 1534 860 1534 762 1538 760 1538 758 1538 758 1540 744 1554 733 1565 657 1560 651 1560 624 1542 622 1542 621 1542 619 1542 617 1542 586 1556 570 1545 568 1545 566 1545 564 1545 563 1545 561 1545 561 1547 545 1562 523 1551 521 1551 519 1551 517 1551 481 1567 458 1554 456 1554 454 1554 452 1554 450 1554 423 1572 420 1576 382 1576 383 1618"/></Shape>
	    <String CONTENT="آفر يش عالم را بداند و باطل نکرده باشد و اين معنی"
                    HPOS="382"
                    VPOS="1522"
                    WIDTH="965"
                    HEIGHT="123"
                    WC="0.9080634868144989"></String>
          </TextLine>

          
          
          <TextLine ID="eSc_line_b73f8d1d"
                    TAGREFS="LT4834"
                    BASELINE="378 1708 1345 1694" 
                    HPOS="376"
                    VPOS="1627"
                    WIDTH="969"
                    HEIGHT="105">
            <Shape><Polygon POINTS="378 1708 378 1717 396 1732 398 1732 400 1732 402 1732 403 1732 423 1723 532 1730 534 1730 536 1730 537 1730 555 1714 557 1714 592 1723 593 1723 595 1723 597 1723 613 1714 628 1726 628 1728 630 1728 631 1728 633 1728 635 1728 668 1714 673 1712 697 1714 771 1723 773 1723 775 1723 776 1723 776 1721 784 1714 789 1710 845 1710 851 1715 861 1723 861 1724 863 1724 865 1724 867 1726 909 1726 909 1724 910 1724 930 1715 945 1708 983 1715 1024 1723 1026 1723 1028 1723 1030 1723 1039 1715 1046 1708 1104 1705 1133 1705 1144 1715 1148 1717 1148 1719 1149 1719 1151 1719 1153 1719 1155 1719 1166 1715 1200 1705 1227 1715 1235 1719 1236 1719 1238 1719 1345 1715 1345 1694 1341 1641 1220 1627 1218 1627 1216 1627 1187 1641 1177 1630 1177 1629 1175 1629 1173 1629 1119 1629 1117 1629 1115 1629 1113 1629 1113 1630 1097 1647 1091 1654 1044 1654 1039 1647 1023 1632 1023 1630 1021 1630 1019 1630 986 1630 985 1630 983 1630 945 1648 936 1654 932 1650 914 1634 914 1632 912 1632 910 1632 883 1632 881 1632 880 1632 834 1652 823 1657 697 1657 693 1656 680 1643 680 1641 679 1641 677 1641 639 1636 637 1636 635 1636 633 1636 601 1656 572 1638 570 1638 568 1638 566 1638 564 1638 485 1659 476 1663 376 1663 378 1708"/></Shape>
	    <String CONTENT="جز به معرفت آفريد کارخ سجانه تعالی حاصل نيست و"
                    HPOS="376"
                    VPOS="1627"
                    WIDTH="969"
                    HEIGHT="105"
                    WC="0.8796717860597245"></String>
          </TextLine>

          
          
          <TextLine ID="eSc_line_cbaf4e8b"
                    TAGREFS="LT4834"
                    BASELINE="387 1811 1338 1790" 
                    HPOS="383"
                    VPOS="1728"
                    WIDTH="955"
                    HEIGHT="114">
            <Shape><Polygon POINTS="387 1811 387 1820 430 1824 447 1840 447 1842 449 1842 450 1842 452 1842 541 1840 543 1840 545 1840 575 1819 622 1817 684 1837 686 1837 688 1837 793 1813 851 1828 852 1828 854 1828 856 1828 858 1828 869 1819 988 1826 990 1826 992 1826 1034 1813 1057 1826 1059 1826 1061 1826 1178 1804 1193 1813 1195 1813 1196 1813 1198 1813 1251 1806 1271 1819 1273 1819 1274 1819 1276 1819 1278 1819 1338 1799 1338 1790 1334 1741 1282 1737 1280 1737 1278 1737 1276 1737 1273 1741 1263 1748 1251 1741 1229 1728 1227 1728 1225 1728 1178 1730 1177 1730 1175 1730 1162 1741 1149 1753 1095 1753 1082 1741 1073 1733 1073 1732 1072 1732 1070 1732 1044 1732 1043 1732 1041 1732 1021 1741 1001 1752 977 1743 970 1739 968 1739 967 1739 965 1739 957 1743 925 1757 863 1743 860 1743 858 1743 856 1743 854 1743 854 1744 838 1759 738 1744 737 1744 657 1755 626 1744 624 1744 622 1744 621 1744 619 1744 619 1746 601 1764 557 1753 555 1753 554 1753 552 1753 525 1768 485 1768 454 1746 452 1746 450 1746 383 1746 387 1811"/></Shape>
	    <String CONTENT="معرفت آفريد کارجز به معرفت رسول عليه السلام و فرزندان"
                    HPOS="383"
                    VPOS="1728"
                    WIDTH="955"
                    HEIGHT="114"
                    WC="0.9103853846037829"></String>
          </TextLine>

          
        </TextBlock>
        
        <TextBlock HPOS="744"
                   VPOS="159"
                   WIDTH="150"
                   HEIGHT="63"
                   ID="eSc_textblock_21ea53a1"
                   TAGREFS="BT16059">
          <Shape><Polygon POINTS="787 159 887 166 894 222 744 222 744 181 787 159"/></Shape>
          
          
          <TextLine ID="eSc_line_76954494"
                    TAGREFS="LT4834"
                    BASELINE="773 209 849 206" 
                    HPOS="769"
                    VPOS="166"
                    WIDTH="80"
                    HEIGHT="71">
            <Shape><Polygon POINTS="773 209 773 237 849 235 849 206 845 173 807 166 805 166 804 166 769 179 773 209"/></Shape>
	    <String CONTENT=""
                    HPOS="769"
                    VPOS="166"
                    WIDTH="80"
                    HEIGHT="71"></String>
          </TextLine>

          
        </TextBlock>
        
        <TextBlock HPOS="376"
                   VPOS="1838"
                   WIDTH="1016"
                   HEIGHT="93"
                   ID="eSc_textblock_82072326"
                   TAGREFS="BT16058">
          <Shape><Polygon POINTS="497 1838 1363 1838 1392 1902 773 1931 376 1895 391 1853 497 1838"/></Shape>
          
          
          <TextLine ID="eSc_line_2440fe78"
                    TAGREFS="LT4834"
                    BASELINE="762 1896 1343 1886" 
                    HPOS="760"
                    VPOS="1838"
                    WIDTH="583"
                    HEIGHT="95">
            <Shape><Polygon POINTS="1249 1838 1238 1838 1225 1851 1148 1838 1146 1838 1144 1838 1142 1838 1122 1851 1015 1842 1014 1842 945 1857 921 1844 919 1844 918 1844 916 1844 914 1844 914 1846 903 1857 876 1846 874 1846 872 1846 871 1846 836 1858 778 1851 776 1851 775 1851 773 1851 760 1857 762 1896 762 1927 863 1920 883 1925 907 1933 909 1933 910 1933 912 1933 938 1924 956 1918 1008 1922 1117 1929 1119 1929 1120 1929 1144 1916 1149 1914 1164 1916 1244 1927 1245 1927 1343 1909 1343 1886 1340 1851 1254 1838 1249 1838"/></Shape>
	    <String CONTENT="اه از سوره الاسری را اناهد"
                    HPOS="760"
                    VPOS="1838"
                    WIDTH="583"
                    HEIGHT="95"
                    WC="0.9046337398198935"></String>
          </TextLine>

          
        </TextBlock>
        
        <TextBlock HPOS="794"
                   VPOS="1940"
                   WIDTH="144"
                   HEIGHT="107"
                   ID="eSc_textblock_e19059c3"
                   TAGREFS="BT16061">
          <Shape><Polygon POINTS="838 1940 938 1954 916 2047 794 2018 838 1940"/></Shape>
          
          
          <TextLine ID="eSc_line_56c6fcca"
                    TAGREFS="LT4834"
                    BASELINE="840 2007 905 1998" 
                    HPOS="831"
                    VPOS="1947"
                    WIDTH="76"
                    HEIGHT="87">
            <Shape><Polygon POINTS="885 1947 831 1958 840 2007 842 2027 863 2034 865 2034 867 2034 869 2034 907 2016 905 1998 894 1947 885 1947"/></Shape>
	    <String CONTENT="حق"
                    HPOS="831"
                    VPOS="1947"
                    WIDTH="76"
                    HEIGHT="87"
                    WC="0.9410251379013062"></String>
          </TextLine>

          
        </TextBlock>
        
        <TextBlock HPOS="268"
                   VPOS="376"
                   WIDTH="56"
                   HEIGHT="78"
                   ID="eSc_textblock_39087b31"
                   TAGREFS="BT16062">
          <Shape><Polygon POINTS="282 376 324 412 316 454 268 439 282 376"/></Shape>
          
        </TextBlock>
        

        
      </PrintSpace>
    </Page>
  </Layout>
</alto>
