<?xml version="1.0" encoding="UTF-8"?>
<alto xmlns:xsi="http://www.w3.org/2001/XMLSchema-instance"
      xmlns="http://www.loc.gov/standards/alto/ns-v4#"
      xsi:schemaLocation="http://www.loc.gov/standards/alto/ns-v4# http://www.loc.gov/standards/alto/v4/alto-4-2.xsd">
  <Description>
    <MeasurementUnit>pixel</MeasurementUnit>
    <sourceImageInformation>
      <fileName>TwoIsmailiTreatises064.jpg</fileName>
      
    </sourceImageInformation>
  </Description>
  
  <Tags>
    <OtherTag ID="BT16074" LABEL="MarginTextZone:commentary" DESCRIPTION="block type MarginTextZone:commentary"/><OtherTag ID="BT16073" LABEL="MarginTextZone:note#1" DESCRIPTION="block type MarginTextZone:note#1"/><OtherTag ID="BT16072" LABEL="MainZone:column#2" DESCRIPTION="block type MainZone:column#2"/><OtherTag ID="BT16071" LABEL="MainZone:column#3" DESCRIPTION="block type MainZone:column#3"/><OtherTag ID="BT16070" LABEL="GraphicZone:illustration" DESCRIPTION="block type GraphicZone:illustration"/><OtherTag ID="BT16069" LABEL="MainZone:column#1" DESCRIPTION="block type MainZone:column#1"/><OtherTag ID="BT16068" LABEL="MarginTextZone:note#2" DESCRIPTION="block type MarginTextZone:note#2"/><OtherTag ID="BT16067" LABEL="CustomZone:publication" DESCRIPTION="block type CustomZone:publication"/><OtherTag ID="BT16066" LABEL="RunningTitleZone" DESCRIPTION="block type RunningTitleZone"/><OtherTag ID="BT16065" LABEL="NumberingZone" DESCRIPTION="block type NumberingZone"/><OtherTag ID="BT16064" LABEL="default" DESCRIPTION="block type default"/><OtherTag ID="BT16063" LABEL="TitlePageZone" DESCRIPTION="block type TitlePageZone"/><OtherTag ID="BT16062" LABEL="NumberingZone:other" DESCRIPTION="block type NumberingZone:other"/><OtherTag ID="BT16061" LABEL="QuireMarksZone:catchwords" DESCRIPTION="block type QuireMarksZone:catchwords"/><OtherTag ID="BT16060" LABEL="MainZone" DESCRIPTION="block type MainZone"/><OtherTag ID="BT16059" LABEL="NumberingZone:page" DESCRIPTION="block type NumberingZone:page"/><OtherTag ID="BT16058" LABEL="MarginTextZone:note" DESCRIPTION="block type MarginTextZone:note"/><OtherTag ID="BT16057" LABEL="DigitizationArtefactZone" DESCRIPTION="block type DigitizationArtefactZone"/><OtherTag ID="BT4" LABEL="Illustration" DESCRIPTION="block type Illustration"/><OtherTag ID="BT3" LABEL="Commentary" DESCRIPTION="block type Commentary"/><OtherTag ID="BT2" LABEL="Main" DESCRIPTION="block type Main"/><OtherTag ID="BT1" LABEL="Title" DESCRIPTION="block type Title"/>
    <OtherTag ID="LT4834" LABEL="DefaultLine" DESCRIPTION="line type DefaultLine"/><OtherTag ID="LT4835" LABEL="HeadingLine:title" DESCRIPTION="line type HeadingLine:title"/>
  </Tags>
  
  <Layout>
    <Page WIDTH="1459"
          HEIGHT="2153"
          PHYSICAL_IMG_NR="60"
          ID="eSc_dummypage_">
      <PrintSpace HPOS="0"
                  VPOS="0"
                  WIDTH="1459"
                  HEIGHT="2153">
        
        <TextBlock HPOS="344"
                   VPOS="265"
                   WIDTH="1021"
                   HEIGHT="1670"
                   ID="eSc_textblock_6bb5b416"
                   TAGREFS="BT16060">
          <Shape><Polygon POINTS="694 265 814 287 793 322 814 507 807 543 764 559 807 651 757 667 807 710 821 782 814 1254 1322 1234 1344 1263 1322 1297 872 1298 1344 1320 1322 1342 1351 1363 1329 1476 864 1492 888 1514 1315 1507 1344 1528 1336 1577 830 1577 821 1612 1336 1621 1358 1713 1301 1734 1358 1801 1365 1900 1344 1914 909 1914 864 1935 802 1914 701 1935 416 1900 563 1880 594 1729 351 1699 344 710 358 653 385 653 387 717 416 667 507 660 351 644 344 617 491 595 491 572 387 572 358 545 471 538 484 522 416 495 543 459 409 450 466 430 344 394 358 366 480 357 394 344 637 328 515 306 536 279 694 265"/></Shape>
          
          
          <TextLine ID="eSc_line_c7d611af"
                    TAGREFS="LT4834"
                    BASELINE="586 331 766 324" 
                    HPOS="586"
                    VPOS="269"
                    WIDTH="180"
                    HEIGHT="107">
            <Shape><Polygon POINTS="744 274 726 270 725 269 678 272 676 272 628 297 620 328 602 330 588 330 586 331 586 357 651 376 653 376 655 376 656 376 678 366 717 376 719 376 721 376 723 376 766 355 766 324 759 276 744 274"/></Shape>
	    <String CONTENT="کون ترتب"
                    HPOS="586"
                    VPOS="269"
                    WIDTH="180"
                    HEIGHT="107"
                    WC="0.9391076490283012"></String>
          </TextLine>

          
          
          <TextLine ID="eSc_line_291514a8"
                    TAGREFS="LT4834"
                    BASELINE="594 428 768 425" 
                    HPOS="592"
                    VPOS="369"
                    WIDTH="176"
                    HEIGHT="92">
            <Shape><Polygon POINTS="594 428 594 444 733 461 735 461 737 461 739 461 768 441 768 425 759 369 725 392 698 380 680 371 678 371 676 371 674 371 644 389 628 398 592 398 594 428"/></Shape>
	    <String CONTENT="کون تضاد"
                    HPOS="592"
                    VPOS="369"
                    WIDTH="176"
                    HEIGHT="92"
                    WC="0.9278208389878273"></String>
          </TextLine>

          
          
          <TextLine ID="eSc_line_dbddf1c0"
                    TAGREFS="LT4834"
                    BASELINE="567 527 771 523" 
                    HPOS="565"
                    VPOS="473"
                    WIDTH="206"
                    HEIGHT="90">
            <Shape><Polygon POINTS="567 527 567 540 733 563 735 563 737 563 739 563 771 538 771 523 764 473 696 493 649 488 611 482 610 482 608 482 606 482 606 484 594 493 590 498 565 498 567 527"/></Shape>
	    <String CONTENT="کون وحدت"
                    HPOS="565"
                    VPOS="473"
                    WIDTH="206"
                    HEIGHT="90"
                    WC="0.9291660338640213"></String>
          </TextLine>

          
          
          <TextLine ID="eSc_line_5ee61334"
                    TAGREFS="LT4834"
                    BASELINE="351 635 696 633 762 626" 
                    HPOS="349"
                    VPOS="565"
                    WIDTH="413"
                    HEIGHT="107">
            <Shape><Polygon POINTS="475 597 468 597 459 604 412 604 403 606 385 610 367 611 349 615 351 635 353 662 376 651 445 651 479 662 500 669 502 669 504 669 506 669 507 669 515 662 525 654 561 660 563 660 565 660 583 651 604 662 620 671 622 671 624 672 672 672 672 671 674 671 676 671 676 669 683 662 687 660 690 662 699 671 701 671 703 671 705 671 760 662 762 626 753 565 707 595 667 579 665 579 663 579 662 579 637 592 622 577 611 568 611 566 610 566 608 566 552 566 550 566 516 568 515 568 513 568 477 592 475 592 475 597"/></Shape>
	    <String CONTENT="لوح و قلم و عرش و گری"
                    HPOS="349"
                    VPOS="565"
                    WIDTH="413"
                    HEIGHT="107"
                    WC="0.9206971270697457"></String>
          </TextLine>

          
          
          <TextLine ID="eSc_line_b08fce04"
                    TAGREFS="LT4834"
                    BASELINE="364 732 418 726" 
                    HPOS="358"
                    VPOS="681"
                    WIDTH="60"
                    HEIGHT="67">
            <Shape><Polygon POINTS="396 699 389 687 358 696 364 732 367 748 418 733 418 726 409 681 405 681 396 699"/></Shape>
	    <String CONTENT=""
                    HPOS="358"
                    VPOS="681"
                    WIDTH="60"
                    HEIGHT="67"></String>
          </TextLine>

          
          
          <TextLine ID="eSc_line_beb8ff43"
                    TAGREFS="LT4834"
                    BASELINE="554 730 768 721" 
                    HPOS="550"
                    VPOS="671"
                    WIDTH="218"
                    HEIGHT="91">
            <Shape><Polygon POINTS="762 672 730 671 728 671 726 671 725 671 725 672 717 678 712 683 701 679 681 672 680 672 678 672 676 672 674 672 656 683 647 688 633 685 617 681 615 681 613 681 550 692 554 730 554 748 680 762 681 762 683 762 768 739 768 721 764 676 762 672"/></Shape>
	    <String CONTENT="متشبهان"
                    HPOS="550"
                    VPOS="671"
                    WIDTH="218"
                    HEIGHT="91"
                    WC="0.9884584035192218"></String>
          </TextLine>

          
          
          <TextLine ID="eSc_line_18fe1034"
                    TAGREFS="LT4834"
                    BASELINE="362 830 400 823" 
                    HPOS="355"
                    VPOS="784"
                    WIDTH="46"
                    HEIGHT="64">
            <Shape><Polygon POINTS="362 830 364 848 401 846 400 823 387 784 355 794 362 830"/></Shape>
	    <String CONTENT=""
                    HPOS="355"
                    VPOS="784"
                    WIDTH="46"
                    HEIGHT="64"></String>
          </TextLine>

          
          
          <TextLine ID="eSc_line_ff71b366"
                    TAGREFS="LT4834"
                    BASELINE="646 821 769 816" 
                    HPOS="642"
                    VPOS="769"
                    WIDTH="127"
                    HEIGHT="83">
            <Shape><Polygon POINTS="646 821 646 841 725 852 726 852 728 852 769 834 769 816 766 769 687 769 685 769 683 769 681 769 681 771 669 784 665 789 642 789 646 821"/></Shape>
	    <String CONTENT="مجادله"
                    HPOS="642"
                    VPOS="769"
                    WIDTH="127"
                    HEIGHT="83"
                    WC="0.9363414545853933"></String>
          </TextLine>

          
          
          <TextLine ID="eSc_line_123ec37b"
                    TAGREFS="LT4834"
                    BASELINE="355 925 769 915" 
                    HPOS="353"
                    VPOS="871"
                    WIDTH="416"
                    HEIGHT="79">
            <Shape><Polygon POINTS="355 925 355 936 421 950 423 950 425 950 470 936 531 947 532 947 656 931 685 943 687 943 689 943 769 925 769 915 762 871 730 882 701 873 698 873 696 873 694 873 680 875 626 886 594 880 577 877 576 877 574 877 565 880 554 886 534 882 506 879 504 879 502 879 489 886 480 889 448 888 380 882 378 882 376 882 353 889 355 925"/></Shape>
	    <String CONTENT="محقان"
                    HPOS="353"
                    VPOS="871"
                    WIDTH="416"
                    HEIGHT="79"
                    WC="0.9095553278923034"></String>
          </TextLine>

          
          
          <TextLine ID="eSc_line_79362a24"
                    TAGREFS="LT4834"
                    BASELINE="366 1017 771 1010" 
                    HPOS="364"
                    VPOS="947"
                    WIDTH="407"
                    HEIGHT="95">
            <Shape><Polygon POINTS="366 1017 366 1028 385 1042 387 1042 389 1042 391 1042 393 1042 394 1042 416 1026 466 1024 506 1040 507 1040 565 1042 567 1042 568 1042 599 1028 665 1040 667 1040 771 1017 771 1010 769 958 755 947 753 947 751 947 712 947 710 947 708 947 676 963 588 949 586 949 585 949 525 976 518 979 515 977 507 970 506 970 504 970 502 970 500 970 498 970 498 972 491 977 488 983 409 983 387 972 385 972 384 972 382 972 380 972 364 981 366 1017"/></Shape>
	    <String CONTENT="محققان ر قايميان"
                    HPOS="364"
                    VPOS="947"
                    WIDTH="407"
                    HEIGHT="95"
                    WC="0.9089269582182169"></String>
          </TextLine>

          
          
          <TextLine ID="eSc_line_511e0993"
                    TAGREFS="LT4834"
                    BASELINE="355 1110 769 1103" 
                    HPOS="353"
                    VPOS="1051"
                    WIDTH="416"
                    HEIGHT="84">
            <Shape><Polygon POINTS="355 1110 355 1121 375 1135 376 1135 378 1135 380 1135 382 1135 384 1135 398 1123 448 1133 450 1133 452 1133 454 1133 475 1117 662 1135 663 1135 769 1115 769 1103 760 1051 725 1072 685 1058 683 1058 681 1058 680 1058 678 1058 655 1074 631 1056 629 1054 628 1054 626 1054 572 1054 570 1054 568 1054 567 1054 567 1056 563 1058 543 1078 353 1067 355 1110"/></Shape>
	    <String CONTENT="مخققان روزگار ها ها"
                    HPOS="353"
                    VPOS="1051"
                    WIDTH="416"
                    HEIGHT="84"
                    WC="0.8868848210886905"></String>
          </TextLine>

          
          
          <TextLine ID="eSc_line_bbe0b652"
                    TAGREFS="LT4834"
                    BASELINE="366 1211 418 1207" 
                    HPOS="362"
                    VPOS="1155"
                    WIDTH="56"
                    HEIGHT="66">
            <Shape><Polygon POINTS="366 1211 366 1221 418 1216 418 1207 410 1155 362 1164 366 1211"/></Shape>
	    <String CONTENT=""
                    HPOS="362"
                    VPOS="1155"
                    WIDTH="56"
                    HEIGHT="66"></String>
          </TextLine>

          
          
          <TextLine ID="eSc_line_2344adc6"
                    TAGREFS="LT4834"
                    BASELINE="486 1209 771 1203" 
                    HPOS="484"
                    VPOS="1146"
                    WIDTH="287"
                    HEIGHT="91">
            <Shape><Polygon POINTS="486 1209 486 1223 577 1237 579 1237 581 1237 583 1237 601 1227 672 1236 674 1236 771 1218 771 1203 764 1151 714 1169 655 1160 642 1148 642 1146 640 1146 638 1146 590 1146 588 1146 586 1146 585 1146 585 1148 570 1160 554 1155 552 1155 550 1155 549 1155 547 1155 524 1171 518 1175 484 1175 486 1209"/></Shape>
	    <String CONTENT="مخققان وقاميان"
                    HPOS="484"
                    VPOS="1146"
                    WIDTH="287"
                    HEIGHT="91"
                    WC="0.8785347810813359"></String>
          </TextLine>

          
          
          <TextLine ID="eSc_line_b98a70f9"
                    TAGREFS="LT4834"
                    BASELINE="357 1309 439 1307" 
                    HPOS="355"
                    VPOS="1261"
                    WIDTH="84"
                    HEIGHT="68">
            <Shape><Polygon POINTS="357 1309 357 1322 385 1329 387 1329 439 1316 439 1307 436 1266 355 1261 357 1309"/></Shape>
	    <String CONTENT=""
                    HPOS="355"
                    VPOS="1261"
                    WIDTH="84"
                    HEIGHT="68"></String>
          </TextLine>

          
          
          <TextLine ID="eSc_line_fa9f5c50"
                    TAGREFS="LT4834"
                    BASELINE="479 1309 766 1302" 
                    HPOS="477"
                    VPOS="1254"
                    WIDTH="289"
                    HEIGHT="80">
            <Shape><Polygon POINTS="479 1309 479 1324 540 1334 541 1334 543 1334 592 1322 617 1333 619 1333 620 1333 764 1316 766 1302 759 1254 714 1273 671 1273 646 1261 637 1257 635 1257 633 1257 631 1257 629 1257 624 1263 615 1270 597 1264 579 1259 577 1259 576 1259 574 1259 572 1259 572 1261 565 1266 556 1275 534 1268 524 1266 522 1266 520 1266 518 1266 516 1266 516 1268 513 1270 506 1277 477 1273 479 1309"/></Shape>
	    <String CONTENT="تحمد ل خداوند"
                    HPOS="477"
                    VPOS="1254"
                    WIDTH="289"
                    HEIGHT="80"
                    WC="0.9529436597457299"></String>
          </TextLine>

          
          
          <TextLine ID="eSc_line_1a429166"
                    TAGREFS="LT4834"
                    BASELINE="866 1311 1146 1309" 
                    HPOS="864"
                    VPOS="1290"
                    WIDTH="282"
                    HEIGHT="44">
            <Shape><Polygon POINTS="1134 1306 1116 1306 1098 1307 1080 1307 1062 1306 1044 1306 1026 1306 1008 1304 990 1304 972 1302 954 1302 936 1300 918 1300 900 1298 882 1298 879 1290 864 1290 866 1311 866 1325 1092 1334 1094 1334 1146 1322 1146 1309 1144 1307 1134 1306"/></Shape>
	    <String CONTENT=""
                    HPOS="864"
                    VPOS="1290"
                    WIDTH="282"
                    HEIGHT="44"></String>
          </TextLine>

          
          
          <TextLine ID="eSc_line_9bebe6be"
                    TAGREFS="LT4834"
                    BASELINE="364 1406 414 1406" 
                    HPOS="364"
                    VPOS="1365"
                    WIDTH="50"
                    HEIGHT="72">
            <Shape><Polygon POINTS="364 1406 364 1437 414 1424 414 1406 414 1368 364 1365 364 1406"/></Shape>
	    <String CONTENT="ا"
                    HPOS="364"
                    VPOS="1365"
                    WIDTH="50"
                    HEIGHT="72"
                    WC="0.8468385338783264"></String>
          </TextLine>

          
          
          <TextLine ID="eSc_line_51ca1c3b"
                    TAGREFS="LT4834"
                    BASELINE="638 1417 769 1408" 
                    HPOS="633"
                    VPOS="1351"
                    WIDTH="136"
                    HEIGHT="93">
            <Shape><Polygon POINTS="638 1417 640 1444 769 1424 769 1408 759 1351 733 1368 705 1361 663 1352 662 1352 660 1352 658 1352 633 1370 638 1417"/></Shape>
	    <String CONTENT="محم باقر"
                    HPOS="633"
                    VPOS="1351"
                    WIDTH="136"
                    HEIGHT="93"
                    WC="0.8298930153250694"></String>
          </TextLine>

          
          
          <TextLine ID="eSc_line_87b0bdc8"
                    TAGREFS="LT4834"
                    BASELINE="859 1406 1001 1403" 
                    HPOS="857"
                    VPOS="1363"
                    WIDTH="144"
                    HEIGHT="72">
            <Shape><Polygon POINTS="859 1406 859 1426 922 1435 924 1435 1001 1422 1001 1403 995 1363 857 1370 859 1406"/></Shape>
	    <String CONTENT=""
                    HPOS="857"
                    VPOS="1363"
                    WIDTH="144"
                    HEIGHT="72"></String>
          </TextLine>

          
          
          <TextLine ID="eSc_line_2bc04344"
                    TAGREFS="LT4834"
                    BASELINE="1171 1410 1310 1406" 
                    HPOS="1170"
                    VPOS="1351"
                    WIDTH="140"
                    HEIGHT="91">
            <Shape><Polygon POINTS="1171 1410 1171 1420 1234 1442 1236 1442 1238 1442 1240 1442 1310 1417 1310 1406 1304 1351 1170 1376 1171 1410"/></Shape>
	    <String CONTENT="قزوين"
                    HPOS="1170"
                    VPOS="1351"
                    WIDTH="140"
                    HEIGHT="91"
                    WC="0.9664437532424927"></String>
          </TextLine>

          
          
          <TextLine ID="eSc_line_4bc59200"
                    TAGREFS="LT4834"
                    BASELINE="362 1507 434 1507" 
                    HPOS="362"
                    VPOS="1462"
                    WIDTH="72"
                    HEIGHT="66">
            <Shape><Polygon POINTS="362 1507 362 1528 434 1516 434 1507 432 1462 362 1462 362 1507"/></Shape>
	    <String CONTENT=""
                    HPOS="362"
                    VPOS="1462"
                    WIDTH="72"
                    HEIGHT="66"></String>
          </TextLine>

          
          
          <TextLine ID="eSc_line_60f364af"
                    TAGREFS="LT4834"
                    BASELINE="502 1507 775 1499" 
                    HPOS="500"
                    VPOS="1435"
                    WIDTH="275"
                    HEIGHT="99">
            <Shape><Polygon POINTS="502 1507 502 1517 574 1534 576 1534 577 1534 610 1517 626 1532 626 1534 628 1534 629 1534 631 1534 633 1534 667 1517 701 1534 703 1534 705 1534 707 1534 775 1510 775 1499 768 1447 733 1456 721 1451 707 1444 705 1444 703 1444 658 1451 637 1435 635 1435 633 1435 594 1435 592 1435 590 1435 588 1435 547 1462 500 1467 502 1507"/></Shape>
	    <String CONTENT="محمد ين حسن عسکرى"
                    HPOS="500"
                    VPOS="1435"
                    WIDTH="275"
                    HEIGHT="99"
                    WC="0.9191594158901888"></String>
          </TextLine>

          
          
          <TextLine ID="eSc_line_1961ce95"
                    TAGREFS="LT4834"
                    BASELINE="364 1598 423 1593" 
                    HPOS="358"
                    VPOS="1546"
                    WIDTH="65"
                    HEIGHT="70">
            <Shape><Polygon POINTS="364 1598 366 1616 423 1609 423 1593 414 1546 358 1560 364 1598"/></Shape>
	    <String CONTENT=""
                    HPOS="358"
                    VPOS="1546"
                    WIDTH="65"
                    HEIGHT="70"></String>
          </TextLine>

          
          
          <TextLine ID="eSc_line_cb61eda0"
                    TAGREFS="LT4834"
                    BASELINE="576 1598 784 1595" 
                    HPOS="574"
                    VPOS="1537"
                    WIDTH="210"
                    HEIGHT="90">
            <Shape><Polygon POINTS="576 1598 576 1614 610 1627 611 1627 613 1627 615 1627 658 1616 672 1627 674 1627 676 1627 678 1627 784 1611 784 1595 778 1542 741 1550 733 1546 721 1537 719 1537 717 1537 716 1537 714 1537 712 1537 699 1546 622 1537 620 1537 619 1537 617 1537 617 1539 597 1555 597 1557 574 1557 576 1598"/></Shape>
	    <String CONTENT="محمد ابن خنفيه"
                    HPOS="574"
                    VPOS="1537"
                    WIDTH="210"
                    HEIGHT="90"
                    WC="0.9151009746960231"></String>
          </TextLine>

          
          
          <TextLine ID="eSc_line_09df5528"
                    TAGREFS="LT4834"
                    BASELINE="360 1693 778 1688" 
                    HPOS="358"
                    VPOS="1627"
                    WIDTH="420"
                    HEIGHT="98">
            <Shape><Polygon POINTS="360 1693 360 1713 416 1709 439 1717 470 1725 471 1725 473 1725 475 1725 477 1725 489 1717 500 1709 518 1717 520 1717 522 1717 524 1717 543 1708 563 1717 576 1724 577 1724 579 1725 629 1725 629 1724 631 1724 633 1724 633 1722 638 1718 649 1706 692 1706 705 1718 708 1720 708 1722 710 1722 712 1722 714 1722 777 1718 778 1688 777 1639 733 1627 732 1627 730 1627 728 1627 681 1639 633 1627 631 1627 629 1627 601 1629 599 1629 597 1629 597 1630 583 1643 577 1648 561 1645 522 1634 520 1634 518 1634 516 1634 515 1634 495 1647 486 1650 358 1650 360 1693"/></Shape>
	    <String CONTENT=" محمد مصطفى عا"
                    HPOS="358"
                    VPOS="1627"
                    WIDTH="420"
                    HEIGHT="98"
                    WC="0.946197931255613"></String>
          </TextLine>

          
          
          <TextLine ID="eSc_line_b314d0f5"
                    TAGREFS="LT4834"
                    BASELINE="859 1693 954 1693" 
                    HPOS="859"
                    VPOS="1643"
                    WIDTH="95"
                    HEIGHT="68">
            <Shape><Polygon POINTS="859 1693 859 1711 954 1702 954 1693 954 1657 908 1643 906 1643 904 1643 902 1643 859 1663 859 1693"/></Shape>
	    <String CONTENT=""
                    HPOS="859"
                    VPOS="1643"
                    WIDTH="95"
                    HEIGHT="68"></String>
          </TextLine>

          
          
          <TextLine ID="eSc_line_d20464cc"
                    TAGREFS="LT4834"
                    BASELINE="1049 1693 1319 1690" 
                    HPOS="1048"
                    VPOS="1639"
                    WIDTH="271"
                    HEIGHT="81">
            <Shape><Polygon POINTS="1049 1693 1049 1704 1141 1709 1150 1718 1150 1720 1152 1720 1153 1720 1155 1720 1157 1720 1198 1708 1214 1704 1231 1708 1265 1718 1266 1718 1268 1718 1317 1709 1319 1690 1315 1654 1205 1639 1204 1639 1202 1639 1200 1639 1177 1654 1166 1645 1166 1643 1164 1643 1162 1643 1110 1641 1109 1641 1107 1641 1105 1641 1087 1657 1048 1657 1049 1693"/></Shape>
	    <String CONTENT="قيامه القيامات"
                    HPOS="1048"
                    VPOS="1639"
                    WIDTH="271"
                    HEIGHT="81"
                    WC="0.9393555692264012"></String>
          </TextLine>

          
          
          <TextLine ID="eSc_line_356a94de"
                    TAGREFS="LT4834"
                    BASELINE="608 1797 778 1790" 
                    HPOS="604"
                    VPOS="1731"
                    WIDTH="174"
                    HEIGHT="90">
            <Shape><Polygon POINTS="608 1797 608 1810 646 1821 647 1821 649 1821 777 1803 778 1790 773 1731 676 1733 674 1733 672 1733 653 1749 647 1754 604 1756 608 1797"/></Shape>
	    <String CONTENT="محم مهدى"
                    HPOS="604"
                    VPOS="1731"
                    WIDTH="174"
                    HEIGHT="90"
                    WC="0.8378712236881256"></String>
          </TextLine>

          
          
          <TextLine ID="eSc_line_26bc108e"
                    TAGREFS="LT4834"
                    BASELINE="872 1795 936 1795" 
                    HPOS="872"
                    VPOS="1752"
                    WIDTH="64"
                    HEIGHT="61">
            <Shape><Polygon POINTS="872 1795 872 1803 891 1813 893 1813 895 1813 936 1804 936 1795 936 1760 904 1752 902 1752 900 1752 872 1765 872 1795"/></Shape>
	    <String CONTENT=""
                    HPOS="872"
                    VPOS="1752"
                    WIDTH="64"
                    HEIGHT="61"></String>
          </TextLine>

          
          
          <TextLine ID="eSc_line_3ebacc83"
                    TAGREFS="LT4834"
                    BASELINE="1155 1794 1317 1788" 
                    HPOS="1153"
                    VPOS="1715"
                    WIDTH="164"
                    HEIGHT="100">
            <Shape><Polygon POINTS="1308 1731 1288 1734 1286 1733 1266 1717 1266 1715 1265 1715 1263 1715 1261 1715 1232 1717 1231 1717 1229 1717 1193 1745 1188 1749 1153 1749 1155 1794 1155 1801 1193 1815 1195 1815 1196 1815 1254 1804 1293 1812 1295 1812 1297 1812 1299 1812 1317 1797 1317 1788 1311 1747 1308 1731"/></Shape>
	    <String CONTENT="کو شکهما"
                    HPOS="1153"
                    VPOS="1715"
                    WIDTH="164"
                    HEIGHT="100"
                    WC="0.9790631383657455"></String>
          </TextLine>

          
          
          <TextLine ID="eSc_line_53f16d11"
                    TAGREFS="LT4834"
                    BASELINE="590 1892 791 1889" 
                    HPOS="588"
                    VPOS="1822"
                    WIDTH="203"
                    HEIGHT="108">
            <Shape><Polygon POINTS="590 1892 590 1916 687 1930 689 1930 791 1921 791 1889 786 1844 759 1846 755 1846 725 1822 723 1822 721 1822 698 1822 696 1822 671 1824 669 1824 667 1824 638 1849 588 1855 590 1892"/></Shape>
	    <String CONTENT="مرد حقيقت"
                    HPOS="588"
                    VPOS="1822"
                    WIDTH="203"
                    HEIGHT="108"
                    WC="0.972071475452847"></String>
          </TextLine>

          
          
          <TextLine ID="eSc_line_872d55a0"
                    TAGREFS="LT4834"
                    BASELINE="847 1892 1319 1885" 
                    HPOS="845"
                    VPOS="1810"
                    WIDTH="474"
                    HEIGHT="116">
            <Shape><Polygon POINTS="847 1892 847 1908 911 1921 913 1921 915 1921 956 1910 997 1921 999 1921 1001 1921 1003 1921 1004 1921 1021 1907 1062 1926 1064 1926 1065 1926 1067 1926 1135 1905 1139 1905 1141 1905 1184 1925 1186 1925 1188 1925 1277 1923 1279 1923 1319 1903 1319 1885 1313 1810 1256 1821 1225 1815 1211 1813 1209 1813 1207 1813 1200 1817 1180 1828 1168 1819 1159 1813 1157 1813 1155 1813 1098 1813 1096 1813 1094 1813 1092 1813 1092 1815 1080 1826 1064 1842 979 1842 965 1835 951 1826 949 1826 947 1826 945 1826 924 1837 913 1844 845 1844 847 1892"/></Shape>
	    <String CONTENT="کون حقيقت ا گون و صدت"
                    HPOS="845"
                    VPOS="1810"
                    WIDTH="474"
                    HEIGHT="116"
                    WC="0.9355930685997009"></String>
          </TextLine>

          
        </TextBlock>
        
        <TextBlock HPOS="744"
                   VPOS="172"
                   WIDTH="106"
                   HEIGHT="55"
                   ID="eSc_textblock_e61c3202"
                   TAGREFS="BT16059">
          <Shape><Polygon POINTS="812 172 850 186 850 227 744 213 812 172"/></Shape>
          
          
          <TextLine ID="eSc_line_37a7bc02"
                    TAGREFS="LT4834"
                    BASELINE="762 211 839 215" 
                    HPOS="760"
                    VPOS="174"
                    WIDTH="79"
                    HEIGHT="61">
            <Shape><Polygon POINTS="834 181 818 174 796 177 780 190 768 195 762 211 760 231 836 235 839 215 838 181 834 181"/></Shape>
	    <String CONTENT=""
                    HPOS="760"
                    VPOS="174"
                    WIDTH="79"
                    HEIGHT="61"></String>
          </TextLine>

          
        </TextBlock>
        
        <TextBlock HPOS="866"
                   VPOS="301"
                   WIDTH="85"
                   HEIGHT="48"
                   ID="eSc_textblock_19970817"
                   TAGREFS="BT16059">
          <Shape><Polygon POINTS="893 301 943 301 951 313 895 349 866 321 893 301"/></Shape>
          
          
          <TextLine ID="eSc_line_f1de6648"
                    TAGREFS="LT4834"
                    BASELINE="854 328 943 328" 
                    HPOS="854"
                    VPOS="297"
                    WIDTH="89"
                    HEIGHT="52">
            <Shape><Polygon POINTS="926 324 908 301 890 301 872 322 870 297 854 297 854 328 854 342 942 349 943 328 943 317 926 324"/></Shape>
	    <String CONTENT=""
                    HPOS="854"
                    VPOS="297"
                    WIDTH="89"
                    HEIGHT="52"></String>
          </TextLine>

          
        </TextBlock>
        
        <TextBlock HPOS="866"
                   VPOS="272"
                   WIDTH="456"
                   HEIGHT="278"
                   ID="eSc_textblock_05c61d9e"
                   TAGREFS="BT16060">
          <Shape><Polygon POINTS="1073 272 1322 301 1315 407 1107 416 1315 430 1265 452 1293 479 1193 493 1308 502 1207 529 1322 550 979 550 1188 523 1008 522 951 479 866 479 866 459 992 452 952 437 1028 423 1028 392 881 366 1078 358 987 335 1064 308 1073 272"/></Shape>
          
          
          <TextLine ID="eSc_line_00795ea8"
                    TAGREFS="LT4834"
                    BASELINE="1028 328 1301 321" 
                    HPOS="1026"
                    VPOS="279"
                    WIDTH="275"
                    HEIGHT="87">
            <Shape><Polygon POINTS="1295 297 1277 296 1259 294 1241 290 1238 288 1229 294 1220 287 1205 287 1188 285 1186 283 1152 297 1127 279 1125 279 1123 279 1094 279 1092 279 1091 279 1073 285 1062 306 1044 313 1026 319 1028 328 1028 346 1083 366 1085 366 1087 366 1089 366 1166 344 1191 362 1193 362 1195 362 1196 364 1232 364 1232 362 1234 362 1236 362 1236 360 1238 360 1252 340 1299 339 1301 321 1299 297 1295 297"/></Shape>
	    <String CONTENT="قاسم النار والجنه"
                    HPOS="1026"
                    VPOS="279"
                    WIDTH="275"
                    HEIGHT="87"
                    WC="0.9380981922149658"></String>
          </TextLine>

          
          
          <TextLine ID="eSc_line_7d68fe9b"
                    TAGREFS="LT4834"
                    BASELINE="1085 427 1302 421" 
                    HPOS="1083"
                    VPOS="403"
                    WIDTH="219"
                    HEIGHT="52">
            <Shape><Polygon POINTS="1299 407 1281 407 1263 409 1245 421 1227 419 1209 423 1191 421 1173 419 1155 418 1137 418 1119 416 1116 403 1083 403 1085 427 1085 441 1103 441 1105 443 1119 453 1119 455 1121 455 1123 455 1125 455 1127 455 1155 443 1166 439 1177 444 1198 455 1200 455 1202 455 1245 446 1263 441 1268 446 1275 452 1275 453 1277 453 1279 453 1281 453 1283 453 1302 446 1302 421 1299 407 1299 407"/></Shape>
	    <String CONTENT="فاون"
                    HPOS="1083"
                    VPOS="403"
                    WIDTH="219"
                    HEIGHT="52"
                    WC="0.9867266416549683"></String>
          </TextLine>

          
        </TextBlock>
        
        <TextBlock HPOS="852"
                   VPOS="724"
                   WIDTH="484"
                   HEIGHT="171"
                   ID="eSc_textblock_951b90a1"
                   TAGREFS="BT16060">
          <Shape><Polygon POINTS="945 724 1336 732 1322 809 1135 810 1336 825 1329 888 852 895 852 854 866 875 965 875 1094 852 852 845 859 732 945 724"/></Shape>
          
          
          <TextLine ID="eSc_line_8c50eb31"
                    TAGREFS="LT4834"
                    BASELINE="850 819 1311 816" 
                    HPOS="848"
                    VPOS="769"
                    WIDTH="463"
                    HEIGHT="74">
            <Shape><Polygon POINTS="1297 809 1279 809 1261 816 1243 814 1225 812 1207 816 1189 814 1171 812 1153 810 1135 810 1132 796 1107 796 1107 794 1082 771 1082 769 1080 769 1078 769 931 769 929 769 927 769 854 787 848 810 850 819 850 834 1006 843 1008 843 1057 834 1074 843 1076 843 1078 843 1310 830 1311 816 1310 809 1297 809"/></Shape>
	    <String CONTENT="ثالث إز إما ماناا"
                    HPOS="848"
                    VPOS="769"
                    WIDTH="463"
                    HEIGHT="74"
                    WC="0.9112316589606436"></String>
          </TextLine>

          
        </TextBlock>
        
        <TextBlock HPOS="852"
                   VPOS="904"
                   WIDTH="484"
                   HEIGHT="185"
                   ID="eSc_textblock_18c88689"
                   TAGREFS="BT16060">
          <Shape><Polygon POINTS="859 904 873 925 1001 916 979 904 1322 925 1322 981 985 1010 1293 1026 1336 1067 1293 1089 852 1089 859 904"/></Shape>
          
          
          <TextLine ID="eSc_line_3daca55e"
                    TAGREFS="LT4834"
                    BASELINE="861 1015 931 1011" 
                    HPOS="859"
                    VPOS="967"
                    WIDTH="72"
                    HEIGHT="71">
            <Shape><Polygon POINTS="861 1015 861 1026 890 1038 891 1038 893 1038 895 1038 931 1022 931 1011 924 967 859 988 861 1015"/></Shape>
	    <String CONTENT=""
                    HPOS="859"
                    VPOS="967"
                    WIDTH="72"
                    HEIGHT="71"></String>
          </TextLine>

          
        </TextBlock>
        
        <TextBlock HPOS="373"
                   VPOS="1865"
                   WIDTH="55"
                   HEIGHT="56"
                   ID="eSc_textblock_531b7697"
                   TAGREFS="BT16061">
          <Shape><Polygon POINTS="389 1865 428 1865 428 1921 373 1900 389 1865"/></Shape>
          
          
          <TextLine ID="eSc_line_5dfb2cfa"
                    TAGREFS="LT4834"
                    BASELINE="375 1892 437 1889" 
                    HPOS="375"
                    VPOS="1855"
                    WIDTH="62"
                    HEIGHT="79">
            <Shape><Polygon POINTS="427 1862 409 1865 391 1865 378 1878 375 1892 376 1932 396 1934 398 1934 400 1934 401 1934 437 1910 437 1889 432 1855 425 1855 427 1862"/></Shape>
	    <String CONTENT=""
                    HPOS="375"
                    VPOS="1855"
                    WIDTH="62"
                    HEIGHT="79"></String>
          </TextLine>

          
        </TextBlock>
        
        <TextBlock HPOS="366"
                   VPOS="581"
                   WIDTH="5"
                   HEIGHT="5"
                   ID="eSc_textblock_964b878c"
                   TAGREFS="BT16060">
          <Shape><Polygon POINTS="371 583 371 586 366 586 366 581 371 583"/></Shape>
          
        </TextBlock>
        
        <TextBlock HPOS="409"
                   VPOS="653"
                   WIDTH="12"
                   HEIGHT="5"
                   ID="eSc_textblock_22914c04"
                   TAGREFS="BT16060">
          <Shape><Polygon POINTS="416 653 421 658 409 658 409 653 416 653"/></Shape>
          
        </TextBlock>
        
        <TextBlock HPOS="430"
                   VPOS="653"
                   WIDTH="6"
                   HEIGHT="5"
                   ID="eSc_textblock_12bb5dde"
                   TAGREFS="BT16060">
          <Shape><Polygon POINTS="436 654 436 658 430 658 430 653 436 654"/></Shape>
          
        </TextBlock>
        
        <TextBlock HPOS="895"
                   VPOS="272"
                   WIDTH="147"
                   HEIGHT="20"
                   ID="eSc_textblock_b0200f2d"
                   TAGREFS="BT16060">
          <Shape><Polygon POINTS="895 272 999 272 1042 285 917 292 895 272"/></Shape>
          
        </TextBlock>
        
        <TextBlock HPOS="1022"
                   VPOS="568"
                   WIDTH="56"
                   HEIGHT="33"
                   ID="eSc_textblock_9801a54c"
                   TAGREFS="BT16060">
          <Shape><Polygon POINTS="1049 568 1078 588 1071 601 1022 593 1049 568"/></Shape>
          
        </TextBlock>
        
        <TextBlock HPOS="1195"
                   VPOS="251"
                   WIDTH="55"
                   HEIGHT="5"
                   ID="eSc_textblock_d0794b0f"
                   TAGREFS="BT16060">
          <Shape><Polygon POINTS="1202 251 1250 251 1250 256 1195 256 1202 251"/></Shape>
          
        </TextBlock>
        
        <TextBlock HPOS="380"
                   VPOS="574"
                   WIDTH="5"
                   HEIGHT="5"
                   ID="eSc_textblock_e21a53fb"
                   TAGREFS="BT16060">
          <Shape><Polygon POINTS="384 579 380 579 380 574 385 574 384 579"/></Shape>
          
        </TextBlock>
        
        <TextBlock HPOS="852"
                   VPOS="1169"
                   WIDTH="12"
                   HEIGHT="6"
                   ID="eSc_textblock_56d53722"
                   TAGREFS="BT16060">
          <Shape><Polygon POINTS="859 1169 864 1175 852 1175 852 1169 859 1169"/></Shape>
          
        </TextBlock>
        
        <TextBlock HPOS="866"
                   VPOS="653"
                   WIDTH="27"
                   HEIGHT="12"
                   ID="eSc_textblock_dff65f8b"
                   TAGREFS="BT16060">
          <Shape><Polygon POINTS="873 653 893 653 893 658 866 665 873 653"/></Shape>
          
        </TextBlock>
        
        <TextBlock HPOS="895"
                   VPOS="688"
                   WIDTH="75"
                   HEIGHT="6"
                   ID="eSc_textblock_abb7693a"
                   TAGREFS="BT16060">
          <Shape><Polygon POINTS="902 688 970 688 970 694 895 694 902 688"/></Shape>
          
        </TextBlock>
        
        <TextBlock HPOS="895"
                   VPOS="631"
                   WIDTH="427"
                   HEIGHT="70"
                   ID="eSc_textblock_046c8979"
                   TAGREFS="BT16060">
          <Shape><Polygon POINTS="917 631 1279 631 1322 644 1293 665 1021 667 1293 681 1223 701 1008 694 999 644 895 644 917 631"/></Shape>
          
        </TextBlock>
        
        <TextBlock HPOS="924"
                   VPOS="1142"
                   WIDTH="377"
                   HEIGHT="33"
                   ID="eSc_textblock_61612b8a"
                   TAGREFS="BT16060">
          <Shape><Polygon POINTS="1186 1142 1301 1160 924 1175 1064 1169 1186 1142"/></Shape>
          
        </TextBlock>
        
        <TextBlock HPOS="387"
                   VPOS="1794"
                   WIDTH="13"
                   HEIGHT="12"
                   ID="eSc_textblock_14c8a5f5"
                   TAGREFS="BT16061">
          <Shape><Polygon POINTS="389 1794 400 1794 393 1806 387 1806 389 1794"/></Shape>
          
        </TextBlock>
        
        <TextBlock HPOS="816"
                   VPOS="186"
                   WIDTH="27"
                   HEIGHT="49"
                   ID="eSc_textblock_e4ee6db8"
                   TAGREFS="BT16062">
          <Shape><Polygon POINTS="825 186 843 193 843 235 816 220 825 186"/></Shape>
          
        </TextBlock>
        
        <TextBlock HPOS="909"
                   VPOS="344"
                   WIDTH="6"
                   HEIGHT="5"
                   ID="eSc_textblock_395b6f5a"
                   TAGREFS="BT16062">
          <Shape><Polygon POINTS="911 344 915 344 915 349 909 349 911 344"/></Shape>
          
        </TextBlock>
        
        <TextBlock HPOS="979"
                   VPOS="897"
                   WIDTH="56"
                   HEIGHT="5"
                   ID="eSc_textblock_8fb4502a"
                   TAGREFS="BT16064">
          <Shape><Polygon POINTS="979 897 1035 897 1035 902 979 902 979 897"/></Shape>
          
        </TextBlock>
        
        <TextBlock HPOS="881"
                   VPOS="430"
                   WIDTH="12"
                   HEIGHT="13"
                   ID="eSc_textblock_1ea2f11a"
                   TAGREFS="BT16059">
          <Shape><Polygon POINTS="886 430 886 435 893 443 881 443 886 430"/></Shape>
          
        </TextBlock>
        
        <TextBlock HPOS="888"
                   VPOS="1184"
                   WIDTH="41"
                   HEIGHT="5"
                   ID="eSc_textblock_722b9951"
                   TAGREFS="BT16059">
          <Shape><Polygon POINTS="893 1184 929 1184 929 1189 888 1189 893 1184"/></Shape>
          
        </TextBlock>
        
        <TextBlock HPOS="886"
                   VPOS="1212"
                   WIDTH="50"
                   HEIGHT="20"
                   ID="eSc_textblock_536743f2"
                   TAGREFS="BT16059">
          <Shape><Polygon POINTS="886 1212 936 1212 936 1225 902 1232 886 1212"/></Shape>
          
        </TextBlock>
        
        <TextBlock HPOS="895"
                   VPOS="1514"
                   WIDTH="34"
                   HEIGHT="5"
                   ID="eSc_textblock_8f48e4a7"
                   TAGREFS="BT16059">
          <Shape><Polygon POINTS="900 1514 929 1514 929 1519 895 1519 900 1514"/></Shape>
          
        </TextBlock>
        
        <TextBlock HPOS="960"
                   VPOS="897"
                   WIDTH="18"
                   HEIGHT="5"
                   ID="eSc_textblock_14813982"
                   TAGREFS="BT16059">
          <Shape><Polygon POINTS="965 897 978 897 978 902 960 902 965 897"/></Shape>
          
        </TextBlock>
        
        <TextBlock HPOS="351"
                   VPOS="588"
                   WIDTH="6"
                   HEIGHT="5"
                   ID="eSc_textblock_2b281e69"
                   TAGREFS="BT16060">
          <Shape><Polygon POINTS="357 590 357 593 351 593 351 588 357 590"/></Shape>
          
        </TextBlock>
        

        
        <TextBlock ID="eSc_dummyblock_">
          
          
          <TextLine ID="eSc_line_8e80c82d"
                    TAGREFS="LT4834"
                    BASELINE="349 333 559 331" 
                    HPOS="348"
                    VPOS="287"
                    WIDTH="211"
                    HEIGHT="62">
            <Shape><Polygon POINTS="349 333 349 349 558 348 559 331 556 294 348 287 349 333"/></Shape>
	    <String CONTENT=""
                    HPOS="348"
                    VPOS="287"
                    WIDTH="211"
                    HEIGHT="62"></String>
          </TextLine>

          
          
          <TextLine ID="eSc_line_5732095d"
                    TAGREFS="LT4834"
                    BASELINE="344 430 500 430" 
                    HPOS="344"
                    VPOS="380"
                    WIDTH="156"
                    HEIGHT="73">
            <Shape><Polygon POINTS="344 430 344 453 500 444 500 430 498 391 410 392 344 380 344 430"/></Shape>
	    <String CONTENT=""
                    HPOS="344"
                    VPOS="380"
                    WIDTH="156"
                    HEIGHT="73"></String>
          </TextLine>

          
          
          <TextLine ID="eSc_line_435b3f4a"
                    TAGREFS="LT4834"
                    BASELINE="852 427 924 421" 
                    HPOS="848"
                    VPOS="383"
                    WIDTH="76"
                    HEIGHT="63">
            <Shape><Polygon POINTS="852 427 852 446 924 444 924 421 920 391 884 383 882 383 881 383 848 394 852 427"/></Shape>
	    <String CONTENT=""
                    HPOS="848"
                    VPOS="383"
                    WIDTH="76"
                    HEIGHT="63"></String>
          </TextLine>

          
          
          <TextLine ID="eSc_line_39cf10da"
                    TAGREFS="LT4834"
                    BASELINE="344 532 504 527" 
                    HPOS="340"
                    VPOS="482"
                    WIDTH="164"
                    HEIGHT="81">
            <Shape><Polygon POINTS="344 532 344 554 448 563 450 563 452 563 504 545 504 527 502 495 457 482 455 482 454 482 452 482 437 489 423 496 340 482 344 532"/></Shape>
	    <String CONTENT=""
                    HPOS="340"
                    VPOS="482"
                    WIDTH="164"
                    HEIGHT="81"></String>
          </TextLine>

          
          
          <TextLine ID="eSc_line_a8ea4907"
                    TAGREFS="LT4834"
                    BASELINE="852 531 994 527" 
                    HPOS="850"
                    VPOS="475"
                    WIDTH="144"
                    HEIGHT="75">
            <Shape><Polygon POINTS="852 531 852 547 990 550 994 527 988 475 911 493 850 486 852 531"/></Shape>
	    <String CONTENT=""
                    HPOS="850"
                    VPOS="475"
                    WIDTH="144"
                    HEIGHT="75"></String>
          </TextLine>

          
          
          <TextLine ID="eSc_line_8f09c958"
                    TAGREFS="LT4834"
                    BASELINE="852 624 1304 615" 
                    HPOS="850"
                    VPOS="561"
                    WIDTH="454"
                    HEIGHT="90">
            <Shape><Polygon POINTS="852 624 852 636 877 649 879 649 881 649 972 636 1013 651 1015 651 1017 651 1019 651 1021 651 1021 649 1035 633 1114 629 1121 629 1132 638 1134 638 1135 638 1137 638 1177 633 1209 649 1211 649 1213 649 1283 644 1284 644 1286 644 1286 642 1304 624 1304 615 1299 561 1150 570 1148 570 1112 590 1069 590 1058 579 1058 577 1057 577 1055 577 1053 577 983 590 942 581 936 579 934 579 933 579 931 579 922 581 899 588 893 583 886 577 886 575 884 575 882 575 881 575 879 575 850 583 852 624"/></Shape>
	    <String CONTENT="قايم قيامت عل"
                    HPOS="850"
                    VPOS="561"
                    WIDTH="454"
                    HEIGHT="90"
                    WC="0.9076446386484"></String>
          </TextLine>

          
          
          <TextLine ID="eSc_line_d5042346"
                    TAGREFS="LT4834"
                    BASELINE="1209 523 1297 520" 
                    HPOS="1205"
                    VPOS="457"
                    WIDTH="92"
                    HEIGHT="109">
            <Shape><Polygon POINTS="1209 523 1209 566 1234 566 1234 565 1236 565 1238 565 1238 563 1249 552 1263 538 1297 538 1297 520 1290 459 1272 468 1266 466 1254 457 1252 457 1250 457 1249 457 1247 457 1245 457 1245 459 1243 459 1227 479 1222 486 1205 486 1209 523"/></Shape>
	    <String CONTENT="قائم"
                    HPOS="1205"
                    VPOS="457"
                    WIDTH="92"
                    HEIGHT="109"
                    WC="0.928395938873291"></String>
          </TextLine>

          
          
          <TextLine ID="eSc_line_6d079a7f"
                    TAGREFS="LT4834"
                    BASELINE="852 721 1310 721" 
                    HPOS="852"
                    VPOS="665"
                    WIDTH="458"
                    HEIGHT="90">
            <Shape><Polygon POINTS="852 721 852 737 987 751 988 751 1159 737 1162 737 1179 751 1179 753 1180 753 1182 753 1184 755 1258 755 1258 753 1259 753 1261 753 1261 751 1275 737 1310 735 1310 721 1310 665 1191 665 1189 665 1188 665 1186 665 1186 667 1180 671 1162 688 1030 679 943 674 942 674 940 674 938 674 924 685 918 690 852 690 852 721"/></Shape>
	    <String CONTENT=" قائم القيامة"
                    HPOS="852"
                    VPOS="665"
                    WIDTH="458"
                    HEIGHT="90"
                    WC="0.9548492772238595"></String>
          </TextLine>

          
          
          <TextLine ID="eSc_line_270d79ce"
                    TAGREFS="LT4834"
                    BASELINE="856 920 979 915" 
                    HPOS="854"
                    VPOS="873"
                    WIDTH="125"
                    HEIGHT="70">
            <Shape><Polygon POINTS="856 920 856 931 897 943 899 943 900 943 979 934 979 915 974 873 854 889 856 920"/></Shape>
	    <String CONTENT="عل"
                    HPOS="854"
                    VPOS="873"
                    WIDTH="125"
                    HEIGHT="70"
                    WC="0.9451719224452972"></String>
          </TextLine>

          
          
          <TextLine ID="eSc_line_de604725"
                    TAGREFS="LT4834"
                    BASELINE="1008 1013 1313 1008" 
                    HPOS="1006"
                    VPOS="959"
                    WIDTH="307"
                    HEIGHT="72">
            <Shape><Polygon POINTS="1008 1013 1008 1024 1202 1031 1204 1031 1265 1019 1277 1029 1279 1029 1281 1029 1283 1029 1284 1029 1313 1015 1313 1008 1306 972 1290 976 1286 972 1277 965 1275 965 1274 965 1272 965 1270 965 1268 965 1258 972 1254 976 1250 974 1231 959 1229 959 1227 959 1225 959 1223 959 1184 974 1150 961 1148 961 1146 961 1144 961 1105 977 1103 977 1065 963 1064 963 1062 963 1060 963 1058 963 1040 979 1039 981 1006 981 1008 1013"/></Shape>
	    <String CONTENT="قانميان و محققان"
                    HPOS="1006"
                    VPOS="959"
                    WIDTH="307"
                    HEIGHT="72"
                    WC="0.9563929699361324"></String>
          </TextLine>

          
          
          <TextLine ID="eSc_line_632008e9"
                    TAGREFS="LT4834"
                    BASELINE="1148 915 1313 911" 
                    HPOS="1146"
                    VPOS="848"
                    WIDTH="167"
                    HEIGHT="88">
            <Shape><Polygon POINTS="1148 915 1148 922 1204 936 1205 936 1207 936 1252 922 1284 934 1286 934 1288 934 1290 934 1292 934 1313 920 1313 911 1310 855 1249 848 1247 848 1245 848 1243 848 1243 850 1225 866 1222 870 1146 875 1148 915"/></Shape>
	    <String CONTENT="قايميان"
                    HPOS="1146"
                    VPOS="848"
                    WIDTH="167"
                    HEIGHT="88"
                    WC="0.9621321899550301"></String>
          </TextLine>

          
          
          <TextLine ID="eSc_line_3736590a"
                    TAGREFS="LT4834"
                    BASELINE="852 1108 1313 1105" 
                    HPOS="850"
                    VPOS="1042"
                    WIDTH="463"
                    HEIGHT="81">
            <Shape><Polygon POINTS="852 1108 852 1123 1311 1121 1313 1105 1308 1067 1247 1067 1245 1067 1209 1042 1207 1042 1205 1042 1177 1042 1175 1042 1173 1042 1125 1067 995 1044 994 1044 992 1044 990 1044 967 1063 960 1058 958 1058 956 1058 954 1058 952 1058 951 1058 951 1060 940 1069 940 1071 850 1071 852 1108"/></Shape>
	    <String CONTENT="قانميان که مخقان روزگاراند"
                    HPOS="850"
                    VPOS="1042"
                    WIDTH="463"
                    HEIGHT="81"
                    WC="0.96188518175712"></String>
          </TextLine>

          
          
          <TextLine ID="eSc_line_8c935c8c"
                    TAGREFS="LT4834"
                    BASELINE="868 1209 911 1209" 
                    HPOS="868"
                    VPOS="1162"
                    WIDTH="43"
                    HEIGHT="61">
            <Shape><Polygon POINTS="868 1209 868 1223 911 1221 911 1209 908 1162 868 1182 868 1209"/></Shape>
	    <String CONTENT=""
                    HPOS="868"
                    VPOS="1162"
                    WIDTH="43"
                    HEIGHT="61"></String>
          </TextLine>

          
          
          <TextLine ID="eSc_line_c926cdbe"
                    TAGREFS="LT4834"
                    BASELINE="1177 1209 1293 1202" 
                    HPOS="1173"
                    VPOS="1160"
                    WIDTH="120"
                    HEIGHT="69">
            <Shape><Polygon POINTS="1177 1209 1177 1221 1204 1229 1205 1229 1293 1209 1293 1202 1284 1160 1256 1178 1241 1169 1234 1164 1232 1164 1231 1164 1229 1164 1227 1164 1173 1180 1177 1209"/></Shape>
	    <String CONTENT="قبله"
                    HPOS="1173"
                    VPOS="1160"
                    WIDTH="120"
                    HEIGHT="69"
                    WC="0.9585186392068863"></String>
          </TextLine>

          
          
          <TextLine ID="eSc_line_6aded55f"
                    TAGREFS="LT4834"
                    BASELINE="1166 1309 1310 1304" 
                    HPOS="1164"
                    VPOS="1239"
                    WIDTH="146"
                    HEIGHT="95">
            <Shape><Polygon POINTS="1166 1309 1166 1316 1205 1334 1207 1334 1209 1334 1211 1334 1236 1320 1252 1334 1254 1334 1256 1334 1258 1334 1259 1334 1310 1318 1310 1304 1304 1239 1265 1241 1263 1241 1261 1241 1261 1243 1252 1252 1247 1257 1240 1255 1234 1252 1232 1252 1231 1252 1229 1252 1227 1252 1218 1261 1202 1275 1164 1275 1166 1309"/></Shape>
	    <String CONTENT="قرآن"
                    HPOS="1164"
                    VPOS="1239"
                    WIDTH="146"
                    HEIGHT="95"
                    WC="0.839398980140686"></String>
          </TextLine>

          
          
          <TextLine ID="eSc_line_594dd012"
                    TAGREFS="LT4834"
                    BASELINE="868 1503 918 1503" 
                    HPOS="868"
                    VPOS="1460"
                    WIDTH="50"
                    HEIGHT="65">
            <Shape><Polygon POINTS="868 1503 868 1516 917 1525 918 1503 915 1460 868 1476 868 1503"/></Shape>
	    <String CONTENT=""
                    HPOS="868"
                    VPOS="1460"
                    WIDTH="50"
                    HEIGHT="65"></String>
          </TextLine>

          
          
          <TextLine ID="eSc_line_8484848e"
                    TAGREFS="LT4834"
                    BASELINE="834 1595 1315 1587" 
                    HPOS="832"
                    VPOS="1525"
                    WIDTH="483"
                    HEIGHT="98">
            <Shape><Polygon POINTS="834 1595 834 1609 951 1623 952 1623 954 1623 956 1623 976 1609 1071 1621 1073 1621 1182 1607 1290 1618 1292 1618 1293 1618 1295 1618 1315 1603 1315 1587 1310 1525 1274 1526 1272 1526 1270 1526 1247 1542 1223 1530 1216 1526 1214 1526 1213 1526 1146 1528 1144 1528 1143 1528 1130 1537 1105 1555 1060 1546 1058 1546 1057 1546 1055 1546 1055 1548 1044 1557 983 1548 974 1548 972 1548 970 1548 963 1550 942 1557 936 1551 927 1544 927 1542 926 1542 924 1542 922 1542 920 1542 881 1555 864 1544 863 1544 861 1544 859 1544 857 1544 832 1557 834 1595"/></Shape>
	    <String CONTENT="قيامته ا اا"
                    HPOS="832"
                    VPOS="1525"
                    WIDTH="483"
                    HEIGHT="98"
                    WC="0.7198501933704723"></String>
          </TextLine>

          
          
          <TextLine ID="eSc_line_e31a5e2d"
                    TAGREFS="LT4834"
                    BASELINE="1205 1496 1225 1494" 
                    HPOS="1204"
                    VPOS="1460"
                    WIDTH="21"
                    HEIGHT="61">
            <Shape><Polygon POINTS="1207 1519 1225 1521 1225 1494 1222 1464 1204 1460 1205 1496 1207 1519"/></Shape>
	    <String CONTENT=""
                    HPOS="1204"
                    VPOS="1460"
                    WIDTH="21"
                    HEIGHT="61"></String>
          </TextLine>

          
          
          <TextLine ID="eSc_line_a50962f3"
                    TAGREFS="LT4834"
                    BASELINE="378 1803 425 1797" 
                    HPOS="371"
                    VPOS="1745"
                    WIDTH="54"
                    HEIGHT="68">
            <Shape><Polygon POINTS="378 1803 378 1813 425 1806 425 1797 416 1745 371 1752 378 1803"/></Shape>
	    <String CONTENT=""
                    HPOS="371"
                    VPOS="1745"
                    WIDTH="54"
                    HEIGHT="68"></String>
          </TextLine>

          
        </TextBlock>
        
      </PrintSpace>
    </Page>
  </Layout>
</alto>
