<?xml version="1.0" encoding="UTF-8"?>
<alto xmlns:xsi="http://www.w3.org/2001/XMLSchema-instance"
      xmlns="http://www.loc.gov/standards/alto/ns-v4#"
      xsi:schemaLocation="http://www.loc.gov/standards/alto/ns-v4# http://www.loc.gov/standards/alto/v4/alto-4-2.xsd">
  <Description>
    <MeasurementUnit>pixel</MeasurementUnit>
    <sourceImageInformation>
      <fileName>TwoIsmailiTreatises045.jpg</fileName>
      
    </sourceImageInformation>
  </Description>
  
  <Tags>
    <OtherTag ID="BT16074" LABEL="MarginTextZone:commentary" DESCRIPTION="block type MarginTextZone:commentary"/><OtherTag ID="BT16073" LABEL="MarginTextZone:note#1" DESCRIPTION="block type MarginTextZone:note#1"/><OtherTag ID="BT16072" LABEL="MainZone:column#2" DESCRIPTION="block type MainZone:column#2"/><OtherTag ID="BT16071" LABEL="MainZone:column#3" DESCRIPTION="block type MainZone:column#3"/><OtherTag ID="BT16070" LABEL="GraphicZone:illustration" DESCRIPTION="block type GraphicZone:illustration"/><OtherTag ID="BT16069" LABEL="MainZone:column#1" DESCRIPTION="block type MainZone:column#1"/><OtherTag ID="BT16068" LABEL="MarginTextZone:note#2" DESCRIPTION="block type MarginTextZone:note#2"/><OtherTag ID="BT16067" LABEL="CustomZone:publication" DESCRIPTION="block type CustomZone:publication"/><OtherTag ID="BT16066" LABEL="RunningTitleZone" DESCRIPTION="block type RunningTitleZone"/><OtherTag ID="BT16065" LABEL="NumberingZone" DESCRIPTION="block type NumberingZone"/><OtherTag ID="BT16064" LABEL="default" DESCRIPTION="block type default"/><OtherTag ID="BT16063" LABEL="TitlePageZone" DESCRIPTION="block type TitlePageZone"/><OtherTag ID="BT16062" LABEL="NumberingZone:other" DESCRIPTION="block type NumberingZone:other"/><OtherTag ID="BT16061" LABEL="QuireMarksZone:catchwords" DESCRIPTION="block type QuireMarksZone:catchwords"/><OtherTag ID="BT16060" LABEL="MainZone" DESCRIPTION="block type MainZone"/><OtherTag ID="BT16059" LABEL="NumberingZone:page" DESCRIPTION="block type NumberingZone:page"/><OtherTag ID="BT16058" LABEL="MarginTextZone:note" DESCRIPTION="block type MarginTextZone:note"/><OtherTag ID="BT16057" LABEL="DigitizationArtefactZone" DESCRIPTION="block type DigitizationArtefactZone"/><OtherTag ID="BT4" LABEL="Illustration" DESCRIPTION="block type Illustration"/><OtherTag ID="BT3" LABEL="Commentary" DESCRIPTION="block type Commentary"/><OtherTag ID="BT2" LABEL="Main" DESCRIPTION="block type Main"/><OtherTag ID="BT1" LABEL="Title" DESCRIPTION="block type Title"/>
    <OtherTag ID="LT4834" LABEL="DefaultLine" DESCRIPTION="line type DefaultLine"/><OtherTag ID="LT4835" LABEL="HeadingLine:title" DESCRIPTION="line type HeadingLine:title"/>
  </Tags>
  
  <Layout>
    <Page WIDTH="1470"
          HEIGHT="2127"
          PHYSICAL_IMG_NR="41"
          ID="eSc_dummypage_">
      <PrintSpace HPOS="0"
                  VPOS="0"
                  WIDTH="1470"
                  HEIGHT="2127">
        
        <TextBlock HPOS="336"
                   VPOS="297"
                   WIDTH="625"
                   HEIGHT="502"
                   ID="eSc_textblock_ec5b081d"
                   TAGREFS="BT16064">
          <Shape><Polygon POINTS="336 297 868 311 466 331 868 340 877 368 953 368 613 397 826 404 670 423 868 432 741 459 792 482 890 467 961 517 925 581 946 615 883 673 946 742 840 799 707 792 693 701 594 673 727 666 778 629 764 574 884 517 757 494 670 545 741 586 530 586 572 545 492 487 446 487 516 446 383 395 390 347 361 338 383 326 336 297"/></Shape>
          
          
          <TextLine ID="eSc_line_41c48425"
                    TAGREFS="LT4834"
                    BASELINE="597 382 686 384" 
                    HPOS="595"
                    VPOS="347"
                    WIDTH="91"
                    HEIGHT="53">
            <Shape><Polygon POINTS="597 382 595 400 684 400 686 384 686 361 638 347 636 347 634 347 633 347 597 358 597 382"/></Shape>
	    <String CONTENT="ه"
                    HPOS="595"
                    VPOS="347"
                    WIDTH="91"
                    HEIGHT="53"
                    WC="0.9834322333335876"></String>
          </TextLine>

          
          
          <TextLine ID="eSc_line_da6be8a0"
                    TAGREFS="LT4834"
                    BASELINE="870 492 916 492" 
                    HPOS="870"
                    VPOS="469"
                    WIDTH="46"
                    HEIGHT="75">
            <Shape><Polygon POINTS="906 480 890 469 870 469 870 492 870 538 914 544 916 492 916 487 906 480"/></Shape>
	    <String CONTENT=""
                    HPOS="870"
                    VPOS="469"
                    WIDTH="46"
                    HEIGHT="75"></String>
          </TextLine>

          
          
          <TextLine ID="eSc_line_719d0af4"
                    TAGREFS="LT4834"
                    BASELINE="748 579 801 583" 
                    HPOS="748"
                    VPOS="553"
                    WIDTH="53"
                    HEIGHT="53">
            <Shape><Polygon POINTS="783 563 766 577 762 553 748 553 748 579 748 606 799 592 801 583 801 558 794 556 783 563"/></Shape>
	    <String CONTENT=""
                    HPOS="748"
                    VPOS="553"
                    WIDTH="53"
                    HEIGHT="53"></String>
          </TextLine>

          
        </TextBlock>
        
        <TextBlock HPOS="544"
                   VPOS="106"
                   WIDTH="197"
                   HEIGHT="90"
                   ID="eSc_textblock_6a38148c"
                   TAGREFS="BT16059">
          <Shape><Polygon POINTS="625 106 712 113 741 182 572 196 544 141 625 106"/></Shape>
          
          
          <TextLine ID="eSc_line_817809e0"
                    TAGREFS="LT4834"
                    BASELINE="608 170 705 170" 
                    HPOS="608"
                    VPOS="127"
                    WIDTH="97"
                    HEIGHT="71">
            <Shape><Polygon POINTS="608 170 608 198 705 180 705 170 705 140 656 127 654 127 652 127 608 134 608 170"/></Shape>
	    <String CONTENT="م"
                    HPOS="608"
                    VPOS="127"
                    WIDTH="97"
                    HEIGHT="71"
                    WC="0.9947037100791931"></String>
          </TextLine>

          
        </TextBlock>
        
        <TextBlock HPOS="601"
                   VPOS="645"
                   WIDTH="118"
                   HEIGHT="48"
                   ID="eSc_textblock_be88d44e"
                   TAGREFS="BT16059">
          <Shape><Polygon POINTS="698 645 719 664 656 693 601 678 698 645"/></Shape>
          
          
          <TextLine ID="eSc_line_77aa4fa3"
                    TAGREFS="LT4834"
                    BASELINE="599 682 725 680" 
                    HPOS="597"
                    VPOS="666"
                    WIDTH="128"
                    HEIGHT="60">
            <Shape><Polygon POINTS="703 670 686 677 668 668 650 670 633 670 615 675 597 677 599 682 599 707 656 726 657 726 659 726 661 726 663 726 691 703 693 703 725 703 725 680 721 666 703 670"/></Shape>
	    <String CONTENT=""
                    HPOS="597"
                    VPOS="666"
                    WIDTH="128"
                    HEIGHT="60"></String>
          </TextLine>

          
        </TextBlock>
        
        <TextBlock HPOS="1159"
                   VPOS="255"
                   WIDTH="112"
                   HEIGHT="19"
                   ID="eSc_textblock_75cce91c"
                   TAGREFS="BT16062">
          <Shape><Polygon POINTS="1207 255 1264 255 1271 274 1159 274 1207 255"/></Shape>
          
          
          <TextLine ID="eSc_line_ee35aecb"
                    TAGREFS="LT4834"
                    BASELINE="1166 262 1225 258" 
                    HPOS="1165"
                    VPOS="235"
                    WIDTH="60"
                    HEIGHT="78">
            <Shape><Polygon POINTS="1218 255 1200 255 1182 258 1179 235 1165 235 1166 262 1172 313 1200 299 1225 301 1225 258 1223 255 1218 255"/></Shape>
	    <String CONTENT=""
                    HPOS="1165"
                    VPOS="235"
                    WIDTH="60"
                    HEIGHT="78"></String>
          </TextLine>

          
        </TextBlock>
        
        <TextBlock HPOS="523"
                   VPOS="1850"
                   WIDTH="395"
                   HEIGHT="119"
                   ID="eSc_textblock_86e955f0"
                   TAGREFS="BT16060">
          <Shape><Polygon POINTS="682 1850 897 1885 904 1919 868 1933 918 1947 797 1969 523 1947 530 1878 682 1850"/></Shape>
          
          
          <TextLine ID="eSc_line_b692a610"
                    TAGREFS="LT4834"
                    BASELINE="588 1926 750 1923" 
                    HPOS="586"
                    VPOS="1868"
                    WIDTH="164"
                    HEIGHT="95">
            <Shape><Polygon POINTS="588 1926 588 1944 664 1963 666 1963 668 1963 750 1940 750 1923 748 1891 670 1868 668 1868 666 1868 664 1868 586 1893 588 1926"/></Shape>
	    <String CONTENT="مطلو المونين"
                    HPOS="586"
                    VPOS="1868"
                    WIDTH="164"
                    HEIGHT="95"
                    WC="0.7055321782827377"></String>
          </TextLine>

          
        </TextBlock>
        
        <TextBlock HPOS="1209"
                   VPOS="233"
                   WIDTH="19"
                   HEIGHT="6"
                   ID="eSc_textblock_9e6dc0f8"
                   TAGREFS="BT16059">
          <Shape><Polygon POINTS="1214 233 1228 233 1228 239 1209 239 1214 233"/></Shape>
          
        </TextBlock>
        
        <TextBlock HPOS="572"
                   VPOS="276"
                   WIDTH="190"
                   HEIGHT="5"
                   ID="eSc_textblock_23ed4349"
                   TAGREFS="BT16060">
          <Shape><Polygon POINTS="574 276 762 276 762 281 572 281 574 276"/></Shape>
          
        </TextBlock>
        
        <TextBlock HPOS="714"
                   VPOS="319"
                   WIDTH="337"
                   HEIGHT="12"
                   ID="eSc_textblock_692e68fa"
                   TAGREFS="BT16060">
          <Shape><Polygon POINTS="732 319 1051 319 1051 331 714 331 732 319"/></Shape>
          
        </TextBlock>
        
        <TextBlock HPOS="608"
                   VPOS="680"
                   WIDTH="5"
                   HEIGHT="5"
                   ID="eSc_textblock_07ec9455"
                   TAGREFS="BT16061">
          <Shape><Polygon POINTS="609 680 613 680 613 685 608 685 609 680"/></Shape>
          
        </TextBlock>
        
        <TextBlock HPOS="1003"
                   VPOS="2098"
                   WIDTH="5"
                   HEIGHT="5"
                   ID="eSc_textblock_9232cd7c"
                   TAGREFS="BT16061">
          <Shape><Polygon POINTS="1005 2098 1008 2098 1008 2103 1003 2103 1005 2098"/></Shape>
          
        </TextBlock>
        
        <TextBlock HPOS="672"
                   VPOS="141"
                   WIDTH="33"
                   HEIGHT="27"
                   ID="eSc_textblock_84a722aa"
                   TAGREFS="BT16062">
          <Shape><Polygon POINTS="684 141 705 155 705 168 672 161 684 141"/></Shape>
          
        </TextBlock>
        
        <TextBlock HPOS="989"
                   VPOS="2070"
                   WIDTH="27"
                   HEIGHT="48"
                   ID="eSc_textblock_44428e06"
                   TAGREFS="BT16062">
          <Shape><Polygon POINTS="994 2070 1016 2070 1016 2118 989 2103 994 2070"/></Shape>
          
        </TextBlock>
        
        <TextBlock HPOS="1145"
                   VPOS="269"
                   WIDTH="5"
                   HEIGHT="5"
                   ID="eSc_textblock_ef7ca776"
                   TAGREFS="BT16062">
          <Shape><Polygon POINTS="1150 269 1150 274 1145 274 1145 269 1150 269"/></Shape>
          
        </TextBlock>
        
        <TextBlock HPOS="1180"
                   VPOS="226"
                   WIDTH="6"
                   HEIGHT="6"
                   ID="eSc_textblock_77d454bf"
                   TAGREFS="BT16062">
          <Shape><Polygon POINTS="1186 226 1186 232 1180 232 1180 226 1186 226"/></Shape>
          
        </TextBlock>
        
        <TextBlock HPOS="1209"
                   VPOS="219"
                   WIDTH="34"
                   HEIGHT="13"
                   ID="eSc_textblock_59035c54"
                   TAGREFS="BT16062">
          <Shape><Polygon POINTS="1214 219 1228 219 1243 232 1209 232 1214 219"/></Shape>
          
        </TextBlock>
        
        <TextBlock HPOS="1173"
                   VPOS="311"
                   WIDTH="126"
                   HEIGHT="13"
                   ID="eSc_textblock_c47bce4f"
                   TAGREFS="BT16062">
          <Shape><Polygon POINTS="1214 311 1223 319 1299 324 1173 324 1214 311"/></Shape>
          
        </TextBlock>
        
        <TextBlock HPOS="1216"
                   VPOS="382"
                   WIDTH="41"
                   HEIGHT="13"
                   ID="eSc_textblock_46f9fd07"
                   TAGREFS="BT16062">
          <Shape><Polygon POINTS="1221 382 1257 382 1257 388 1216 395 1221 382"/></Shape>
          
        </TextBlock>
        
        <TextBlock HPOS="340"
                   VPOS="226"
                   WIDTH="571"
                   HEIGHT="55"
                   ID="eSc_textblock_029b828e"
                   TAGREFS="BT16064">
          <Shape><Polygon POINTS="829 226 911 246 875 255 890 281 340 281 508 233 829 226"/></Shape>
          
        </TextBlock>
        
        <TextBlock HPOS="1095"
                   VPOS="283"
                   WIDTH="112"
                   HEIGHT="27"
                   ID="eSc_textblock_1ec3441a"
                   TAGREFS="BT16058">
          <Shape><Polygon POINTS="1133 283 1193 283 1207 310 1095 310 1133 283"/></Shape>
          
        </TextBlock>
        
        <TextBlock HPOS="906"
                   VPOS="432"
                   WIDTH="47"
                   HEIGHT="5"
                   ID="eSc_textblock_734389bd"
                   TAGREFS="BT16064">
          <Shape><Polygon POINTS="909 432 953 432 953 437 906 437 909 432"/></Shape>
          
        </TextBlock>
        
        <TextBlock HPOS="1159"
                   VPOS="319"
                   WIDTH="13"
                   HEIGHT="5"
                   ID="eSc_textblock_791fe3a5"
                   TAGREFS="BT16058">
          <Shape><Polygon POINTS="1161 319 1172 319 1172 324 1159 324 1161 319"/></Shape>
          
        </TextBlock>
        
        <TextBlock HPOS="996"
                   VPOS="2112"
                   WIDTH="20"
                   HEIGHT="6"
                   ID="eSc_textblock_88cce55f"
                   TAGREFS="BT16059">
          <Shape><Polygon POINTS="1001 2112 1016 2112 1016 2118 996 2118 1001 2112"/></Shape>
          
        </TextBlock>
        
        <TextBlock HPOS="1166"
                   VPOS="212"
                   WIDTH="13"
                   HEIGHT="6"
                   ID="eSc_textblock_fd3805b9"
                   TAGREFS="BT16059">
          <Shape><Polygon POINTS="1170 212 1179 212 1179 218 1166 218 1170 212"/></Shape>
          
        </TextBlock>
        
        <TextBlock HPOS="1180"
                   VPOS="255"
                   WIDTH="6"
                   HEIGHT="5"
                   ID="eSc_textblock_ac4d7e4e"
                   TAGREFS="BT16059">
          <Shape><Polygon POINTS="1186 255 1186 260 1180 260 1180 255 1186 255"/></Shape>
          
        </TextBlock>
        

        
        <TextBlock ID="eSc_dummyblock_">
          
          
          <TextLine ID="eSc_line_48e8e964"
                    TAGREFS="LT4834"
                    BASELINE="3 214 17 214" 
                    HPOS="3"
                    VPOS="157"
                    WIDTH="14"
                    HEIGHT="73">
            <Shape><Polygon POINTS="3 214 3 230 17 230 17 214 14 157 3 163 3 214"/></Shape>
	    <String CONTENT=""
                    HPOS="3"
                    VPOS="157"
                    WIDTH="14"
                    HEIGHT="73"></String>
          </TextLine>

          
          
          <TextLine ID="eSc_line_bd081bc5"
                    TAGREFS="LT4834"
                    BASELINE="258 301 546 292 1032 296" 
                    HPOS="257"
                    VPOS="219"
                    WIDTH="775"
                    HEIGHT="121">
            <Shape><Polygon POINTS="258 301 258 340 315 340 315 338 317 338 319 338 336 326 363 338 365 338 367 338 370 338 457 326 500 338 501 338 503 338 505 338 507 338 508 338 535 324 624 338 634 338 636 340 677 340 677 338 679 338 680 338 680 336 698 324 728 333 730 333 732 333 829 324 849 336 851 336 852 336 854 336 858 336 890 329 902 336 907 338 909 338 911 338 913 338 918 336 943 324 1030 335 1032 296 1026 223 975 248 939 248 881 226 858 219 856 219 854 219 755 230 712 219 711 219 709 219 707 219 705 219 689 233 680 241 643 235 641 235 640 235 638 235 609 249 560 249 546 237 523 219 521 219 519 219 469 219 468 219 466 219 464 219 439 241 430 248 406 242 386 239 384 239 383 239 381 239 375 242 370 248 349 244 320 239 319 239 257 246 258 301"/></Shape>
	    <String CONTENT="اين ديوان کما پيش چيل سال شمسی بود اين"
                    HPOS="257"
                    VPOS="219"
                    WIDTH="775"
                    HEIGHT="121"
                    WC="0.8808669157718357"></String>
          </TextLine>

          
          
          <TextLine ID="eSc_line_050fc54b"
                    TAGREFS="LT4834"
                    BASELINE="5 584 15 583" 
                    HPOS="0"
                    VPOS="551"
                    WIDTH="35"
                    HEIGHT="170">
            <Shape><Polygon POINTS="0 551 5 584 26 719 35 721 15 583 8 551 0 551 0 551"/></Shape>
	    <String CONTENT=""
                    HPOS="0"
                    VPOS="551"
                    WIDTH="35"
                    HEIGHT="170"></String>
          </TextLine>

          
          
          <TextLine ID="eSc_line_698ad8af"
                    TAGREFS="LT4834"
                    BASELINE="727 384 984 386" 
                    HPOS="725"
                    VPOS="340"
                    WIDTH="259"
                    HEIGHT="88">
            <Shape><Polygon POINTS="727 384 725 425 851 412 856 416 877 428 879 428 881 428 883 428 884 428 886 428 909 412 930 418 932 418 934 418 936 418 982 404 984 386 982 343 946 340 945 340 943 340 925 345 891 358 881 349 872 340 870 340 868 340 867 340 865 340 863 340 849 350 835 359 808 359 797 352 778 340 776 340 774 340 773 340 771 340 727 356 727 384"/></Shape>
	    <String CONTENT="سخه بهانمام"
                    HPOS="725"
                    VPOS="340"
                    WIDTH="259"
                    HEIGHT="88"
                    WC="0.8985031734813343"></String>
          </TextLine>

          
          
          <TextLine ID="eSc_line_8460fe0d"
                    TAGREFS="LT4834"
                    BASELINE="3 1472 15 1469" 
                    HPOS="0"
                    VPOS="1435"
                    WIDTH="37"
                    HEIGHT="123">
            <Shape><Polygon POINTS="0 1456 3 1472 26 1558 37 1558 15 1469 1 1435 0 1435 0 1456"/></Shape>
	    <String CONTENT=""
                    HPOS="0"
                    VPOS="1435"
                    WIDTH="37"
                    HEIGHT="123"></String>
          </TextLine>

          
          
          <TextLine ID="eSc_line_686b9e2d"
                    TAGREFS="LT4834"
                    BASELINE="1 1861 24 1861" 
                    HPOS="1"
                    VPOS="1823"
                    WIDTH="23"
                    HEIGHT="55">
            <Shape><Polygon POINTS="1 1861 1 1878 24 1877 24 1861 21 1823 1 1829 1 1861"/></Shape>
	    <String CONTENT=""
                    HPOS="1"
                    VPOS="1823"
                    WIDTH="23"
                    HEIGHT="55"></String>
          </TextLine>

          
        </TextBlock>
        
      </PrintSpace>
    </Page>
  </Layout>
</alto>
