<?xml version="1.0" encoding="UTF-8"?>
<alto xmlns:xsi="http://www.w3.org/2001/XMLSchema-instance"
      xmlns="http://www.loc.gov/standards/alto/ns-v4#"
      xsi:schemaLocation="http://www.loc.gov/standards/alto/ns-v4# http://www.loc.gov/standards/alto/v4/alto-4-2.xsd">
  <Description>
    <MeasurementUnit>pixel</MeasurementUnit>
    <sourceImageInformation>
      <fileName>TwoIsmailiTreatises060.jpg</fileName>
      
    </sourceImageInformation>
  </Description>
  
  <Tags>
    <OtherTag ID="BT16074" LABEL="MarginTextZone:commentary" DESCRIPTION="block type MarginTextZone:commentary"/><OtherTag ID="BT16073" LABEL="MarginTextZone:note#1" DESCRIPTION="block type MarginTextZone:note#1"/><OtherTag ID="BT16072" LABEL="MainZone:column#2" DESCRIPTION="block type MainZone:column#2"/><OtherTag ID="BT16071" LABEL="MainZone:column#3" DESCRIPTION="block type MainZone:column#3"/><OtherTag ID="BT16070" LABEL="GraphicZone:illustration" DESCRIPTION="block type GraphicZone:illustration"/><OtherTag ID="BT16069" LABEL="MainZone:column#1" DESCRIPTION="block type MainZone:column#1"/><OtherTag ID="BT16068" LABEL="MarginTextZone:note#2" DESCRIPTION="block type MarginTextZone:note#2"/><OtherTag ID="BT16067" LABEL="CustomZone:publication" DESCRIPTION="block type CustomZone:publication"/><OtherTag ID="BT16066" LABEL="RunningTitleZone" DESCRIPTION="block type RunningTitleZone"/><OtherTag ID="BT16065" LABEL="NumberingZone" DESCRIPTION="block type NumberingZone"/><OtherTag ID="BT16064" LABEL="default" DESCRIPTION="block type default"/><OtherTag ID="BT16063" LABEL="TitlePageZone" DESCRIPTION="block type TitlePageZone"/><OtherTag ID="BT16062" LABEL="NumberingZone:other" DESCRIPTION="block type NumberingZone:other"/><OtherTag ID="BT16061" LABEL="QuireMarksZone:catchwords" DESCRIPTION="block type QuireMarksZone:catchwords"/><OtherTag ID="BT16060" LABEL="MainZone" DESCRIPTION="block type MainZone"/><OtherTag ID="BT16059" LABEL="NumberingZone:page" DESCRIPTION="block type NumberingZone:page"/><OtherTag ID="BT16058" LABEL="MarginTextZone:note" DESCRIPTION="block type MarginTextZone:note"/><OtherTag ID="BT16057" LABEL="DigitizationArtefactZone" DESCRIPTION="block type DigitizationArtefactZone"/><OtherTag ID="BT4" LABEL="Illustration" DESCRIPTION="block type Illustration"/><OtherTag ID="BT3" LABEL="Commentary" DESCRIPTION="block type Commentary"/><OtherTag ID="BT2" LABEL="Main" DESCRIPTION="block type Main"/><OtherTag ID="BT1" LABEL="Title" DESCRIPTION="block type Title"/>
    <OtherTag ID="LT4834" LABEL="DefaultLine" DESCRIPTION="line type DefaultLine"/><OtherTag ID="LT4835" LABEL="HeadingLine:title" DESCRIPTION="line type HeadingLine:title"/>
  </Tags>
  
  <Layout>
    <Page WIDTH="1485"
          HEIGHT="2162"
          PHYSICAL_IMG_NR="56"
          ID="eSc_dummypage_">
      <PrintSpace HPOS="0"
                  VPOS="0"
                  WIDTH="1485"
                  HEIGHT="2162">
        
        <TextBlock HPOS="569"
                   VPOS="309"
                   WIDTH="279"
                   HEIGHT="308"
                   ID="eSc_textblock_dcdae7c3"
                   TAGREFS="BT16060">
          <Shape><Polygon POINTS="657 309 827 324 812 452 848 495 805 554 819 617 591 617 728 603 699 589 711 545 634 553 612 596 612 540 569 517 692 466 612 425 756 416 704 387 605 387 598 331 657 309"/></Shape>
          
          
          <TextLine ID="eSc_line_992eefa1"
                    TAGREFS="LT4834"
                    BASELINE="607 518 800 509" 
                    HPOS="607"
                    VPOS="450"
                    WIDTH="193"
                    HEIGHT="99">
            <Shape><Polygon POINTS="675 472 657 479 641 486 623 493 618 495 607 518 607 538 627 549 628 549 630 549 632 549 683 533 702 545 704 545 706 545 708 545 760 544 762 544 800 526 800 509 792 452 740 463 738 461 726 450 724 450 722 450 720 450 719 450 677 463 675 472"/></Shape>
	    <String CONTENT="تشريف حقيقی"
                    HPOS="607"
                    VPOS="450"
                    WIDTH="193"
                    HEIGHT="99"
                    WC="0.8605689027092673"></String>
          </TextLine>

          
          
          <TextLine ID="eSc_line_ab69d689"
                    TAGREFS="LT4834"
                    BASELINE="675 621 720 617 773 599" 
                    HPOS="668"
                    VPOS="547"
                    WIDTH="108"
                    HEIGHT="105">
            <Shape><Polygon POINTS="675 621 683 652 776 619 773 599 755 547 668 590 675 621"/></Shape>
	    <String CONTENT=""
                    HPOS="668"
                    VPOS="547"
                    WIDTH="108"
                    HEIGHT="105"></String>
          </TextLine>

          
        </TextBlock>
        
        <TextBlock HPOS="771"
                   VPOS="151"
                   WIDTH="121"
                   HEIGHT="56"
                   ID="eSc_textblock_0898068f"
                   TAGREFS="BT16059">
          <Shape><Polygon POINTS="856 151 892 172 884 207 771 192 785 158 856 151"/></Shape>
          
          
          <TextLine ID="eSc_line_91d6c3cd"
                    TAGREFS="LT4834"
                    BASELINE="789 190 879 190" 
                    HPOS="789"
                    VPOS="151"
                    WIDTH="90"
                    HEIGHT="88">
            <Shape><Polygon POINTS="874 162 830 151 825 153 807 154 801 154 789 162 789 190 789 225 877 239 879 190 879 165 874 162"/></Shape>
	    <String CONTENT="لا"
                    HPOS="789"
                    VPOS="151"
                    WIDTH="90"
                    HEIGHT="88"
                    WC="0.9305050671100616"></String>
          </TextLine>

          
        </TextBlock>
        
        <TextBlock HPOS="915"
                   VPOS="381"
                   WIDTH="92"
                   HEIGHT="49"
                   ID="eSc_textblock_9684ca49"
                   TAGREFS="BT16059">
          <Shape><Polygon POINTS="944 381 978 381 1007 408 937 430 915 389 944 381"/></Shape>
          
          
          <TextLine ID="eSc_line_c8e7a4bc"
                    TAGREFS="LT4834"
                    BASELINE="911 408 965 408" 
                    HPOS="911"
                    VPOS="372"
                    WIDTH="54"
                    HEIGHT="60">
            <Shape><Polygon POINTS="947 381 929 383 926 372 911 372 911 408 911 419 937 432 938 432 940 432 965 426 965 408 965 381 947 381"/></Shape>
	    <String CONTENT=""
                    HPOS="911"
                    VPOS="372"
                    WIDTH="54"
                    HEIGHT="60"></String>
          </TextLine>

          
        </TextBlock>
        
        <TextBlock HPOS="908"
                   VPOS="684"
                   WIDTH="92"
                   HEIGHT="49"
                   ID="eSc_textblock_d87690dd"
                   TAGREFS="BT16059">
          <Shape><Polygon POINTS="935 684 1000 691 949 713 993 733 922 733 908 699 935 684"/></Shape>
          
          
          <TextLine ID="eSc_line_e05afbb4"
                    TAGREFS="LT4834"
                    BASELINE="893 711 974 711" 
                    HPOS="893"
                    VPOS="684"
                    WIDTH="81"
                    HEIGHT="52">
            <Shape><Polygon POINTS="965 704 947 708 929 686 928 686 911 704 906 684 893 684 893 711 893 736 974 726 974 711 974 700 965 704"/></Shape>
	    <String CONTENT=""
                    HPOS="893"
                    VPOS="684"
                    WIDTH="81"
                    HEIGHT="52"></String>
          </TextLine>

          
        </TextBlock>
        
        <TextBlock HPOS="591"
                   VPOS="965"
                   WIDTH="805"
                   HEIGHT="957"
                   ID="eSc_textblock_38f09e3f"
                   TAGREFS="BT16060">
          <Shape><Polygon POINTS="650 965 783 980 663 1001 827 1008 812 1028 841 1079 819 1086 856 1153 834 1223 870 1253 841 1381 872 1635 944 1619 886 1598 893 1506 1030 1489 901 1461 965 1426 893 1390 1382 1398 1360 1475 1396 1527 1375 1549 1389 1792 1194 1816 1346 1850 1194 1873 1281 1880 1238 1907 1072 1922 605 1893 605 1837 641 1808 598 1792 619 1713 598 1684 598 1419 612 1383 655 1376 605 1367 591 1282 648 1196 720 1187 612 1172 605 1145 634 1129 612 1102 764 1086 605 1071 663 1023 605 1014 598 987 650 965"/></Shape>
          
          
          <TextLine ID="eSc_line_be3452ba"
                    TAGREFS="LT4834"
                    BASELINE="589 1097 816 1093" 
                    HPOS="587"
                    VPOS="1057"
                    WIDTH="229"
                    HEIGHT="61">
            <Shape><Polygon POINTS="749 1086 731 1088 713 1090 695 1091 677 1093 659 1091 641 1095 623 1073 605 1071 603 1070 587 1070 589 1097 589 1108 692 1118 693 1118 744 1109 791 1117 792 1117 794 1117 816 1104 816 1093 810 1057 764 1059 762 1059 760 1059 760 1061 753 1066 749 1086"/></Shape>
	    <String CONTENT=""
                    HPOS="587"
                    VPOS="1057"
                    WIDTH="229"
                    HEIGHT="61"></String>
          </TextLine>

          
          
          <TextLine ID="eSc_line_a9d12085"
                    TAGREFS="LT4834"
                    BASELINE="585 1286 821 1289" 
                    HPOS="583"
                    VPOS="1234"
                    WIDTH="238"
                    HEIGHT="86">
            <Shape><Polygon POINTS="603 1261 601 1248 585 1250 585 1286 583 1302 610 1318 612 1318 614 1318 616 1318 683 1309 715 1320 717 1320 719 1320 720 1320 722 1320 722 1318 738 1304 791 1315 792 1315 794 1315 819 1304 821 1289 821 1253 796 1241 794 1241 792 1241 740 1246 690 1234 688 1234 686 1234 612 1246 603 1261"/></Shape>
	    <String CONTENT="جماعت ناجيه"
                    HPOS="583"
                    VPOS="1234"
                    WIDTH="238"
                    HEIGHT="86"
                    WC="0.9601501063867048"></String>
          </TextLine>

          
          
          <TextLine ID="eSc_line_e037b40c"
                    TAGREFS="LT4834"
                    BASELINE="643 1387 810 1387" 
                    HPOS="643"
                    VPOS="1338"
                    WIDTH="167"
                    HEIGHT="67">
            <Shape><Polygon POINTS="643 1378 643 1387 643 1401 809 1405 810 1387 809 1342 749 1353 731 1347 706 1338 704 1338 702 1338 701 1338 646 1351 643 1378"/></Shape>
	    <String CONTENT="جهودان"
                    HPOS="643"
                    VPOS="1338"
                    WIDTH="167"
                    HEIGHT="67"
                    WC="0.9902879893779755"></String>
          </TextLine>

          
          
          <TextLine ID="eSc_line_5d0b4451"
                    TAGREFS="LT4834"
                    BASELINE="643 1489 807 1482" 
                    HPOS="639"
                    VPOS="1412"
                    WIDTH="168"
                    HEIGHT="97">
            <Shape><Polygon POINTS="643 1489 643 1495 679 1509 681 1509 683 1509 807 1488 807 1482 803 1432 720 1412 719 1412 717 1412 715 1412 679 1444 674 1450 639 1450 643 1489"/></Shape>
	    <String CONTENT="ححت اگبر"
                    HPOS="639"
                    VPOS="1412"
                    WIDTH="168"
                    HEIGHT="97"
                    WC="0.7781799621880054"></String>
          </TextLine>

          
          
          <TextLine ID="eSc_line_22e138cb"
                    TAGREFS="LT4834"
                    BASELINE="1205 1497 1342 1498" 
                    HPOS="1203"
                    VPOS="1441"
                    WIDTH="139"
                    HEIGHT="85">
            <Shape><Polygon POINTS="1205 1497 1203 1517 1225 1526 1227 1526 1229 1526 1230 1526 1232 1526 1245 1517 1324 1526 1326 1526 1328 1526 1330 1526 1340 1515 1342 1498 1342 1455 1252 1441 1250 1441 1248 1441 1205 1455 1205 1497"/></Shape>
	    <String CONTENT="پريان"
                    HPOS="1203"
                    VPOS="1441"
                    WIDTH="139"
                    HEIGHT="85"
                    WC="0.888874089717865"></String>
          </TextLine>

          
          
          <TextLine ID="eSc_line_9c5da5fc"
                    TAGREFS="LT4834"
                    BASELINE="603 1578 809 1569" 
                    HPOS="601"
                    VPOS="1515"
                    WIDTH="208"
                    HEIGHT="88">
            <Shape><Polygon POINTS="603 1578 603 1592 639 1603 641 1603 643 1603 645 1603 646 1603 665 1592 666 1592 809 1592 809 1569 805 1522 765 1515 764 1515 762 1515 735 1529 719 1538 692 1538 686 1535 665 1520 663 1520 661 1520 659 1520 657 1520 601 1540 603 1578"/></Shape>
	    <String CONTENT="حجت خداى"
                    HPOS="601"
                    VPOS="1515"
                    WIDTH="208"
                    HEIGHT="88"
                    WC="0.9707807824015617"></String>
          </TextLine>

          
          
          <TextLine ID="eSc_line_c2c4ebc9"
                    TAGREFS="LT4834"
                    BASELINE="908 1571 1167 1567" 
                    HPOS="906"
                    VPOS="1520"
                    WIDTH="261"
                    HEIGHT="61">
            <Shape><Polygon POINTS="908 1571 908 1580 1166 1581 1167 1567 1164 1533 1036 1520 1034 1520 906 1535 908 1571"/></Shape>
	    <String CONTENT="عس"
                    HPOS="906"
                    VPOS="1520"
                    WIDTH="261"
                    HEIGHT="61"
                    WC="0.7566627860069275"></String>
          </TextLine>

          
          
          <TextLine ID="eSc_line_57f64c49"
                    TAGREFS="LT4834"
                    BASELINE="908 1605 1153 1603" 
                    HPOS="906"
                    VPOS="1571"
                    WIDTH="247"
                    HEIGHT="59">
            <Shape><Polygon POINTS="933 1571 931 1571 920 1572 906 1599 908 1605 908 1630 1151 1623 1153 1603 1149 1572 935 1571 933 1571"/></Shape>
	    <String CONTENT=""
                    HPOS="906"
                    VPOS="1571"
                    WIDTH="247"
                    HEIGHT="59"></String>
          </TextLine>

          
          
          <TextLine ID="eSc_line_c09475ef"
                    TAGREFS="LT4834"
                    BASELINE="1212 1607 1348 1607" 
                    HPOS="1212"
                    VPOS="1540"
                    WIDTH="136"
                    HEIGHT="85">
            <Shape><Polygon POINTS="1212 1607 1212 1614 1239 1625 1241 1625 1243 1625 1348 1614 1348 1607 1346 1540 1292 1545 1290 1545 1288 1545 1275 1558 1252 1576 1212 1574 1212 1607"/></Shape>
	    <String CONTENT=""
                    HPOS="1212"
                    VPOS="1540"
                    WIDTH="136"
                    HEIGHT="85"></String>
          </TextLine>

          
          
          <TextLine ID="eSc_line_030d8152"
                    TAGREFS="LT4834"
                    BASELINE="643 1680 819 1675" 
                    HPOS="641"
                    VPOS="1616"
                    WIDTH="178"
                    HEIGHT="100">
            <Shape><Polygon POINTS="643 1680 643 1711 677 1716 679 1716 681 1716 702 1706 720 1695 728 1702 740 1713 740 1715 742 1715 744 1715 746 1715 747 1715 819 1691 819 1675 818 1628 805 1617 803 1617 801 1617 800 1617 798 1617 767 1625 717 1616 715 1616 713 1616 711 1616 711 1617 692 1635 641 1643 643 1680"/></Shape>
	    <String CONTENT="حجت قانم"
                    HPOS="641"
                    VPOS="1616"
                    WIDTH="178"
                    HEIGHT="100"
                    WC="0.8924073353409767"></String>
          </TextLine>

          
          
          <TextLine ID="eSc_line_c59b5d9a"
                    TAGREFS="LT4834"
                    BASELINE="902 1680 969 1675" 
                    HPOS="897"
                    VPOS="1634"
                    WIDTH="72"
                    HEIGHT="68">
            <Shape><Polygon POINTS="902 1680 902 1700 944 1702 946 1702 947 1702 949 1702 969 1688 969 1675 962 1634 897 1637 902 1680"/></Shape>
	    <String CONTENT="ع"
                    HPOS="897"
                    VPOS="1634"
                    WIDTH="72"
                    HEIGHT="68"
                    WC="0.9265207648277283"></String>
          </TextLine>

          
          
          <TextLine ID="eSc_line_dd350a0f"
                    TAGREFS="LT4834"
                    BASELINE="1086 1684 1348 1677" 
                    HPOS="1084"
                    VPOS="1619"
                    WIDTH="264"
                    HEIGHT="96">
            <Shape><Polygon POINTS="1086 1684 1086 1697 1126 1715 1128 1715 1129 1715 1131 1715 1133 1715 1133 1713 1146 1702 1173 1711 1175 1711 1176 1711 1178 1711 1238 1693 1277 1715 1279 1715 1281 1715 1321 1713 1322 1713 1324 1713 1324 1711 1348 1688 1348 1677 1344 1644 1317 1643 1286 1619 1284 1619 1283 1619 1281 1619 1221 1621 1220 1621 1218 1621 1189 1641 1153 1626 1151 1626 1149 1626 1147 1626 1146 1626 1113 1650 1084 1650 1086 1684"/></Shape>
	    <String CONTENT="تا رنخ اسکنديد و می"
                    HPOS="1084"
                    VPOS="1619"
                    WIDTH="264"
                    HEIGHT="96"
                    WC="0.8787813092532911"></String>
          </TextLine>

          
          
          <TextLine ID="eSc_line_e110db5a"
                    TAGREFS="LT4834"
                    BASELINE="603 1783 816 1776" 
                    HPOS="601"
                    VPOS="1718"
                    WIDTH="215"
                    HEIGHT="98">
            <Shape><Polygon POINTS="601 1765 603 1783 603 1816 643 1816 643 1814 645 1814 646 1814 654 1808 674 1792 686 1803 688 1803 690 1803 692 1805 751 1805 751 1803 753 1803 755 1803 755 1801 765 1792 773 1787 814 1787 816 1776 814 1727 785 1718 783 1718 782 1718 780 1718 778 1718 764 1731 755 1740 726 1740 710 1735 670 1722 668 1722 666 1722 665 1722 663 1722 663 1724 648 1738 609 1744 601 1765"/></Shape>
	    <String CONTENT="ححت و قانم"
                    HPOS="601"
                    VPOS="1718"
                    WIDTH="215"
                    HEIGHT="98"
                    WC="0.9495131075382233"></String>
          </TextLine>

          
          
          <TextLine ID="eSc_line_80a93169"
                    TAGREFS="LT4834"
                    BASELINE="908 1783 985 1778" 
                    HPOS="904"
                    VPOS="1729"
                    WIDTH="81"
                    HEIGHT="65">
            <Shape><Polygon POINTS="908 1783 908 1790 983 1794 985 1778 976 1729 904 1747 908 1783"/></Shape>
	    <String CONTENT="عل"
                    HPOS="904"
                    VPOS="1729"
                    WIDTH="81"
                    HEIGHT="65"
                    WC="0.9127351343631744"></String>
          </TextLine>

          
          
          <TextLine ID="eSc_line_52ebb3ef"
                    TAGREFS="LT4834"
                    BASELINE="1050 1785 1348 1781" 
                    HPOS="1048"
                    VPOS="1727"
                    WIDTH="300"
                    HEIGHT="98">
            <Shape><Polygon POINTS="1050 1785 1052 1825 1081 1814 1095 1821 1097 1821 1099 1821 1101 1821 1102 1821 1120 1807 1198 1814 1310 1823 1311 1823 1313 1823 1315 1823 1348 1803 1348 1781 1346 1749 1292 1727 1290 1727 1288 1727 1286 1727 1265 1736 1196 1727 1194 1727 1193 1727 1191 1727 1166 1744 1048 1751 1050 1785"/></Shape>
	    <String CONTENT="تا ريج امامال شمهر"
                    HPOS="1048"
                    VPOS="1727"
                    WIDTH="300"
                    HEIGHT="98"
                    WC="0.8690356562534968"></String>
          </TextLine>

          
          
          <TextLine ID="eSc_line_6893cac8"
                    TAGREFS="LT4834"
                    BASELINE="625 1879 823 1873" 
                    HPOS="623"
                    VPOS="1828"
                    WIDTH="200"
                    HEIGHT="88">
            <Shape><Polygon POINTS="625 1879 625 1900 643 1900 645 1902 665 1916 666 1916 668 1916 670 1916 744 1915 746 1915 747 1915 774 1897 778 1897 821 1897 823 1873 819 1839 654 1828 652 1828 650 1828 623 1841 625 1879"/></Shape>
	    <String CONTENT="خدود دين"
                    HPOS="623"
                    VPOS="1828"
                    WIDTH="200"
                    HEIGHT="88"
                    WC="0.9721319526433945"></String>
          </TextLine>

          
          
          <TextLine ID="eSc_line_46d67fd0"
                    TAGREFS="LT4834"
                    BASELINE="904 1879 1077 1875" 
                    HPOS="902"
                    VPOS="1814"
                    WIDTH="175"
                    HEIGHT="79">
            <Shape><Polygon POINTS="904 1879 904 1893 1075 1891 1077 1875 1072 1814 902 1830 904 1879"/></Shape>
	    <String CONTENT="عل"
                    HPOS="902"
                    VPOS="1814"
                    WIDTH="175"
                    HEIGHT="79"
                    WC="0.9048642218112946"></String>
          </TextLine>

          
        </TextBlock>
        
        <TextBlock HPOS="937"
                   VPOS="648"
                   WIDTH="380"
                   HEIGHT="92"
                   ID="eSc_textblock_d7740c03"
                   TAGREFS="BT16064">
          <Shape><Polygon POINTS="1144 648 1230 648 1202 675 1317 711 1187 720 1223 740 1074 740 1093 711 1023 711 1036 740 1009 740 937 711 1175 675 1081 661 1144 648"/></Shape>
          
          
          <TextLine ID="eSc_line_8c94ef6e"
                    TAGREFS="LT4834"
                    BASELINE="1038 713 1349 713" 
                    HPOS="1038"
                    VPOS="672"
                    WIDTH="311"
                    HEIGHT="79">
            <Shape><Polygon POINTS="1308 711 1290 711 1272 709 1254 711 1236 686 1218 681 1200 675 1178 681 1160 675 1146 679 1128 681 1126 681 1115 690 1108 693 1102 693 1092 711 1074 711 1056 711 1038 711 1038 713 1038 729 1075 749 1077 749 1079 751 1175 751 1175 749 1176 749 1178 749 1178 747 1194 733 1198 729 1241 729 1248 735 1256 740 1256 742 1257 742 1259 742 1261 742 1263 742 1286 735 1290 735 1292 735 1308 745 1310 745 1311 745 1313 745 1349 736 1349 713 1349 679 1328 672 1326 672 1324 672 1322 672 1321 672 1313 677 1308 711"/></Shape>
	    <String CONTENT="با بي نا حن صبا"
                    HPOS="1038"
                    VPOS="672"
                    WIDTH="311"
                    HEIGHT="79"
                    WC="0.8389722645282746"></String>
          </TextLine>

          
        </TextBlock>
        
        <TextBlock HPOS="929"
                   VPOS="771"
                   WIDTH="78"
                   HEIGHT="34"
                   ID="eSc_textblock_f441c14c"
                   TAGREFS="BT16059">
          <Shape><Polygon POINTS="956 771 1000 778 1007 805 937 805 929 778 956 771"/></Shape>
          
          
          <TextLine ID="eSc_line_2522e11d"
                    TAGREFS="LT4834"
                    BASELINE="897 803 982 799" 
                    HPOS="895"
                    VPOS="769"
                    WIDTH="87"
                    HEIGHT="65">
            <Shape><Polygon POINTS="967 772 949 771 931 785 926 769 895 776 897 803 897 823 924 834 926 834 928 834 982 825 982 799 980 774 967 772"/></Shape>
	    <String CONTENT=""
                    HPOS="895"
                    VPOS="769"
                    WIDTH="87"
                    HEIGHT="65"></String>
          </TextLine>

          
        </TextBlock>
        
        <TextBlock HPOS="886"
                   VPOS="1189"
                   WIDTH="489"
                   HEIGHT="185"
                   ID="eSc_textblock_b9bb850a"
                   TAGREFS="BT16060">
          <Shape><Polygon POINTS="902 1189 1367 1203 1367 1273 1129 1280 1367 1297 1375 1353 1324 1374 1052 1367 987 1353 985 1324 886 1324 902 1189"/></Shape>
          
          
          <TextLine ID="eSc_line_9d8e66f6"
                    TAGREFS="LT4834"
                    BASELINE="890 1289 1353 1293" 
                    HPOS="888"
                    VPOS="1253"
                    WIDTH="465"
                    HEIGHT="65">
            <Shape><Polygon POINTS="1339 1291 1322 1289 1302 1291 1284 1291 1268 1289 1250 1288 1232 1286 1214 1286 1196 1284 1178 1282 1160 1282 1142 1280 1138 1268 1135 1264 1124 1255 1124 1253 1122 1253 1120 1253 1077 1253 1075 1253 1074 1253 1072 1253 1072 1255 1061 1262 1059 1266 1050 1262 1021 1253 1020 1253 1018 1253 890 1259 890 1289 888 1306 908 1317 910 1317 911 1317 993 1308 1106 1317 1108 1317 1110 1317 1111 1317 1111 1315 1119 1309 1133 1318 1135 1318 1137 1318 1138 1318 1234 1309 1330 1318 1331 1318 1333 1318 1351 1308 1353 1293 1351 1291 1339 1291"/></Shape>
	    <String CONTENT=""
                    HPOS="888"
                    VPOS="1253"
                    WIDTH="465"
                    HEIGHT="65"></String>
          </TextLine>

          
        </TextBlock>
        
        <TextBlock HPOS="929"
                   VPOS="1362"
                   WIDTH="100"
                   HEIGHT="48"
                   ID="eSc_textblock_0f0d81bc"
                   TAGREFS="BT16059">
          <Shape><Polygon POINTS="942 1362 1029 1369 1029 1381 951 1389 978 1398 958 1410 929 1389 942 1362"/></Shape>
          
          
          <TextLine ID="eSc_line_8a651313"
                    TAGREFS="LT4834"
                    BASELINE="906 1389 974 1385" 
                    HPOS="904"
                    VPOS="1351"
                    WIDTH="70"
                    HEIGHT="61">
            <Shape><Polygon POINTS="958 1383 940 1362 937 1351 937 1351 935 1351 933 1351 904 1362 906 1389 906 1401 926 1412 928 1412 929 1412 974 1408 974 1385 973 1381 958 1383"/></Shape>
	    <String CONTENT=""
                    HPOS="904"
                    VPOS="1351"
                    WIDTH="70"
                    HEIGHT="61"></String>
          </TextLine>

          
        </TextBlock>
        
        <TextBlock HPOS="699"
                   VPOS="807"
                   WIDTH="120"
                   HEIGHT="12"
                   ID="eSc_textblock_52aa19e3"
                   TAGREFS="BT16060">
          <Shape><Polygon POINTS="722 807 812 807 819 819 699 819 722 807"/></Shape>
          
        </TextBlock>
        
        <TextBlock HPOS="706"
                   VPOS="756"
                   WIDTH="113"
                   HEIGHT="34"
                   ID="eSc_textblock_27edc301"
                   TAGREFS="BT16060">
          <Shape><Polygon POINTS="765 756 819 790 706 783 713 763 765 756"/></Shape>
          
        </TextBlock>
        
        <TextBlock HPOS="764"
                   VPOS="677"
                   WIDTH="55"
                   HEIGHT="20"
                   ID="eSc_textblock_15ba536f"
                   TAGREFS="BT16060">
          <Shape><Polygon POINTS="773 677 798 677 819 697 764 697 773 677"/></Shape>
          
        </TextBlock>
        
        <TextBlock HPOS="778"
                   VPOS="288"
                   WIDTH="41"
                   HEIGHT="12"
                   ID="eSc_textblock_58c5c985"
                   TAGREFS="BT16060">
          <Shape><Polygon POINTS="778 288 819 288 819 300 785 300 778 288"/></Shape>
          
        </TextBlock>
        
        <TextBlock HPOS="893"
                   VPOS="338"
                   WIDTH="13"
                   HEIGHT="13"
                   ID="eSc_textblock_ff3eb48f"
                   TAGREFS="BT16060">
          <Shape><Polygon POINTS="902 338 906 351 893 351 893 338 902 338"/></Shape>
          
        </TextBlock>
        
        <TextBlock HPOS="922"
                   VPOS="317"
                   WIDTH="236"
                   HEIGHT="63"
                   ID="eSc_textblock_008e71e9"
                   TAGREFS="BT16060">
          <Shape><Polygon POINTS="953 317 1101 324 1093 351 1038 367 1146 353 1158 365 1102 380 922 351 922 324 953 317"/></Shape>
          
        </TextBlock>
        
        <TextBlock HPOS="951"
                   VPOS="425"
                   WIDTH="409"
                   HEIGHT="20"
                   ID="eSc_textblock_66fbd262"
                   TAGREFS="BT16060">
          <Shape><Polygon POINTS="982 425 1360 425 1360 437 951 445 982 425"/></Shape>
          
        </TextBlock>
        
        <TextBlock HPOS="1176"
                   VPOS="281"
                   WIDTH="18"
                   HEIGHT="12"
                   ID="eSc_textblock_fb1b7883"
                   TAGREFS="BT16060">
          <Shape><Polygon POINTS="1176 281 1194 281 1194 286 1182 293 1176 281"/></Shape>
          
        </TextBlock>
        
        <TextBlock HPOS="1160"
                   VPOS="317"
                   WIDTH="207"
                   HEIGHT="55"
                   ID="eSc_textblock_6d43e1d0"
                   TAGREFS="BT16060">
          <Shape><Polygon POINTS="1184 317 1367 324 1367 329 1331 338 1346 365 1283 372 1189 365 1160 336 1184 317"/></Shape>
          
        </TextBlock>
        
        <TextBlock HPOS="1153"
                   VPOS="324"
                   WIDTH="5"
                   HEIGHT="5"
                   ID="eSc_textblock_97927ffa"
                   TAGREFS="BT16060">
          <Shape><Polygon POINTS="1153 326 1158 324 1158 329 1153 329 1153 326"/></Shape>
          
        </TextBlock>
        
        <TextBlock HPOS="1268"
                   VPOS="281"
                   WIDTH="20"
                   HEIGHT="12"
                   ID="eSc_textblock_17fa6de2"
                   TAGREFS="BT16060">
          <Shape><Polygon POINTS="1277 281 1288 288 1288 293 1268 286 1277 281"/></Shape>
          
        </TextBlock>
        
        <TextBlock HPOS="1268"
                   VPOS="259"
                   WIDTH="49"
                   HEIGHT="13"
                   ID="eSc_textblock_643f301a"
                   TAGREFS="BT16060">
          <Shape><Polygon POINTS="1268 259 1317 259 1317 264 1283 272 1268 259"/></Shape>
          
        </TextBlock>
        
        <TextBlock HPOS="605"
                   VPOS="1088"
                   WIDTH="5"
                   HEIGHT="5"
                   ID="eSc_textblock_af1ea3a0"
                   TAGREFS="BT16060">
          <Shape><Polygon POINTS="610 1091 605 1093 605 1088 610 1088 610 1091"/></Shape>
          
        </TextBlock>
        
        <TextBlock HPOS="677"
                   VPOS="872"
                   WIDTH="63"
                   HEIGHT="12"
                   ID="eSc_textblock_653a6431"
                   TAGREFS="BT16060">
          <Shape><Polygon POINTS="686 872 733 872 740 884 677 884 686 872"/></Shape>
          
        </TextBlock>
        
        <TextBlock HPOS="692"
                   VPOS="951"
                   WIDTH="106"
                   HEIGHT="5"
                   ID="eSc_textblock_4798785c"
                   TAGREFS="BT16060">
          <Shape><Polygon POINTS="701 951 798 951 798 956 692 956 701 951"/></Shape>
          
        </TextBlock>
        
        <TextBlock HPOS="701"
                   VPOS="908"
                   WIDTH="111"
                   HEIGHT="12"
                   ID="eSc_textblock_7e106a43"
                   TAGREFS="BT16060">
          <Shape><Polygon POINTS="701 908 812 908 812 920 706 920 701 908"/></Shape>
          
        </TextBlock>
        
        <TextBlock HPOS="778"
                   VPOS="886"
                   WIDTH="13"
                   HEIGHT="5"
                   ID="eSc_textblock_9a1791c6"
                   TAGREFS="BT16060">
          <Shape><Polygon POINTS="787 886 791 891 778 891 778 886 787 886"/></Shape>
          
        </TextBlock>
        
        <TextBlock HPOS="951"
                   VPOS="980"
                   WIDTH="5"
                   HEIGHT="5"
                   ID="eSc_textblock_78dbccd3"
                   TAGREFS="BT16060">
          <Shape><Polygon POINTS="956 983 951 985 951 980 956 980 956 983"/></Shape>
          
        </TextBlock>
        
        <TextBlock HPOS="929"
                   VPOS="922"
                   WIDTH="114"
                   HEIGHT="34"
                   ID="eSc_textblock_a1cf89f6"
                   TAGREFS="BT16060">
          <Shape><Polygon POINTS="974 922 1014 929 1002 951 1043 956 929 956 974 922"/></Shape>
          
        </TextBlock>
        
        <TextBlock HPOS="1045"
                   VPOS="980"
                   WIDTH="70"
                   HEIGHT="5"
                   ID="eSc_textblock_e7c02d07"
                   TAGREFS="BT16060">
          <Shape><Polygon POINTS="1054 980 1115 980 1115 985 1045 985 1054 980"/></Shape>
          
        </TextBlock>
        
        <TextBlock HPOS="958"
                   VPOS="1117"
                   WIDTH="251"
                   HEIGHT="48"
                   ID="eSc_textblock_3cc31062"
                   TAGREFS="BT16060">
          <Shape><Polygon POINTS="1162 1117 1209 1117 1209 1136 1014 1165 958 1151 1162 1117"/></Shape>
          
        </TextBlock>
        
        <TextBlock HPOS="1239"
                   VPOS="951"
                   WIDTH="85"
                   HEIGHT="5"
                   ID="eSc_textblock_4d22f2af"
                   TAGREFS="BT16060">
          <Shape><Polygon POINTS="1248 951 1324 951 1324 956 1239 956 1248 951"/></Shape>
          
        </TextBlock>
        
        <TextBlock HPOS="1283"
                   VPOS="1117"
                   WIDTH="48"
                   HEIGHT="27"
                   ID="eSc_textblock_a5e26d3c"
                   TAGREFS="BT16060">
          <Shape><Polygon POINTS="1306 1117 1331 1117 1324 1144 1283 1136 1306 1117"/></Shape>
          
        </TextBlock>
        
        <TextBlock HPOS="1319"
                   VPOS="1888"
                   WIDTH="20"
                   HEIGHT="12"
                   ID="eSc_textblock_df246a44"
                   TAGREFS="BT16060">
          <Shape><Polygon POINTS="1335 1888 1339 1900 1319 1900 1326 1888 1335 1888"/></Shape>
          
        </TextBlock>
        
        <TextBlock HPOS="865"
                   VPOS="165"
                   WIDTH="12"
                   HEIGHT="42"
                   ID="eSc_textblock_a8f2b2fd"
                   TAGREFS="BT16062">
          <Shape><Polygon POINTS="865 165 877 172 877 207 865 199 865 165"/></Shape>
          
        </TextBlock>
        
        <TextBlock HPOS="944"
                   VPOS="1477"
                   WIDTH="106"
                   HEIGHT="12"
                   ID="eSc_textblock_8c1a1ebb"
                   TAGREFS="BT16064">
          <Shape><Polygon POINTS="971 1477 1036 1477 1050 1489 944 1489 971 1477"/></Shape>
          
        </TextBlock>
        
        <TextBlock HPOS="951"
                   VPOS="396"
                   WIDTH="135"
                   HEIGHT="20"
                   ID="eSc_textblock_819685ff"
                   TAGREFS="BT16064">
          <Shape><Polygon POINTS="971 396 1086 403 1086 408 951 416 971 396"/></Shape>
          
        </TextBlock>
        
        <TextBlock HPOS="958"
                   VPOS="1369"
                   WIDTH="179"
                   HEIGHT="12"
                   ID="eSc_textblock_5fd2a1a5"
                   TAGREFS="BT16064">
          <Shape><Polygon POINTS="978 1369 1072 1369 1137 1381 958 1381 978 1369"/></Shape>
          
        </TextBlock>
        
        <TextBlock HPOS="973"
                   VPOS="1073"
                   WIDTH="207"
                   HEIGHT="13"
                   ID="eSc_textblock_5ab0daa9"
                   TAGREFS="BT16064">
          <Shape><Polygon POINTS="1038 1073 1137 1073 1180 1086 973 1086 1038 1073"/></Shape>
          
        </TextBlock>
        
        <TextBlock HPOS="944"
                   VPOS="778"
                   WIDTH="322"
                   HEIGHT="27"
                   ID="eSc_textblock_dc7c189f"
                   TAGREFS="BT16064">
          <Shape><Polygon POINTS="987 778 1216 778 1266 805 944 805 987 778"/></Shape>
          
        </TextBlock>
        
        <TextBlock HPOS="951"
                   VPOS="583"
                   WIDTH="344"
                   HEIGHT="27"
                   ID="eSc_textblock_36aa6fb6"
                   TAGREFS="BT16064">
          <Shape><Polygon POINTS="1166 583 1295 610 951 603 973 590 1166 583"/></Shape>
          
        </TextBlock>
        
        <TextBlock HPOS="1002"
                   VPOS="482"
                   WIDTH="286"
                   HEIGHT="27"
                   ID="eSc_textblock_9dbfa60c"
                   TAGREFS="BT16064">
          <Shape><Polygon POINTS="1137 482 1238 482 1288 509 1002 509 1137 482"/></Shape>
          
        </TextBlock>
        
        <TextBlock HPOS="1124"
                   VPOS="626"
                   WIDTH="92"
                   HEIGHT="6"
                   ID="eSc_textblock_bd3448df"
                   TAGREFS="BT16064">
          <Shape><Polygon POINTS="1131 626 1216 626 1216 632 1124 632 1131 626"/></Shape>
          
        </TextBlock>
        
        <TextBlock HPOS="1211"
                   VPOS="403"
                   WIDTH="27"
                   HEIGHT="5"
                   ID="eSc_textblock_78f8fd02"
                   TAGREFS="BT16064">
          <Shape><Polygon POINTS="1218 403 1238 403 1238 408 1211 408 1218 403"/></Shape>
          
        </TextBlock>
        
        <TextBlock HPOS="922"
                   VPOS="1073"
                   WIDTH="63"
                   HEIGHT="13"
                   ID="eSc_textblock_eb7a3fa5"
                   TAGREFS="BT16059">
          <Shape><Polygon POINTS="935 1073 971 1073 985 1086 922 1086 935 1073"/></Shape>
          
        </TextBlock>
        
        <TextBlock HPOS="944"
                   VPOS="1109"
                   WIDTH="34"
                   HEIGHT="13"
                   ID="eSc_textblock_813ce750"
                   TAGREFS="BT16059">
          <Shape><Polygon POINTS="944 1109 978 1109 978 1115 951 1122 944 1109"/></Shape>
          
        </TextBlock>
        
        <TextBlock HPOS="937"
                   VPOS="886"
                   WIDTH="48"
                   HEIGHT="5"
                   ID="eSc_textblock_18bf39b9"
                   TAGREFS="BT16059">
          <Shape><Polygon POINTS="942 886 985 886 985 891 937 891 942 886"/></Shape>
          
        </TextBlock>
        
        <TextBlock HPOS="951"
                   VPOS="1470"
                   WIDTH="85"
                   HEIGHT="41"
                   ID="eSc_textblock_6cf1bcc4"
                   TAGREFS="BT16059">
          <Shape><Polygon POINTS="951 1470 1014 1470 1036 1482 951 1511 951 1470"/></Shape>
          
        </TextBlock>
        
        <TextBlock HPOS="1038"
                   VPOS="699"
                   WIDTH="12"
                   HEIGHT="12"
                   ID="eSc_textblock_5edf16e5"
                   TAGREFS="BT16059">
          <Shape><Polygon POINTS="1045 699 1050 711 1038 711 1038 699 1045 699"/></Shape>
          
        </TextBlock>
        
        <TextBlock HPOS="591"
                   VPOS="756"
                   WIDTH="34"
                   HEIGHT="27"
                   ID="eSc_textblock_82df62e2"
                   TAGREFS="BT16060">
          <Shape><Polygon POINTS="612 756 625 776 605 783 591 763 612 756"/></Shape>
          
        </TextBlock>
        
        <TextBlock HPOS="598"
                   VPOS="807"
                   WIDTH="77"
                   HEIGHT="12"
                   ID="eSc_textblock_37a7ad07"
                   TAGREFS="BT16060">
          <Shape><Polygon POINTS="607 807 675 807 675 819 598 812 607 807"/></Shape>
          
        </TextBlock>
        
        <TextBlock HPOS="583"
                   VPOS="713"
                   WIDTH="215"
                   HEIGHT="20"
                   ID="eSc_textblock_8871e02e"
                   TAGREFS="BT16060">
          <Shape><Polygon POINTS="600 713 798 720 798 733 583 733 600 713"/></Shape>
          
        </TextBlock>
        

        
        <TextBlock ID="eSc_dummyblock_">
          
          
          <TextLine ID="eSc_line_dfed5361"
                    TAGREFS="LT4834"
                    BASELINE="403 315 428 315" 
                    HPOS="403"
                    VPOS="268"
                    WIDTH="25"
                    HEIGHT="63">
            <Shape><Polygon POINTS="403 315 403 331 428 326 428 315 428 270 403 268 403 315"/></Shape>
	    <String CONTENT=""
                    HPOS="403"
                    VPOS="268"
                    WIDTH="25"
                    HEIGHT="63"></String>
          </TextLine>

          
          
          <TextLine ID="eSc_line_cc87aa06"
                    TAGREFS="LT4834"
                    BASELINE="715 311 801 306" 
                    HPOS="711"
                    VPOS="261"
                    WIDTH="90"
                    HEIGHT="88">
            <Shape><Polygon POINTS="715 311 715 342 762 349 764 349 765 349 801 333 801 306 798 268 765 261 764 261 711 272 715 311"/></Shape>
	    <String CONTENT="ترسا"
                    HPOS="711"
                    VPOS="261"
                    WIDTH="90"
                    HEIGHT="88"
                    WC="0.9395210295915604"></String>
          </TextLine>

          
          
          <TextLine ID="eSc_line_43c4c690"
                    TAGREFS="LT4834"
                    BASELINE="389 410 445 407" 
                    HPOS="385"
                    VPOS="367"
                    WIDTH="60"
                    HEIGHT="65">
            <Shape><Polygon POINTS="389 410 389 428 445 432 445 407 439 367 385 367 389 410"/></Shape>
	    <String CONTENT=""
                    HPOS="385"
                    VPOS="367"
                    WIDTH="60"
                    HEIGHT="65"></String>
          </TextLine>

          
          
          <TextLine ID="eSc_line_7cc5ceb7"
                    TAGREFS="LT4834"
                    BASELINE="884 311 1140 308" 
                    HPOS="883"
                    VPOS="264"
                    WIDTH="257"
                    HEIGHT="81">
            <Shape><Polygon POINTS="884 311 884 338 892 345 893 345 895 345 897 345 987 344 989 344 991 344 1002 335 1052 344 1054 344 1140 326 1140 308 1135 279 1038 279 1020 272 1002 264 1000 264 949 264 947 264 946 264 938 268 915 277 883 264 884 311"/></Shape>
	    <String CONTENT="وها هوم "
                    HPOS="883"
                    VPOS="264"
                    WIDTH="257"
                    HEIGHT="81"
                    WC="0.8628773838281631"></String>
          </TextLine>

          
          
          <TextLine ID="eSc_line_830a24e8"
                    TAGREFS="LT4834"
                    BASELINE="684 408 796 410" 
                    HPOS="683"
                    VPOS="347"
                    WIDTH="113"
                    HEIGHT="87">
            <Shape><Polygon POINTS="684 408 683 428 767 434 769 434 771 434 794 423 796 410 796 349 762 347 760 347 758 347 756 347 756 349 747 356 737 369 684 369 684 408"/></Shape>
	    <String CONTENT="تركان"
                    HPOS="683"
                    VPOS="347"
                    WIDTH="113"
                    HEIGHT="87"
                    WC="0.9807845711708069"></String>
          </TextLine>

          
          
          <TextLine ID="eSc_line_70d3a0fb"
                    TAGREFS="LT4834"
                    BASELINE="1158 309 1344 306" 
                    HPOS="1157"
                    VPOS="234"
                    WIDTH="187"
                    HEIGHT="113">
            <Shape><Polygon POINTS="1158 309 1158 320 1196 335 1198 335 1200 335 1252 329 1268 344 1268 345 1270 345 1272 345 1274 347 1315 347 1315 345 1317 345 1319 345 1344 329 1344 306 1342 261 1248 234 1247 234 1245 234 1243 234 1157 261 1158 309"/></Shape>
	    <String CONTENT="ابل تضاد"
                    HPOS="1157"
                    VPOS="234"
                    WIDTH="187"
                    HEIGHT="113"
                    WC="0.9051604643464088"></String>
          </TextLine>

          
          
          <TextLine ID="eSc_line_d7afef7e"
                    TAGREFS="LT4834"
                    BASELINE="1265 417 1335 416" 
                    HPOS="1263"
                    VPOS="369"
                    WIDTH="72"
                    HEIGHT="92">
            <Shape><Polygon POINTS="1265 417 1265 452 1301 461 1302 461 1304 461 1306 461 1335 443 1335 416 1331 372 1263 369 1265 417"/></Shape>
	    <String CONTENT="ال"
                    HPOS="1263"
                    VPOS="369"
                    WIDTH="72"
                    HEIGHT="92"
                    WC="0.8329247236251831"></String>
          </TextLine>

          
          
          <TextLine ID="eSc_line_5f5886cf"
                    TAGREFS="LT4834"
                    BASELINE="385 513 450 509" 
                    HPOS="382"
                    VPOS="464"
                    WIDTH="68"
                    HEIGHT="74">
            <Shape><Polygon POINTS="385 513 385 535 414 538 416 538 418 538 450 522 450 509 445 464 382 475 385 513"/></Shape>
	    <String CONTENT="ل"
                    HPOS="382"
                    VPOS="464"
                    WIDTH="68"
                    HEIGHT="74"
                    WC="0.7353238463401794"></String>
          </TextLine>

          
          
          <TextLine ID="eSc_line_6a64baa8"
                    TAGREFS="LT4834"
                    BASELINE="888 509 1344 509" 
                    HPOS="888"
                    VPOS="468"
                    WIDTH="456"
                    HEIGHT="76">
            <Shape><Polygon POINTS="888 509 888 527 949 529 976 544 978 544 980 544 982 544 1023 531 1041 542 1043 542 1045 542 1047 542 1048 542 1050 542 1061 533 1117 538 1119 538 1120 538 1153 529 1328 544 1330 544 1331 544 1333 544 1333 542 1344 531 1344 509 1344 475 1295 468 1293 468 1292 468 1290 468 1290 470 1284 473 1277 482 1229 482 1202 472 1194 470 1193 470 1191 470 1189 470 1187 470 1185 472 1173 482 1072 482 1038 470 1032 468 1030 468 1029 468 1027 468 1023 470 996 481 888 468 888 509"/></Shape>
	    <String CONTENT="ال و حدت د وهاد"
                    HPOS="888"
                    VPOS="468"
                    WIDTH="456"
                    HEIGHT="76"
                    WC="0.7951553384462993"></String>
          </TextLine>

          
          
          <TextLine ID="eSc_line_cc8f2265"
                    TAGREFS="LT4834"
                    BASELINE="396 608 436 601" 
                    HPOS="387"
                    VPOS="556"
                    WIDTH="49"
                    HEIGHT="74">
            <Shape><Polygon POINTS="396 608 400 630 436 610 436 601 428 562 396 556 394 556 392 556 391 556 391 558 389 558 389 560 387 562 396 608"/></Shape>
	    <String CONTENT=""
                    HPOS="387"
                    VPOS="556"
                    WIDTH="49"
                    HEIGHT="74"></String>
          </TextLine>

          
          
          <TextLine ID="eSc_line_f74684b3"
                    TAGREFS="LT4834"
                    BASELINE="883 608 1339 608" 
                    HPOS="883"
                    VPOS="565"
                    WIDTH="456"
                    HEIGHT="81">
            <Shape><Polygon POINTS="883 608 884 639 915 630 924 639 929 643 929 644 931 644 933 644 935 644 958 639 983 634 994 639 1002 644 1003 644 1005 644 1007 646 1070 646 1070 644 1072 644 1074 644 1081 639 1097 628 1149 626 1212 626 1229 639 1234 644 1236 644 1238 644 1239 644 1241 644 1256 639 1275 634 1337 639 1339 608 1339 572 1284 565 1283 565 1281 565 1257 572 1245 576 1230 572 1196 565 1194 565 1193 565 1175 574 1169 578 1039 578 1036 574 1025 567 1023 567 1021 567 1020 567 1018 567 998 576 996 576 973 565 971 565 969 565 967 565 965 565 955 576 953 578 883 578 883 608"/></Shape>
	    <String CONTENT="با باسيد نا"
                    HPOS="883"
                    VPOS="565"
                    WIDTH="456"
                    HEIGHT="81"
                    WC="0.8632172291929071"></String>
          </TextLine>

          
          
          <TextLine ID="eSc_line_c42006be"
                    TAGREFS="LT4834"
                    BASELINE="383 709 448 709" 
                    HPOS="383"
                    VPOS="679"
                    WIDTH="65"
                    HEIGHT="47">
            <Shape><Polygon POINTS="383 709 383 726 448 717 448 709 448 681 383 679 383 709"/></Shape>
	    <String CONTENT=""
                    HPOS="383"
                    VPOS="679"
                    WIDTH="65"
                    HEIGHT="47"></String>
          </TextLine>

          
          
          <TextLine ID="eSc_line_c1b78ad5"
                    TAGREFS="LT4834"
                    BASELINE="567 711 803 706" 
                    HPOS="565"
                    VPOS="646"
                    WIDTH="238"
                    HEIGHT="99">
            <Shape><Polygon POINTS="567 711 567 731 681 729 719 745 720 745 722 745 765 744 767 744 803 724 803 706 798 646 710 666 643 666 630 659 618 652 616 652 614 652 565 663 567 711"/></Shape>
	    <String CONTENT="تقی احمد ر مولانا"
                    HPOS="565"
                    VPOS="646"
                    WIDTH="238"
                    HEIGHT="99"
                    WC="0.908820811439963"></String>
          </TextLine>

          
          
          <TextLine ID="eSc_line_18d2d38e"
                    TAGREFS="LT4834"
                    BASELINE="383 805 448 805" 
                    HPOS="383"
                    VPOS="754"
                    WIDTH="65"
                    HEIGHT="67">
            <Shape><Polygon POINTS="383 805 383 821 448 821 448 805 448 762 383 754 383 805"/></Shape>
	    <String CONTENT=""
                    HPOS="383"
                    VPOS="754"
                    WIDTH="65"
                    HEIGHT="67"></String>
          </TextLine>

          
          
          <TextLine ID="eSc_line_6d5af342"
                    TAGREFS="LT4834"
                    BASELINE="650 808 809 805" 
                    HPOS="648"
                    VPOS="778"
                    WIDTH="161"
                    HEIGHT="66">
            <Shape><Polygon POINTS="792 803 774 803 756 803 738 803 720 807 717 790 717 792 706 783 699 778 697 778 695 778 693 778 648 783 650 808 650 826 726 844 728 844 729 844 809 823 809 805 807 803 792 803"/></Shape>
	    <String CONTENT=""
                    HPOS="648"
                    VPOS="778"
                    WIDTH="161"
                    HEIGHT="66"></String>
          </TextLine>

          
          
          <TextLine ID="eSc_line_03da1c62"
                    TAGREFS="LT4834"
                    BASELINE="387 904 439 900" 
                    HPOS="383"
                    VPOS="848"
                    WIDTH="56"
                    HEIGHT="69">
            <Shape><Polygon POINTS="387 904 387 917 439 908 439 900 430 848 383 862 387 904"/></Shape>
	    <String CONTENT="عد"
                    HPOS="383"
                    VPOS="848"
                    WIDTH="56"
                    HEIGHT="69"
                    WC="0.9746514856815338"></String>
          </TextLine>

          
          
          <TextLine ID="eSc_line_ce15ba11"
                    TAGREFS="LT4834"
                    BASELINE="400 1088 445 1088" 
                    HPOS="400"
                    VPOS="1035"
                    WIDTH="45"
                    HEIGHT="82">
            <Shape><Polygon POINTS="400 1088 400 1117 445 1108 445 1088 441 1035 400 1046 400 1088"/></Shape>
	    <String CONTENT=""
                    HPOS="400"
                    VPOS="1035"
                    WIDTH="45"
                    HEIGHT="82"></String>
          </TextLine>

          
          
          <TextLine ID="eSc_line_57e83b0f"
                    TAGREFS="LT4834"
                    BASELINE="1117 808 1342 814" 
                    HPOS="1115"
                    VPOS="754"
                    WIDTH="227"
                    HEIGHT="89">
            <Shape><Polygon POINTS="1117 808 1115 823 1157 839 1158 839 1160 839 1220 830 1265 843 1266 843 1268 843 1340 828 1342 814 1342 772 1328 758 1328 756 1326 756 1324 756 1322 756 1321 756 1319 756 1319 758 1308 767 1297 758 1297 756 1295 756 1293 756 1292 756 1290 756 1263 771 1232 754 1230 754 1229 754 1227 754 1198 767 1178 754 1176 754 1175 754 1173 754 1117 767 1117 808"/></Shape>
	    <String CONTENT="با بل لا زين"
                    HPOS="1115"
                    VPOS="754"
                    WIDTH="227"
                    HEIGHT="89"
                    WC="0.8542060554027557"></String>
          </TextLine>

          
          
          <TextLine ID="eSc_line_c1b15694"
                    TAGREFS="LT4834"
                    BASELINE="684 902 807 899" 
                    HPOS="683"
                    VPOS="853"
                    WIDTH="124"
                    HEIGHT="69">
            <Shape><Polygon POINTS="684 902 684 911 744 922 746 922 805 908 807 899 805 870 744 853 742 853 740 853 738 853 683 870 684 902"/></Shape>
	    <String CONTENT="جان"
                    HPOS="683"
                    VPOS="853"
                    WIDTH="124"
                    HEIGHT="69"
                    WC="0.9987757603327433"></String>
          </TextLine>

          
          
          <TextLine ID="eSc_line_77dc7ccc"
                    TAGREFS="LT4834"
                    BASELINE="899 904 953 900" 
                    HPOS="895"
                    VPOS="859"
                    WIDTH="58"
                    HEIGHT="61">
            <Shape><Polygon POINTS="899 904 899 920 953 920 953 900 949 864 929 859 928 859 926 859 924 859 895 868 899 904"/></Shape>
	    <String CONTENT=""
                    HPOS="895"
                    VPOS="859"
                    WIDTH="58"
                    HEIGHT="61"></String>
          </TextLine>

          
          
          <TextLine ID="eSc_line_adc5862c"
                    TAGREFS="LT4834"
                    BASELINE="1120 904 1171 904" 
                    HPOS="1120"
                    VPOS="868"
                    WIDTH="51"
                    HEIGHT="52">
            <Shape><Polygon POINTS="1120 904 1120 913 1169 920 1171 904 1169 868 1120 879 1120 904"/></Shape>
	    <String CONTENT=""
                    HPOS="1120"
                    VPOS="868"
                    WIDTH="51"
                    HEIGHT="52"></String>
          </TextLine>

          
          
          <TextLine ID="eSc_line_9eb9d172"
                    TAGREFS="LT4834"
                    BASELINE="1243 902 1346 902" 
                    HPOS="1243"
                    VPOS="853"
                    WIDTH="103"
                    HEIGHT="85">
            <Shape><Polygon POINTS="1243 902 1243 938 1277 938 1277 936 1279 936 1281 936 1281 935 1288 927 1304 913 1344 917 1346 902 1346 868 1301 853 1299 853 1297 853 1295 853 1272 864 1265 866 1243 862 1243 902"/></Shape>
	    <String CONTENT="باطن"
                    HPOS="1243"
                    VPOS="853"
                    WIDTH="103"
                    HEIGHT="85"
                    WC="0.9643854051828384"></String>
          </TextLine>

          
          
          <TextLine ID="eSc_line_757f17f3"
                    TAGREFS="LT4834"
                    BASELINE="378 999 547 996" 
                    HPOS="376"
                    VPOS="945"
                    WIDTH="171"
                    HEIGHT="87">
            <Shape><Polygon POINTS="378 999 378 1023 459 1032 461 1032 547 1019 547 996 542 945 376 951 378 999"/></Shape>
	    <String CONTENT="و"
                    HPOS="376"
                    VPOS="945"
                    WIDTH="171"
                    HEIGHT="87"
                    WC="0.9597691297531128"></String>
          </TextLine>

          
          
          <TextLine ID="eSc_line_73af8c19"
                    TAGREFS="LT4834"
                    BASELINE="645 996 807 992" 
                    HPOS="643"
                    VPOS="953"
                    WIDTH="164"
                    HEIGHT="68">
            <Shape><Polygon POINTS="645 996 645 1005 724 1021 726 1021 805 1003 807 992 798 953 782 963 744 958 720 954 719 954 643 965 645 996"/></Shape>
	    <String CONTENT="خدوجهد"
                    HPOS="643"
                    VPOS="953"
                    WIDTH="164"
                    HEIGHT="68"
                    WC="0.9687623977661133"></String>
          </TextLine>

          
          
          <TextLine ID="eSc_line_3b9a4bd8"
                    TAGREFS="LT4834"
                    BASELINE="897 1001 1344 998" 
                    HPOS="895"
                    VPOS="936"
                    WIDTH="449"
                    HEIGHT="92">
            <Shape><Polygon POINTS="897 1001 897 1023 1340 1028 1344 998 1342 956 1308 947 1306 947 1304 947 1234 953 1198 956 1194 953 1178 938 1178 936 1176 936 1175 936 1122 936 1120 936 1119 936 1117 936 1117 938 1115 938 1108 947 1014 938 1012 938 1011 938 1009 938 994 949 980 958 895 947 897 1001"/></Shape>
	    <String CONTENT="به راهيمه راشت ملک يزداق"
                    HPOS="895"
                    VPOS="936"
                    WIDTH="449"
                    HEIGHT="92"
                    WC="0.8682523742318153"></String>
          </TextLine>

          
          
          <TextLine ID="eSc_line_bc6f3b19"
                    TAGREFS="LT4834"
                    BASELINE="893 1093 964 1093" 
                    HPOS="893"
                    VPOS="1043"
                    WIDTH="71"
                    HEIGHT="77">
            <Shape><Polygon POINTS="893 1093 893 1106 962 1120 964 1093 964 1055 928 1043 926 1043 924 1043 922 1043 893 1050 893 1093"/></Shape>
	    <String CONTENT=""
                    HPOS="893"
                    VPOS="1043"
                    WIDTH="71"
                    HEIGHT="77"></String>
          </TextLine>

          
          
          <TextLine ID="eSc_line_7145aa6c"
                    TAGREFS="LT4834"
                    BASELINE="1225 1097 1339 1091" 
                    HPOS="1223"
                    VPOS="1052"
                    WIDTH="116"
                    HEIGHT="63">
            <Shape><Polygon POINTS="1225 1097 1225 1102 1256 1115 1257 1115 1259 1115 1337 1102 1339 1091 1333 1052 1223 1066 1225 1097"/></Shape>
	    <String CONTENT="بصره"
                    HPOS="1223"
                    VPOS="1052"
                    WIDTH="116"
                    HEIGHT="63"
                    WC="0.9936551004648209"></String>
          </TextLine>

          
          
          <TextLine ID="eSc_line_b3a2288d"
                    TAGREFS="LT4834"
                    BASELINE="383 1192 504 1189" 
                    HPOS="382"
                    VPOS="1140"
                    WIDTH="122"
                    HEIGHT="88">
            <Shape><Polygon POINTS="383 1192 383 1214 423 1228 425 1228 427 1228 428 1228 448 1221 463 1216 501 1225 504 1189 499 1140 382 1145 383 1192"/></Shape>
	    <String CONTENT="س"
                    HPOS="382"
                    VPOS="1140"
                    WIDTH="122"
                    HEIGHT="88"
                    WC="0.9883676171302795"></String>
          </TextLine>

          
          
          <TextLine ID="eSc_line_143b8205"
                    TAGREFS="LT4834"
                    BASELINE="601 1190 814 1185" 
                    HPOS="600"
                    VPOS="1145"
                    WIDTH="214"
                    HEIGHT="65">
            <Shape><Polygon POINTS="708 1181 690 1185 672 1180 654 1178 636 1174 618 1172 616 1167 600 1167 601 1190 601 1198 661 1198 688 1210 690 1210 692 1210 693 1210 749 1196 789 1208 791 1208 792 1208 794 1208 796 1208 814 1192 814 1185 809 1145 738 1147 737 1147 735 1147 735 1149 729 1153 713 1167 710 1167 708 1181"/></Shape>
	    <String CONTENT="جماعت"
                    HPOS="600"
                    VPOS="1145"
                    WIDTH="214"
                    HEIGHT="65"
                    WC="0.9672477841377258"></String>
          </TextLine>

          
          
          <TextLine ID="eSc_line_55698d62"
                    TAGREFS="LT4834"
                    BASELINE="892 1189 965 1189" 
                    HPOS="892"
                    VPOS="1165"
                    WIDTH="73"
                    HEIGHT="51">
            <Shape><Polygon POINTS="964 1187 946 1185 928 1185 910 1185 904 1165 892 1165 892 1189 892 1203 964 1216 965 1189 964 1187 964 1187"/></Shape>
	    <String CONTENT=""
                    HPOS="892"
                    VPOS="1165"
                    WIDTH="73"
                    HEIGHT="51"></String>
          </TextLine>

          
          
          <TextLine ID="eSc_line_7c78dfc0"
                    TAGREFS="LT4834"
                    BASELINE="396 1284 436 1284" 
                    HPOS="396"
                    VPOS="1228"
                    WIDTH="40"
                    HEIGHT="71">
            <Shape><Polygon POINTS="396 1284 396 1299 436 1299 436 1284 436 1235 396 1228 396 1284"/></Shape>
	    <String CONTENT=""
                    HPOS="396"
                    VPOS="1228"
                    WIDTH="40"
                    HEIGHT="71"></String>
          </TextLine>

          
          
          <TextLine ID="eSc_line_977a32a8"
                    TAGREFS="LT4834"
                    BASELINE="396 1389 439 1385" 
                    HPOS="392"
                    VPOS="1333"
                    WIDTH="47"
                    HEIGHT="77">
            <Shape><Polygon POINTS="398 1410 439 1405 439 1385 436 1345 392 1333 396 1389 398 1410"/></Shape>
	    <String CONTENT=""
                    HPOS="392"
                    VPOS="1333"
                    WIDTH="47"
                    HEIGHT="77"></String>
          </TextLine>

          
          
          <TextLine ID="eSc_line_7d367e9d"
                    TAGREFS="LT4834"
                    BASELINE="394 1484 434 1480" 
                    HPOS="387"
                    VPOS="1401"
                    WIDTH="47"
                    HEIGHT="101">
            <Shape><Polygon POINTS="434 1480 427 1408 387 1401 394 1484 398 1502 434 1489 434 1480"/></Shape>
	    <String CONTENT="به"
                    HPOS="387"
                    VPOS="1401"
                    WIDTH="47"
                    HEIGHT="101"
                    WC="0.8490118384361267"></String>
          </TextLine>

          
          
          <TextLine ID="eSc_line_f1e1456a"
                    TAGREFS="LT4834"
                    BASELINE="387 1580 450 1574" 
                    HPOS="382"
                    VPOS="1511"
                    WIDTH="68"
                    HEIGHT="87">
            <Shape><Polygon POINTS="387 1580 387 1598 450 1596 450 1574 441 1511 382 1531 387 1580"/></Shape>
	    <String CONTENT="م"
                    HPOS="382"
                    VPOS="1511"
                    WIDTH="68"
                    HEIGHT="87"
                    WC="0.9856390357017517"></String>
          </TextLine>

          
          
          <TextLine ID="eSc_line_69239666"
                    TAGREFS="LT4834"
                    BASELINE="1225 1189 1340 1192" 
                    HPOS="1223"
                    VPOS="1133"
                    WIDTH="117"
                    HEIGHT="72">
            <Shape><Polygon POINTS="1225 1189 1223 1205 1339 1201 1340 1192 1340 1145 1292 1133 1290 1133 1288 1133 1225 1142 1225 1189"/></Shape>
	    <String CONTENT="ننداد"
                    HPOS="1223"
                    VPOS="1133"
                    WIDTH="117"
                    HEIGHT="72"
                    WC="0.9922093987464905"></String>
          </TextLine>

          
          
          <TextLine ID="eSc_line_244a7977"
                    TAGREFS="LT4834"
                    BASELINE="1164 1390 1346 1394" 
                    HPOS="1162"
                    VPOS="1326"
                    WIDTH="184"
                    HEIGHT="100">
            <Shape><Polygon POINTS="1164 1390 1162 1408 1202 1425 1203 1425 1205 1425 1272 1414 1284 1412 1290 1416 1304 1426 1306 1426 1308 1426 1310 1426 1311 1426 1344 1417 1346 1394 1344 1354 1310 1358 1304 1354 1279 1331 1279 1329 1277 1329 1275 1329 1225 1326 1223 1326 1221 1326 1220 1326 1220 1327 1187 1354 1185 1356 1164 1356 1164 1390"/></Shape>
	    <String CONTENT="پرده تقيه"
                    HPOS="1162"
                    VPOS="1326"
                    WIDTH="184"
                    HEIGHT="100"
                    WC="0.9469805426067777"></String>
          </TextLine>

          
          
          <TextLine ID="eSc_line_14513fd3"
                    TAGREFS="LT4834"
                    BASELINE="904 1491 983 1488" 
                    HPOS="901"
                    VPOS="1444"
                    WIDTH="82"
                    HEIGHT="71">
            <Shape><Polygon POINTS="904 1491 904 1507 962 1515 964 1515 965 1515 983 1504 983 1488 980 1444 901 1444 904 1491"/></Shape>
	    <String CONTENT=""
                    HPOS="901"
                    VPOS="1444"
                    WIDTH="82"
                    HEIGHT="71"></String>
          </TextLine>

          
          
          <TextLine ID="eSc_line_6c994d20"
                    TAGREFS="LT4834"
                    BASELINE="391 1670 464 1673" 
                    HPOS="389"
                    VPOS="1623"
                    WIDTH="75"
                    HEIGHT="86">
            <Shape><Polygon POINTS="391 1670 389 1700 461 1709 464 1673 464 1623 391 1634 391 1670"/></Shape>
	    <String CONTENT=""
                    HPOS="389"
                    VPOS="1623"
                    WIDTH="75"
                    HEIGHT="86"></String>
          </TextLine>

          
          
          <TextLine ID="eSc_line_db6e1a29"
                    TAGREFS="LT4834"
                    BASELINE="391 1778 448 1778" 
                    HPOS="391"
                    VPOS="1733"
                    WIDTH="57"
                    HEIGHT="66">
            <Shape><Polygon POINTS="391 1778 391 1799 448 1798 448 1778 448 1740 421 1733 419 1733 418 1733 416 1733 391 1744 391 1778"/></Shape>
	    <String CONTENT=""
                    HPOS="391"
                    VPOS="1733"
                    WIDTH="57"
                    HEIGHT="66"></String>
          </TextLine>

          
          
          <TextLine ID="eSc_line_612c9b87"
                    TAGREFS="LT4834"
                    BASELINE="400 1870 454 1870" 
                    HPOS="400"
                    VPOS="1817"
                    WIDTH="54"
                    HEIGHT="116">
            <Shape><Polygon POINTS="400 1870 400 1920 452 1933 454 1870 450 1817 400 1830 400 1870"/></Shape>
	    <String CONTENT=""
                    HPOS="400"
                    VPOS="1817"
                    WIDTH="54"
                    HEIGHT="116"></String>
          </TextLine>

          
          
          <TextLine ID="eSc_line_c6319d50"
                    TAGREFS="LT4834"
                    BASELINE="1212 1886 1344 1879" 
                    HPOS="1209"
                    VPOS="1817"
                    WIDTH="135"
                    HEIGHT="103">
            <Shape><Polygon POINTS="1212 1886 1212 1916 1275 1920 1277 1920 1279 1920 1344 1902 1344 1879 1339 1821 1306 1817 1304 1817 1302 1817 1301 1817 1301 1819 1288 1832 1286 1832 1275 1825 1274 1825 1272 1825 1270 1825 1268 1825 1266 1825 1266 1826 1250 1841 1243 1850 1209 1850 1212 1886"/></Shape>
	    <String CONTENT="تأويل"
                    HPOS="1209"
                    VPOS="1817"
                    WIDTH="135"
                    HEIGHT="103"
                    WC="0.9194267094135284"></String>
          </TextLine>

          
        </TextBlock>
        
      </PrintSpace>
    </Page>
  </Layout>
</alto>
