<?xml version="1.0" encoding="UTF-8"?>
<alto xmlns:xsi="http://www.w3.org/2001/XMLSchema-instance"
      xmlns="http://www.loc.gov/standards/alto/ns-v4#"
      xsi:schemaLocation="http://www.loc.gov/standards/alto/ns-v4# http://www.loc.gov/standards/alto/v4/alto-4-2.xsd">
  <Description>
    <MeasurementUnit>pixel</MeasurementUnit>
    <sourceImageInformation>
      <fileName>TwoIsmailiTreatises030.jpg</fileName>
      
    </sourceImageInformation>
  </Description>
  
  <Tags>
    <OtherTag ID="BT16074" LABEL="MarginTextZone:commentary" DESCRIPTION="block type MarginTextZone:commentary"/><OtherTag ID="BT16073" LABEL="MarginTextZone:note#1" DESCRIPTION="block type MarginTextZone:note#1"/><OtherTag ID="BT16072" LABEL="MainZone:column#2" DESCRIPTION="block type MainZone:column#2"/><OtherTag ID="BT16071" LABEL="MainZone:column#3" DESCRIPTION="block type MainZone:column#3"/><OtherTag ID="BT16070" LABEL="GraphicZone:illustration" DESCRIPTION="block type GraphicZone:illustration"/><OtherTag ID="BT16069" LABEL="MainZone:column#1" DESCRIPTION="block type MainZone:column#1"/><OtherTag ID="BT16068" LABEL="MarginTextZone:note#2" DESCRIPTION="block type MarginTextZone:note#2"/><OtherTag ID="BT16067" LABEL="CustomZone:publication" DESCRIPTION="block type CustomZone:publication"/><OtherTag ID="BT16066" LABEL="RunningTitleZone" DESCRIPTION="block type RunningTitleZone"/><OtherTag ID="BT16065" LABEL="NumberingZone" DESCRIPTION="block type NumberingZone"/><OtherTag ID="BT16064" LABEL="default" DESCRIPTION="block type default"/><OtherTag ID="BT16063" LABEL="TitlePageZone" DESCRIPTION="block type TitlePageZone"/><OtherTag ID="BT16062" LABEL="NumberingZone:other" DESCRIPTION="block type NumberingZone:other"/><OtherTag ID="BT16061" LABEL="QuireMarksZone:catchwords" DESCRIPTION="block type QuireMarksZone:catchwords"/><OtherTag ID="BT16060" LABEL="MainZone" DESCRIPTION="block type MainZone"/><OtherTag ID="BT16059" LABEL="NumberingZone:page" DESCRIPTION="block type NumberingZone:page"/><OtherTag ID="BT16058" LABEL="MarginTextZone:note" DESCRIPTION="block type MarginTextZone:note"/><OtherTag ID="BT16057" LABEL="DigitizationArtefactZone" DESCRIPTION="block type DigitizationArtefactZone"/><OtherTag ID="BT4" LABEL="Illustration" DESCRIPTION="block type Illustration"/><OtherTag ID="BT3" LABEL="Commentary" DESCRIPTION="block type Commentary"/><OtherTag ID="BT2" LABEL="Main" DESCRIPTION="block type Main"/><OtherTag ID="BT1" LABEL="Title" DESCRIPTION="block type Title"/>
    <OtherTag ID="LT4834" LABEL="DefaultLine" DESCRIPTION="line type DefaultLine"/><OtherTag ID="LT4835" LABEL="HeadingLine:title" DESCRIPTION="line type HeadingLine:title"/>
  </Tags>
  
  <Layout>
    <Page WIDTH="1276"
          HEIGHT="2108"
          PHYSICAL_IMG_NR="26"
          ID="eSc_dummypage_">
      <PrintSpace HPOS="0"
                  VPOS="0"
                  WIDTH="1276"
                  HEIGHT="2108">
        
        <TextBlock HPOS="217"
                   VPOS="245"
                   WIDTH="974"
                   HEIGHT="1636"
                   ID="eSc_textblock_8757d2f8"
                   TAGREFS="BT16060">
          <Shape><Polygon POINTS="583 245 1170 259 1191 1649 1177 1853 1149 1881 309 1881 239 1853 217 1537 239 288 316 259 583 245"/></Shape>
          
          
          <TextLine ID="eSc_line_790cd5ec"
                    TAGREFS="LT4834"
                    BASELINE="536 312 1144 305" 
                    HPOS="534"
                    VPOS="261"
                    WIDTH="610"
                    HEIGHT="86">
            <Shape><Polygon POINTS="536 312 536 333 630 333 681 347 683 347 685 347 757 333 797 346 799 346 801 346 803 346 804 346 826 330 912 344 913 344 915 344 917 344 942 328 942 326 991 326 1051 326 1066 340 1066 342 1068 342 1070 342 1072 344 1109 344 1109 342 1110 342 1144 324 1144 305 1142 275 1117 261 1116 261 1114 261 1112 261 1110 261 1072 274 1008 261 1007 261 1005 261 1003 261 984 277 905 263 903 263 901 263 899 263 882 277 882 279 745 279 741 277 708 265 706 265 704 265 703 265 701 265 680 277 674 281 664 277 623 267 622 267 620 267 534 277 536 312"/></Shape>
	    <String CONTENT="ابل نضماد و ابل ترتب و اهل و حدث"
                    HPOS="534"
                    VPOS="261"
                    WIDTH="610"
                    HEIGHT="86"
                    WC="0.8962288722395897"></String>
          </TextLine>

          
          
          <TextLine ID="eSc_line_e2dc8158"
                    TAGREFS="LT4834"
                    BASELINE="353 414 989 407" 
                    HPOS="351"
                    VPOS="349"
                    WIDTH="638"
                    HEIGHT="98">
            <Shape><Polygon POINTS="353 414 355 447 395 435 411 446 413 447 414 447 416 447 418 447 441 444 472 439 488 442 507 446 509 446 511 446 513 446 522 440 543 428 604 428 620 435 645 446 646 446 648 446 650 446 652 446 669 433 676 430 680 433 690 442 690 444 692 444 694 444 696 446 741 446 741 444 743 444 745 444 745 442 759 430 762 426 768 428 789 435 790 435 792 435 794 435 829 426 850 421 871 425 912 430 913 430 989 418 989 407 987 365 970 356 968 356 966 356 920 365 908 367 903 365 868 349 866 349 864 349 804 351 803 351 801 351 801 353 789 363 785 367 773 363 734 356 732 356 731 356 706 363 690 368 676 363 652 354 650 354 648 354 646 354 629 363 616 370 562 363 532 360 530 360 529 360 518 363 492 372 474 363 456 354 455 354 453 354 351 361 353 414"/></Shape>
	    <String CONTENT="بايد دان است که عالم جسمانی و روجانی با هم کال"
                    HPOS="351"
                    VPOS="349"
                    WIDTH="638"
                    HEIGHT="98"
                    WC="0.8485183618638826"></String>
          </TextLine>

          
          
          <TextLine ID="eSc_line_be7f69c8"
                    TAGREFS="LT4834"
                    BASELINE="230 504 1154 497" 
                    HPOS="228"
                    VPOS="439"
                    WIDTH="926"
                    HEIGHT="105">
            <Shape><Polygon POINTS="230 504 230 528 251 541 253 541 254 541 256 541 258 541 279 527 286 521 297 525 309 530 311 530 312 530 349 525 374 521 379 525 397 541 397 542 398 542 400 542 402 544 460 544 460 542 557 523 564 521 567 523 606 541 608 541 609 541 611 541 659 527 688 541 690 541 692 541 732 539 734 539 736 539 762 519 766 518 778 519 847 532 848 532 910 518 915 518 919 518 1007 537 1008 539 1086 539 1086 537 1087 537 1089 537 1119 516 1121 516 1152 516 1154 497 1149 467 1107 467 1098 465 1056 451 1054 451 1052 451 1051 451 1014 463 1001 467 996 462 971 440 971 439 970 439 968 439 928 439 926 439 924 439 922 439 922 440 901 460 892 470 862 470 848 458 833 446 831 446 829 446 827 446 771 456 729 465 713 454 692 440 690 440 688 440 687 440 685 440 683 440 662 454 632 472 565 472 548 456 546 456 544 456 543 456 541 456 539 456 529 463 500 453 499 453 497 453 495 453 460 469 430 451 428 451 427 451 425 451 423 451 421 451 391 474 351 474 311 446 311 444 309 444 307 444 228 444 230 504"/></Shape>
	    <String CONTENT="از هم سستند که مولانا مفرمايد که تن و جان بهم تناست وجا"
                    HPOS="228"
                    VPOS="439"
                    WIDTH="926"
                    HEIGHT="105"
                    WC="0.8510710326108065"></String>
          </TextLine>

          
          
          <TextLine ID="eSc_line_3179fab4"
                    TAGREFS="LT4834"
                    BASELINE="237 606 1154 600" 
                    HPOS="235"
                    VPOS="546"
                    WIDTH="919"
                    HEIGHT="95">
            <Shape><Polygon POINTS="237 606 237 632 270 641 272 641 274 641 275 641 286 632 300 621 335 621 370 630 377 632 379 632 381 632 393 630 420 625 425 630 435 639 435 641 437 641 439 641 441 641 493 630 516 641 518 641 520 641 611 639 613 639 615 639 615 637 627 627 636 620 724 620 738 625 769 639 771 639 773 639 775 639 804 623 815 618 873 618 880 623 889 630 889 632 891 632 892 632 894 632 896 632 898 632 910 623 917 618 926 621 957 637 959 637 961 637 963 637 1008 621 1014 620 1019 621 1080 637 1082 637 1084 637 1086 637 1087 637 1116 620 1117 620 1154 620 1154 600 1151 563 1094 563 1082 551 1082 549 1080 549 1079 549 1077 549 1075 549 1038 562 906 562 891 548 889 548 887 548 885 548 884 548 854 560 834 546 833 546 831 546 790 546 789 546 787 546 785 546 768 560 748 546 746 546 745 546 687 546 685 546 683 546 648 565 546 565 495 548 493 548 492 548 490 548 446 565 427 551 425 551 423 551 328 548 326 548 325 548 323 548 302 565 253 558 251 558 249 558 247 558 235 563 237 606"/></Shape>
	    <String CONTENT="و تن بهم جان و متقول و محبوس بهم معقول اند و مخسوس و"
                    HPOS="235"
                    VPOS="546"
                    WIDTH="919"
                    HEIGHT="95"
                    WC="0.9406658892448132"></String>
          </TextLine>

          
          
          <TextLine ID="eSc_line_7a9aba6e"
                    TAGREFS="LT4834"
                    BASELINE="235 699 1142 688" 
                    HPOS="233"
                    VPOS="641"
                    WIDTH="909"
                    HEIGHT="93">
            <Shape><Polygon POINTS="235 699 235 714 277 734 279 734 281 734 282 734 326 713 330 713 339 713 395 721 397 721 398 721 420 713 425 711 428 713 478 730 479 730 481 730 483 730 523 720 539 730 541 730 543 730 544 732 602 732 602 730 604 730 606 730 627 711 655 709 666 709 667 709 711 729 713 729 715 729 717 729 769 707 771 707 789 723 789 725 790 725 792 725 794 725 796 725 797 725 812 716 834 729 836 729 838 729 840 729 906 706 908 706 910 706 947 727 949 727 950 729 989 729 989 727 991 727 993 727 993 725 994 725 1000 718 1077 723 1079 723 1080 723 1082 723 1105 704 1140 704 1142 688 1140 658 1109 641 1107 641 1063 641 1061 641 1059 641 1058 641 1058 642 1038 660 1035 660 924 642 922 642 920 642 868 662 868 664 819 664 817 664 789 648 787 648 785 648 783 648 782 648 757 664 755 665 725 665 724 664 688 644 687 644 685 644 683 644 616 665 588 646 587 646 585 646 544 646 543 646 541 646 486 667 411 651 409 651 407 651 406 651 381 669 356 658 355 658 353 658 351 658 349 658 335 669 323 660 321 660 319 660 318 660 316 660 298 667 284 655 284 653 282 653 281 653 279 653 277 653 275 653 275 655 258 671 233 671 235 699"/></Shape>
	    <String CONTENT="معقول بهم محسوس و حقيقت هم حقيقت است متلاجان"
                    HPOS="233"
                    VPOS="641"
                    WIDTH="909"
                    HEIGHT="93"
                    WC="0.9695233065973629"></String>
          </TextLine>

          
          
          <TextLine ID="eSc_line_2fb1a8af"
                    TAGREFS="LT4834"
                    BASELINE="239 799 1144 794" 
                    HPOS="237"
                    VPOS="737"
                    WIDTH="907"
                    HEIGHT="95">
            <Shape><Polygon POINTS="239 799 239 815 337 830 339 832 362 832 362 830 363 830 365 830 365 829 381 815 384 815 536 830 537 830 539 830 541 830 565 813 569 813 587 813 588 813 602 827 602 829 604 829 606 829 608 829 609 829 638 813 639 813 676 813 710 813 731 829 732 829 734 829 736 829 738 829 797 813 833 829 834 829 836 829 838 829 840 829 840 827 857 811 859 811 891 827 892 827 894 827 896 827 898 827 912 818 942 827 943 827 945 827 947 827 949 827 949 825 964 811 966 811 987 811 989 811 1005 825 1005 827 1007 827 1008 827 1010 829 1047 829 1047 827 1049 827 1051 827 1051 825 1068 811 1142 811 1144 794 1140 737 1121 737 1119 737 1117 737 1116 737 1116 739 1094 758 1003 750 1001 750 1000 750 986 757 964 741 963 739 961 739 959 739 906 737 905 737 903 737 884 744 836 762 752 762 738 748 727 739 725 739 724 739 722 739 720 739 699 750 678 760 659 751 655 750 653 750 652 750 636 751 613 755 609 751 597 741 597 739 595 739 594 739 537 739 536 739 534 739 497 755 478 743 476 743 474 743 472 743 471 743 439 757 428 762 413 758 362 744 360 744 358 744 356 744 355 744 355 746 339 760 337 762 330 760 275 748 274 748 272 748 237 760 239 799"/></Shape>
	    <String CONTENT="چشم اضانی ستی تن باشد و تن را چشم حفيقت بينی جان"
                    HPOS="237"
                    VPOS="737"
                    WIDTH="907"
                    HEIGHT="95"
                    WC="0.8977894484996796"></String>
          </TextLine>

          
          
          <TextLine ID="eSc_line_dfd1b7ac"
                    TAGREFS="LT4834"
                    BASELINE="242 980 1152 985" 
                    HPOS="240"
                    VPOS="922"
                    WIDTH="912"
                    HEIGHT="95">
            <Shape><Polygon POINTS="242 980 240 997 253 1006 254 1006 256 1006 258 1006 316 996 360 1006 362 1006 363 1006 365 1006 367 1006 367 1004 372 1001 390 1015 391 1015 393 1015 395 1015 476 1004 544 1017 546 1017 641 1008 704 1017 706 1017 708 1017 710 1017 710 1015 731 997 768 1001 783 1015 783 1017 785 1017 787 1017 789 1017 906 999 978 1010 980 1010 982 1010 1024 999 1042 1013 1044 1013 1045 1013 1047 1013 1049 1013 1051 1013 1051 1011 1065 999 1084 999 1105 1017 1107 1017 1109 1017 1110 1017 1112 1017 1151 997 1152 985 1149 943 1084 948 1072 941 1054 929 1052 929 1051 929 1049 929 1047 929 1024 939 1000 953 957 953 933 939 908 925 906 925 808 924 806 924 804 924 771 936 757 941 741 936 708 925 706 925 704 925 703 925 701 925 688 934 676 943 662 934 643 924 641 924 639 924 638 924 636 924 636 925 625 934 625 936 620 934 597 925 595 925 594 925 592 925 590 925 590 927 583 934 567 948 546 936 544 936 543 936 541 936 539 936 537 936 516 948 465 946 449 931 442 925 441 925 439 925 437 925 435 925 434 925 428 931 406 950 333 950 309 948 286 929 277 922 275 922 274 922 272 922 242 927 242 980"/></Shape>
	    <String CONTENT="ديده باشد و اگر گثرت خلق را به چشم حقيقت بيند و حدت"
                    HPOS="240"
                    VPOS="922"
                    WIDTH="912"
                    HEIGHT="95"
                    WC="0.9119640401765412"></String>
          </TextLine>

          
          
          <TextLine ID="eSc_line_0d5775d4"
                    TAGREFS="LT4834"
                    BASELINE="246 1076 1152 1073" 
                    HPOS="244"
                    VPOS="1022"
                    WIDTH="908"
                    HEIGHT="88">
            <Shape><Polygon POINTS="246 1076 246 1087 323 1087 326 1087 360 1108 362 1108 363 1108 365 1110 511 1110 511 1108 513 1108 514 1108 514 1106 529 1096 587 1101 588 1101 653 1089 694 1108 696 1108 697 1108 699 1108 773 1087 780 1085 790 1087 831 1094 833 1094 834 1094 864 1087 870 1085 871 1087 891 1104 891 1106 892 1106 894 1106 896 1106 898 1106 924 1092 959 1106 961 1106 963 1106 964 1106 966 1106 987 1087 1003 1099 1003 1101 1005 1101 1007 1101 1008 1101 1010 1101 1052 1087 1109 1096 1110 1096 1112 1096 1152 1085 1152 1073 1149 1041 1116 1041 1102 1027 1102 1025 1100 1025 1098 1025 1096 1025 1094 1025 1066 1041 1026 1041 1007 1027 1005 1027 1003 1027 1001 1027 1000 1027 998 1027 998 1029 986 1041 917 1041 898 1027 896 1027 894 1027 797 1022 796 1022 794 1022 752 1039 718 1024 717 1024 604 1024 602 1024 601 1024 599 1024 576 1039 562 1029 562 1027 560 1027 558 1027 511 1024 509 1024 507 1024 506 1024 506 1025 488 1043 358 1043 340 1025 340 1024 339 1024 337 1024 335 1024 333 1024 305 1039 281 1024 279 1024 277 1024 275 1024 274 1024 272 1024 244 1039 246 1076"/></Shape>
	    <String CONTENT="خداوند را ديده باشد و در جمله مقابلات همچنين بايد دان ست"
                    HPOS="244"
                    VPOS="1022"
                    WIDTH="908"
                    HEIGHT="88"
                    WC="0.940446960074561"></String>
          </TextLine>

          
          
          <TextLine ID="eSc_line_7edddeb8"
                    TAGREFS="LT4834"
                    BASELINE="242 1176 1152 1173" 
                    HPOS="240"
                    VPOS="1113"
                    WIDTH="912"
                    HEIGHT="97">
            <Shape><Polygon POINTS="242 1176 242 1191 279 1208 281 1208 282 1208 284 1208 286 1208 311 1192 370 1192 404 1208 406 1208 407 1210 495 1210 495 1208 497 1208 553 1192 592 1203 594 1203 595 1203 597 1203 632 1192 648 1206 648 1208 650 1208 652 1208 653 1210 696 1210 696 1208 697 1208 699 1208 699 1206 715 1192 808 1206 810 1206 812 1206 847 1194 880 1206 882 1206 884 1206 980 1191 1000 1206 1001 1206 1003 1206 1005 1206 1007 1206 1047 1191 1084 1206 1086 1206 1087 1206 1089 1206 1152 1187 1152 1173 1149 1113 996 1113 994 1113 993 1113 984 1117 945 1136 910 1122 908 1122 868 1122 840 1122 838 1122 836 1122 834 1122 822 1131 812 1124 801 1113 799 1113 797 1113 759 1113 757 1113 755 1113 754 1113 736 1126 720 1134 711 1126 699 1115 699 1113 697 1113 696 1113 694 1113 692 1113 690 1113 667 1127 652 1138 638 1129 630 1124 629 1124 627 1124 625 1124 623 1124 622 1124 622 1126 616 1129 608 1140 437 1140 414 1136 346 1126 344 1126 342 1126 340 1126 323 1138 297 1120 295 1120 293 1120 291 1120 290 1120 240 1138 242 1176"/></Shape>
	    <String CONTENT="که بر که حفيقت را به جای خويشتن دارد از دهم و يالات دنيار"
                    HPOS="240"
                    VPOS="1113"
                    WIDTH="912"
                    HEIGHT="97"
                    WC="0.9156577451187268"></String>
          </TextLine>

          
          
          <TextLine ID="eSc_line_2550849a"
                    TAGREFS="LT4834"
                    BASELINE="249 1273 1149 1266" 
                    HPOS="247"
                    VPOS="1215"
                    WIDTH="902"
                    HEIGHT="93">
            <Shape><Polygon POINTS="249 1273 249 1284 298 1296 300 1296 369 1291 407 1308 409 1308 411 1308 413 1308 414 1308 414 1306 437 1285 492 1299 493 1299 495 1299 497 1299 520 1287 544 1306 546 1306 548 1306 550 1306 551 1306 627 1287 680 1306 681 1306 683 1306 685 1306 687 1306 718 1284 722 1282 810 1282 810 1284 831 1303 831 1305 833 1305 834 1305 836 1306 913 1306 913 1305 915 1305 917 1305 917 1303 938 1284 957 1301 957 1303 959 1303 961 1303 963 1305 993 1305 993 1303 994 1303 996 1303 996 1301 1015 1284 1149 1282 1149 1266 1145 1238 1065 1220 1063 1220 1061 1220 1028 1238 994 1215 993 1215 991 1215 924 1215 922 1215 898 1217 896 1217 894 1217 894 1219 871 1240 871 1241 815 1241 810 1241 771 1217 769 1217 768 1217 713 1217 711 1217 710 1217 667 1231 641 1222 639 1222 638 1222 636 1222 599 1243 536 1243 485 1219 483 1219 481 1219 479 1219 478 1219 453 1240 416 1240 384 1222 383 1222 381 1222 379 1222 377 1222 353 1245 319 1245 291 1229 290 1229 288 1229 286 1229 247 1243 249 1273"/></Shape>
	    <String CONTENT="شد و از رنج عظيم برآسايد که با باسيد تا قدش الله روجه"
                    HPOS="247"
                    VPOS="1215"
                    WIDTH="902"
                    HEIGHT="93"
                    WC="0.9296311691955284"></String>
          </TextLine>

          
          
          <TextLine ID="eSc_line_0c9b4cf7"
                    TAGREFS="LT4834"
                    BASELINE="244 1366 1147 1370" 
                    HPOS="242"
                    VPOS="1296"
                    WIDTH="905"
                    HEIGHT="104">
            <Shape><Polygon POINTS="244 1366 242 1382 282 1396 284 1396 286 1396 288 1396 290 1396 305 1384 337 1396 339 1396 340 1396 342 1396 367 1384 400 1398 402 1398 404 1398 406 1398 427 1387 511 1398 513 1398 514 1398 516 1398 536 1384 641 1398 643 1398 645 1398 671 1384 697 1400 699 1400 701 1400 703 1400 746 1391 968 1398 970 1398 971 1398 973 1398 973 1396 986 1386 1080 1398 1082 1398 1145 1384 1147 1370 1144 1313 1084 1328 1066 1312 1056 1301 1056 1299 1054 1299 1052 1299 1017 1299 1015 1299 1014 1299 1012 1299 1012 1301 1001 1310 991 1319 977 1310 964 1299 963 1299 961 1299 959 1299 957 1299 940 1308 903 1329 808 1329 783 1306 778 1301 778 1299 776 1299 775 1299 773 1299 727 1305 725 1305 724 1305 703 1324 664 1303 655 1299 653 1299 652 1299 650 1299 648 1299 648 1301 645 1303 636 1313 572 1324 555 1313 553 1313 551 1313 550 1313 548 1313 546 1313 529 1326 509 1312 507 1312 506 1312 504 1312 502 1312 500 1312 483 1326 471 1317 469 1317 467 1317 465 1317 464 1317 462 1317 451 1328 383 1328 355 1299 355 1298 353 1298 351 1298 244 1296 244 1366"/></Shape>
	    <String CONTENT="میفر مايد که هر گرا براين دو کون الفتی است بايد از همه رنجها بر"
                    HPOS="242"
                    VPOS="1296"
                    WIDTH="905"
                    HEIGHT="104"
                    WC="0.8175387316279941"></String>
          </TextLine>

          
          
          <TextLine ID="eSc_line_dee55e3e"
                    TAGREFS="LT4834"
                    BASELINE="230 1463 1154 1459" 
                    HPOS="228"
                    VPOS="1400"
                    WIDTH="926"
                    HEIGHT="94">
            <Shape><Polygon POINTS="230 1463 230 1473 277 1484 279 1484 333 1473 337 1473 342 1473 421 1493 423 1493 534 1477 588 1494 590 1494 592 1494 594 1494 630 1484 674 1494 676 1494 678 1494 680 1494 681 1494 694 1484 801 1493 803 1493 804 1493 855 1472 857 1472 866 1472 891 1473 910 1491 910 1493 912 1493 913 1493 915 1493 917 1493 950 1480 993 1491 994 1491 996 1491 998 1491 1000 1491 1024 1472 1026 1472 1051 1472 1066 1484 1066 1486 1068 1486 1070 1486 1072 1486 1073 1486 1105 1472 1152 1472 1154 1459 1152 1421 1114 1407 1112 1407 1110 1407 1109 1407 1091 1415 1061 1400 1059 1400 1058 1400 984 1410 973 1401 973 1400 971 1400 970 1400 935 1400 933 1400 931 1400 929 1400 899 1419 871 1403 870 1403 868 1403 787 1421 748 1419 734 1405 734 1403 732 1403 731 1403 729 1403 727 1403 725 1403 708 1417 692 1403 692 1401 690 1401 688 1401 648 1401 646 1401 645 1401 643 1401 643 1403 630 1415 616 1403 616 1401 615 1401 613 1401 576 1401 574 1401 572 1401 530 1422 511 1422 488 1422 486 1422 472 1410 471 1410 469 1410 467 1410 465 1410 439 1421 416 1401 414 1401 413 1401 411 1401 409 1401 367 1422 367 1424 228 1424 230 1463"/></Shape>
	    <String CONTENT="و مولانا علی ذکره السلام میفرمايد که هر که او مرد حقيقت است"
                    HPOS="228"
                    VPOS="1400"
                    WIDTH="926"
                    HEIGHT="94"
                    WC="0.8830090927875648"></String>
          </TextLine>

          
          
          <TextLine ID="eSc_line_211d3886"
                    TAGREFS="LT4834"
                    BASELINE="750 1554 1149 1556" 
                    HPOS="748"
                    VPOS="1489"
                    WIDTH="401"
                    HEIGHT="88">
            <Shape><Polygon POINTS="750 1554 748 1570 1145 1577 1149 1556 1145 1505 1059 1516 1051 1507 1033 1491 1033 1489 1031 1489 1029 1489 956 1489 954 1489 952 1489 950 1489 924 1512 922 1514 920 1512 910 1505 908 1505 906 1505 905 1505 903 1505 878 1514 875 1516 873 1514 857 1500 857 1498 855 1498 854 1498 852 1498 850 1498 848 1498 822 1516 815 1519 750 1519 750 1554"/></Shape>
	    <String CONTENT="اين هر دو کون او راست"
                    HPOS="748"
                    VPOS="1489"
                    WIDTH="401"
                    HEIGHT="88"
                    WC="0.9081463813781738"></String>
          </TextLine>

          
          
          <TextLine ID="eSc_line_bfa70bab"
                    TAGREFS="LT4834"
                    BASELINE="240 1661 1007 1651" 
                    HPOS="239"
                    VPOS="1581"
                    WIDTH="768"
                    HEIGHT="107">
            <Shape><Polygon POINTS="240 1661 240 1675 254 1686 256 1686 258 1686 260 1686 398 1670 411 1670 413 1670 427 1684 427 1686 428 1686 430 1686 432 1688 464 1688 464 1686 465 1686 467 1686 492 1670 495 1668 507 1670 572 1684 574 1684 629 1675 694 1682 696 1682 697 1682 699 1682 699 1681 711 1670 715 1665 748 1665 755 1670 759 1674 761 1674 762 1674 764 1674 766 1674 780 1670 797 1665 806 1670 822 1681 824 1681 826 1681 827 1681 903 1679 905 1679 906 1679 906 1677 915 1670 922 1663 1005 1668 1007 1651 1001 1603 984 1603 982 1603 961 1582 961 1581 959 1581 957 1581 956 1581 954 1581 892 1603 866 1582 864 1582 862 1582 804 1582 803 1582 801 1582 746 1607 743 1607 734 1607 690 1600 673 1584 671 1584 669 1584 667 1584 562 1609 560 1609 558 1609 523 1591 522 1591 467 1588 465 1588 464 1588 407 1607 388 1589 388 1588 386 1588 384 1588 365 1588 363 1588 362 1588 304 1612 239 1612 240 1661"/></Shape>
	    <String CONTENT="در فصل مبارک مفرمايد که چون خدا به قيامت حسين"
                    HPOS="239"
                    VPOS="1581"
                    WIDTH="768"
                    HEIGHT="107"
                    WC="0.9083634071879917"></String>
          </TextLine>

          
          
          <TextLine ID="eSc_line_251c7204"
                    TAGREFS="LT4834"
                    BASELINE="253 1758 1154 1747" 
                    HPOS="251"
                    VPOS="1689"
                    WIDTH="903"
                    HEIGHT="99">
            <Shape><Polygon POINTS="253 1758 253 1770 328 1786 330 1786 332 1786 333 1786 333 1784 348 1770 381 1770 418 1768 420 1768 442 1788 444 1788 446 1788 448 1788 511 1779 548 1788 550 1788 551 1788 553 1788 632 1767 662 1784 664 1784 666 1784 667 1784 669 1784 671 1784 671 1783 688 1767 710 1774 711 1774 713 1774 715 1774 732 1765 748 1781 748 1783 750 1783 752 1783 754 1783 755 1783 780 1770 790 1781 790 1783 792 1783 794 1783 796 1784 824 1784 824 1783 826 1783 827 1783 854 1767 936 1783 938 1783 940 1783 942 1783 942 1781 961 1763 1058 1781 1059 1781 1061 1781 1063 1781 1063 1779 1084 1761 1152 1761 1154 1747 1147 1689 1086 1707 1033 1707 1012 1693 1007 1689 1005 1689 1003 1689 1001 1689 970 1695 903 1707 875 1698 855 1691 854 1691 852 1691 815 1700 782 1709 746 1709 736 1702 729 1696 727 1696 725 1696 724 1696 722 1696 694 1703 666 1712 578 1712 562 1709 507 1696 506 1696 504 1696 472 1710 469 1712 464 1710 421 1700 420 1700 418 1700 416 1700 414 1700 398 1714 395 1714 348 1698 346 1698 344 1698 342 1698 300 1710 275 1698 274 1698 272 1698 270 1698 268 1698 251 1712 253 1758"/></Shape>
	    <String CONTENT="و شخص باشد چون شريعت خدای موهوم و خ باشد پکچ"
                    HPOS="251"
                    VPOS="1689"
                    WIDTH="903"
                    HEIGHT="99"
                    WC="0.8920784043994817"></String>
          </TextLine>

          
          
          <TextLine ID="eSc_line_7fb20f4d"
                    TAGREFS="LT4834"
                    BASELINE="246 1846 1151 1842" 
                    HPOS="244"
                    VPOS="1777"
                    WIDTH="907"
                    HEIGHT="109">
            <Shape><Polygon POINTS="246 1846 246 1865 318 1886 319 1886 321 1886 362 1884 363 1884 365 1884 365 1883 381 1869 383 1867 467 1867 474 1869 506 1886 507 1886 509 1886 634 1872 699 1865 731 1867 738 1874 748 1883 748 1884 750 1884 752 1884 754 1884 838 1876 841 1876 847 1876 973 1884 975 1884 977 1884 991 1877 1015 1865 1149 1879 1151 1842 1149 1790 1128 1777 1126 1777 1124 1777 1075 1777 1073 1777 1072 1777 1070 1777 1070 1779 1054 1793 1042 1805 971 1797 970 1797 922 1805 912 1797 892 1779 892 1777 891 1777 889 1777 859 1777 857 1777 855 1777 854 1777 826 1798 819 1804 790 1798 759 1793 757 1793 755 1793 754 1793 746 1800 738 1807 696 1807 690 1800 666 1781 666 1779 664 1779 662 1779 592 1779 590 1779 588 1779 587 1779 557 1804 555 1805 551 1804 514 1788 513 1788 511 1788 509 1788 507 1788 495 1798 413 1779 411 1779 409 1779 407 1779 376 1807 374 1809 330 1809 328 1809 290 1788 288 1788 286 1788 284 1788 282 1788 282 1790 263 1809 244 1809 246 1846"/></Shape>
	    <String CONTENT="بماند كه نه موهوم و نه خل باشد اما به گون شريعت خلقش خدای ر"
                    HPOS="244"
                    VPOS="1777"
                    WIDTH="907"
                    HEIGHT="109"
                    WC="0.9052959246150518"></String>
          </TextLine>

          
        </TextBlock>
        
        <TextBlock HPOS="590"
                   VPOS="140"
                   WIDTH="137"
                   HEIGHT="97"
                   ID="eSc_textblock_90914c51"
                   TAGREFS="BT16059">
          <Shape><Polygon POINTS="645 140 713 147 727 209 685 237 611 223 590 182 645 140"/></Shape>
          
          
          <TextLine ID="eSc_line_63e72ba8"
                    TAGREFS="LT4834"
                    BASELINE="629 196 694 196" 
                    HPOS="629"
                    VPOS="149"
                    WIDTH="65"
                    HEIGHT="70">
            <Shape><Polygon POINTS="629 151 629 196 629 219 694 219 694 196 694 159 630 149 629 151"/></Shape>
	    <String CONTENT=""
                    HPOS="629"
                    VPOS="149"
                    WIDTH="65"
                    HEIGHT="70"></String>
          </TextLine>

          
        </TextBlock>
        
        <TextBlock HPOS="694"
                   VPOS="1932"
                   WIDTH="12"
                   HEIGHT="12"
                   ID="eSc_textblock_c7dd3b27"
                   TAGREFS="BT16061">
          <Shape><Polygon POINTS="694 1932 706 1932 706 1944 694 1944 694 1932"/></Shape>
          
        </TextBlock>
        
        <TextBlock HPOS="189"
                   VPOS="1426"
                   WIDTH="41"
                   HEIGHT="54"
                   ID="eSc_textblock_cd8f82ef"
                   TAGREFS="BT16062">
          <Shape><Polygon POINTS="189 1426 216 1426 230 1480 210 1480 189 1426"/></Shape>
          
        </TextBlock>
        

        
      </PrintSpace>
    </Page>
  </Layout>
</alto>
