<?xml version="1.0" encoding="UTF-8"?>
<alto xmlns:xsi="http://www.w3.org/2001/XMLSchema-instance"
      xmlns="http://www.loc.gov/standards/alto/ns-v4#"
      xsi:schemaLocation="http://www.loc.gov/standards/alto/ns-v4# http://www.loc.gov/standards/alto/v4/alto-4-2.xsd">
  <Description>
    <MeasurementUnit>pixel</MeasurementUnit>
    <sourceImageInformation>
      <fileName>TwoIsmailiTreatises067.jpg</fileName>
      
    </sourceImageInformation>
  </Description>
  
  <Tags>
    <OtherTag ID="BT16074" LABEL="MarginTextZone:commentary" DESCRIPTION="block type MarginTextZone:commentary"/><OtherTag ID="BT16073" LABEL="MarginTextZone:note#1" DESCRIPTION="block type MarginTextZone:note#1"/><OtherTag ID="BT16072" LABEL="MainZone:column#2" DESCRIPTION="block type MainZone:column#2"/><OtherTag ID="BT16071" LABEL="MainZone:column#3" DESCRIPTION="block type MainZone:column#3"/><OtherTag ID="BT16070" LABEL="GraphicZone:illustration" DESCRIPTION="block type GraphicZone:illustration"/><OtherTag ID="BT16069" LABEL="MainZone:column#1" DESCRIPTION="block type MainZone:column#1"/><OtherTag ID="BT16068" LABEL="MarginTextZone:note#2" DESCRIPTION="block type MarginTextZone:note#2"/><OtherTag ID="BT16067" LABEL="CustomZone:publication" DESCRIPTION="block type CustomZone:publication"/><OtherTag ID="BT16066" LABEL="RunningTitleZone" DESCRIPTION="block type RunningTitleZone"/><OtherTag ID="BT16065" LABEL="NumberingZone" DESCRIPTION="block type NumberingZone"/><OtherTag ID="BT16064" LABEL="default" DESCRIPTION="block type default"/><OtherTag ID="BT16063" LABEL="TitlePageZone" DESCRIPTION="block type TitlePageZone"/><OtherTag ID="BT16062" LABEL="NumberingZone:other" DESCRIPTION="block type NumberingZone:other"/><OtherTag ID="BT16061" LABEL="QuireMarksZone:catchwords" DESCRIPTION="block type QuireMarksZone:catchwords"/><OtherTag ID="BT16060" LABEL="MainZone" DESCRIPTION="block type MainZone"/><OtherTag ID="BT16059" LABEL="NumberingZone:page" DESCRIPTION="block type NumberingZone:page"/><OtherTag ID="BT16058" LABEL="MarginTextZone:note" DESCRIPTION="block type MarginTextZone:note"/><OtherTag ID="BT16057" LABEL="DigitizationArtefactZone" DESCRIPTION="block type DigitizationArtefactZone"/><OtherTag ID="BT4" LABEL="Illustration" DESCRIPTION="block type Illustration"/><OtherTag ID="BT3" LABEL="Commentary" DESCRIPTION="block type Commentary"/><OtherTag ID="BT2" LABEL="Main" DESCRIPTION="block type Main"/><OtherTag ID="BT1" LABEL="Title" DESCRIPTION="block type Title"/>
    <OtherTag ID="LT4834" LABEL="DefaultLine" DESCRIPTION="line type DefaultLine"/><OtherTag ID="LT4835" LABEL="HeadingLine:title" DESCRIPTION="line type HeadingLine:title"/>
  </Tags>
  
  <Layout>
    <Page WIDTH="1515"
          HEIGHT="2213"
          PHYSICAL_IMG_NR="63"
          ID="eSc_dummypage_">
      <PrintSpace HPOS="0"
                  VPOS="0"
                  WIDTH="1515"
                  HEIGHT="2213">
        
        <TextBlock HPOS="169"
                   VPOS="390"
                   WIDTH="380"
                   HEIGHT="43"
                   ID="eSc_textblock_5ff9dc6e"
                   TAGREFS="BT16064">
          <Shape><Polygon POINTS="376 390 549 418 169 433 249 420 243 398 376 390"/></Shape>
          
          
          <TextLine ID="eSc_line_ffcce8f0"
                    TAGREFS="LT4834"
                    BASELINE="90 418 560 414" 
                    HPOS="88"
                    VPOS="378"
                    WIDTH="472"
                    HEIGHT="73">
            <Shape><Polygon POINTS="531 411 512 413 494 409 476 405 457 403 439 400 420 398 402 394 383 390 365 390 346 390 328 392 310 392 291 394 273 396 254 396 252 381 252 381 250 381 249 381 145 387 88 378 90 418 90 440 322 451 324 451 326 451 369 440 383 449 385 449 387 449 389 449 391 449 422 440 529 449 531 449 533 449 560 437 560 414 553 379 535 385 531 411"/></Shape>
	    <String CONTENT="مر گر مومن هود هوا"
                    HPOS="88"
                    VPOS="378"
                    WIDTH="472"
                    HEIGHT="73"
                    WC="0.9308984892235862"></String>
          </TextLine>

          
        </TextBlock>
        
        <TextBlock HPOS="514"
                   VPOS="154"
                   WIDTH="139"
                   HEIGHT="87"
                   ID="eSc_textblock_9816df0e"
                   TAGREFS="BT16059">
          <Shape><Polygon POINTS="557 154 631 154 653 226 566 241 522 219 514 177 557 154"/></Shape>
          
          
          <TextLine ID="eSc_line_401afe24"
                    TAGREFS="LT4834"
                    BASELINE="544 202 642 202" 
                    HPOS="544"
                    VPOS="173"
                    WIDTH="98"
                    HEIGHT="85">
            <Shape><Polygon POINTS="636 182 631 173 544 173 544 202 544 245 568 258 570 258 572 258 642 248 642 202 640 199 636 182"/></Shape>
	    <String CONTENT=""
                    HPOS="544"
                    VPOS="173"
                    WIDTH="98"
                    HEIGHT="85"></String>
          </TextLine>

          
        </TextBlock>
        
        <TextBlock HPOS="287"
                   VPOS="464"
                   WIDTH="285"
                   HEIGHT="43"
                   ID="eSc_textblock_12f980f5"
                   TAGREFS="BT16064">
          <Shape><Polygon POINTS="310 464 470 464 572 499 317 507 287 477 310 464"/></Shape>
          
          
          <TextLine ID="eSc_line_581663db"
                    TAGREFS="LT4834"
                    BASELINE="286 499 570 499" 
                    HPOS="286"
                    VPOS="464"
                    WIDTH="284"
                    HEIGHT="68">
            <Shape><Polygon POINTS="562 492 544 496 525 496 507 496 489 497 470 497 452 497 433 464 391 477 389 477 387 477 376 466 376 464 374 464 372 464 359 464 341 464 334 464 332 464 330 464 321 466 304 496 286 477 286 499 286 514 321 532 322 532 324 532 326 532 328 532 345 521 450 532 452 532 453 532 490 514 518 525 520 525 522 525 524 525 570 512 570 499 568 492 562 492"/></Shape>
	    <String CONTENT="أنم زيان"
                    HPOS="286"
                    VPOS="464"
                    WIDTH="284"
                    HEIGHT="68"
                    WC="0.9811684025658501"></String>
          </TextLine>

          
        </TextBlock>
        
        <TextBlock HPOS="669"
                   VPOS="390"
                   WIDTH="94"
                   HEIGHT="50"
                   ID="eSc_textblock_19028ffb"
                   TAGREFS="BT16059">
          <Shape><Polygon POINTS="684 390 749 390 763 403 741 433 669 440 684 390"/></Shape>
          
          
          <TextLine ID="eSc_line_02830a94"
                    TAGREFS="LT4834"
                    BASELINE="653 418 715 413" 
                    HPOS="647"
                    VPOS="370"
                    WIDTH="68"
                    HEIGHT="61">
            <Shape><Polygon POINTS="704 390 686 390 679 376 647 370 653 418 653 427 714 431 715 413 712 390 704 390"/></Shape>
	    <String CONTENT=""
                    HPOS="647"
                    VPOS="370"
                    WIDTH="68"
                    HEIGHT="61"></String>
          </TextLine>

          
        </TextBlock>
        
        <TextBlock HPOS="625"
                   VPOS="457"
                   WIDTH="138"
                   HEIGHT="146"
                   ID="eSc_textblock_06698fb5"
                   TAGREFS="BT16059">
          <Shape><Polygon POINTS="691 457 763 472 727 516 763 566 669 603 625 566 669 544 662 486 625 479 691 457"/></Shape>
          
          
          <TextLine ID="eSc_line_09b44531"
                    TAGREFS="LT4834"
                    BASELINE="653 496 734 490" 
                    HPOS="653"
                    VPOS="459"
                    WIDTH="81"
                    HEIGHT="62">
            <Shape><Polygon POINTS="723 462 710 459 666 462 655 479 653 496 653 507 673 521 675 521 677 521 679 521 680 521 734 497 734 490 728 462 723 462"/></Shape>
	    <String CONTENT="عا"
                    HPOS="653"
                    VPOS="459"
                    WIDTH="81"
                    HEIGHT="62"
                    WC="0.9250125586986542"></String>
          </TextLine>

          
          
          <TextLine ID="eSc_line_dba7d039"
                    TAGREFS="LT4834"
                    BASELINE="651 577 727 573" 
                    HPOS="649"
                    VPOS="534"
                    WIDTH="78"
                    HEIGHT="63">
            <Shape><Polygon POINTS="668 544 649 551 651 577 651 586 684 597 686 597 688 597 690 597 727 582 727 573 725 547 690 534 688 534 686 534 684 534 668 540 668 544"/></Shape>
	    <String CONTENT=""
                    HPOS="649"
                    VPOS="534"
                    WIDTH="78"
                    HEIGHT="63"></String>
          </TextLine>

          
        </TextBlock>
        
        <TextBlock HPOS="669"
                   VPOS="634"
                   WIDTH="80"
                   HEIGHT="50"
                   ID="eSc_textblock_9c32081c"
                   TAGREFS="BT16059">
          <Shape><Polygon POINTS="697 634 749 641 741 676 684 684 669 641 697 634"/></Shape>
          
          
          <TextLine ID="eSc_line_56db9706"
                    TAGREFS="LT4834"
                    BASELINE="656 663 715 663" 
                    HPOS="656"
                    VPOS="630"
                    WIDTH="59"
                    HEIGHT="50">
            <Shape><Polygon POINTS="712 636 693 634 675 654 669 630 656 632 656 663 656 674 714 680 715 663 714 636 712 636"/></Shape>
	    <String CONTENT=""
                    HPOS="656"
                    VPOS="630"
                    WIDTH="59"
                    HEIGHT="50"></String>
          </TextLine>

          
        </TextBlock>
        
        <TextBlock HPOS="324"
                   VPOS="870"
                   WIDTH="262"
                   HEIGHT="35"
                   ID="eSc_textblock_f18f115c"
                   TAGREFS="BT16064">
          <Shape><Polygon POINTS="346 870 477 870 586 898 346 905 324 890 346 870"/></Shape>
          
          
          <TextLine ID="eSc_line_716a78d7"
                    TAGREFS="LT4834"
                    BASELINE="310 899 573 896" 
                    HPOS="308"
                    VPOS="874"
                    WIDTH="265"
                    HEIGHT="57">
            <Shape><Polygon POINTS="566 894 548 894 529 894 511 896 492 896 476 874 339 875 326 894 321 875 308 875 310 899 310 912 420 931 422 931 424 931 426 931 441 920 500 929 501 929 503 929 573 909 573 896 572 890 566 894"/></Shape>
	    <String CONTENT="فريد كا"
                    HPOS="308"
                    VPOS="874"
                    WIDTH="265"
                    HEIGHT="57"
                    WC="0.8153578170708248"></String>
          </TextLine>

          
        </TextBlock>
        
        <TextBlock HPOS="88"
                   VPOS="1069"
                   WIDTH="1087"
                   HEIGHT="935"
                   ID="eSc_textblock_7914db79"
                   TAGREFS="BT16060">
          <Shape><Polygon POINTS="236 1069 778 1084 647 1104 638 1141 677 1150 1049 1143 1131 1113 1160 1158 1138 1209 1160 1281 1138 1296 1160 1313 1175 1497 1175 1945 1094 1982 132 2004 95 1930 110 1814 88 1775 103 1718 162 1709 160 1687 95 1672 103 1637 147 1628 95 1598 118 1547 95 1394 147 1377 103 1355 125 1303 110 1158 361 1119 322 1082 236 1089 236 1069"/></Shape>
          
          
          <TextLine ID="eSc_line_6d894c1a"
                    TAGREFS="LT4834"
                    BASELINE="466 1130 562 1126" 
                    HPOS="463"
                    VPOS="1076"
                    WIDTH="99"
                    HEIGHT="76">
            <Shape><Polygon POINTS="555 1076 551 1076 507 1100 463 1095 466 1130 466 1145 507 1152 509 1152 511 1152 562 1136 562 1126 555 1076 555 1076"/></Shape>
	    <String CONTENT="المجد"
                    HPOS="463"
                    VPOS="1076"
                    WIDTH="99"
                    HEIGHT="76"
                    WC="0.8748387455940246"></String>
          </TextLine>

          
          
          <TextLine ID="eSc_line_56a93eae"
                    TAGREFS="LT4834"
                    BASELINE="118 1222 158 1218" 
                    HPOS="114"
                    VPOS="1180"
                    WIDTH="44"
                    HEIGHT="61">
            <Shape><Polygon POINTS="118 1222 118 1241 158 1235 158 1218 151 1180 114 1193 118 1222"/></Shape>
	    <String CONTENT=""
                    HPOS="114"
                    VPOS="1180"
                    WIDTH="44"
                    HEIGHT="61"></String>
          </TextLine>

          
          
          <TextLine ID="eSc_line_c5050f35"
                    TAGREFS="LT4834"
                    BASELINE="468 1224 584 1220" 
                    HPOS="466"
                    VPOS="1158"
                    WIDTH="118"
                    HEIGHT="88">
            <Shape><Polygon POINTS="468 1224 468 1237 524 1246 525 1246 527 1246 584 1228 584 1220 583 1189 527 1158 525 1158 524 1158 522 1158 466 1189 468 1224"/></Shape>
	    <String CONTENT="موقن"
                    HPOS="466"
                    VPOS="1158"
                    WIDTH="118"
                    HEIGHT="88"
                    WC="0.9942710250616074"></String>
          </TextLine>

          
          
          <TextLine ID="eSc_line_89a28d27"
                    TAGREFS="LT4834"
                    BASELINE="664 1220 732 1215" 
                    HPOS="660"
                    VPOS="1182"
                    WIDTH="72"
                    HEIGHT="59">
            <Shape><Polygon POINTS="664 1241 732 1237 732 1215 728 1182 660 1182 664 1220 664 1241"/></Shape>
	    <String CONTENT=""
                    HPOS="660"
                    VPOS="1182"
                    WIDTH="72"
                    HEIGHT="59"></String>
          </TextLine>

          
          
          <TextLine ID="eSc_line_0cdef2df"
                    TAGREFS="LT4834"
                    BASELINE="937 1215 1114 1209" 
                    HPOS="935"
                    VPOS="1159"
                    WIDTH="179"
                    HEIGHT="78">
            <Shape><Polygon POINTS="937 1215 937 1224 983 1237 985 1237 987 1237 989 1237 990 1237 990 1235 1003 1222 1038 1235 1040 1235 1042 1235 1112 1218 1114 1209 1105 1159 1075 1178 1053 1167 1038 1159 1037 1159 996 1159 994 1159 992 1159 990 1159 970 1178 965 1183 935 1183 937 1215"/></Shape>
	    <String CONTENT="فرآن"
                    HPOS="935"
                    VPOS="1159"
                    WIDTH="179"
                    HEIGHT="78"
                    WC="0.9683962941169739"></String>
          </TextLine>

          
          
          <TextLine ID="eSc_line_217fcb01"
                    TAGREFS="LT4834"
                    BASELINE="118 1307 158 1303" 
                    HPOS="112"
                    VPOS="1259"
                    WIDTH="46"
                    HEIGHT="68">
            <Shape><Polygon POINTS="118 1307 118 1322 158 1327 158 1303 153 1261 112 1259 118 1307"/></Shape>
	    <String CONTENT=""
                    HPOS="112"
                    VPOS="1259"
                    WIDTH="46"
                    HEIGHT="68"></String>
          </TextLine>

          
          
          <TextLine ID="eSc_line_17118b80"
                    TAGREFS="LT4834"
                    BASELINE="492 1301 579 1298" 
                    HPOS="490"
                    VPOS="1263"
                    WIDTH="89"
                    HEIGHT="55">
            <Shape><Polygon POINTS="492 1301 492 1318 579 1307 579 1298 573 1263 490 1272 492 1301"/></Shape>
	    <String CONTENT="مار"
                    HPOS="490"
                    VPOS="1263"
                    WIDTH="89"
                    HEIGHT="55"
                    WC="0.9913564125696818"></String>
          </TextLine>

          
          
          <TextLine ID="eSc_line_87eb58ae"
                    TAGREFS="LT4834"
                    BASELINE="673 1298 725 1301" 
                    HPOS="671"
                    VPOS="1261"
                    WIDTH="54"
                    HEIGHT="55">
            <Shape><Polygon POINTS="673 1298 671 1309 721 1316 725 1301 725 1261 673 1263 673 1298"/></Shape>
	    <String CONTENT=""
                    HPOS="671"
                    VPOS="1261"
                    WIDTH="54"
                    HEIGHT="55"></String>
          </TextLine>

          
          
          <TextLine ID="eSc_line_c4839e56"
                    TAGREFS="LT4834"
                    BASELINE="902 1294 1118 1289" 
                    HPOS="900"
                    VPOS="1233"
                    WIDTH="218"
                    HEIGHT="85">
            <Shape><Polygon POINTS="902 1294 902 1303 970 1318 972 1318 974 1318 1009 1301 1040 1316 1042 1316 1044 1316 1116 1298 1118 1289 1112 1233 1081 1235 1079 1235 1077 1235 1077 1237 1075 1237 1055 1255 1011 1246 972 1237 970 1237 968 1237 966 1237 966 1239 952 1254 950 1255 900 1259 902 1294"/></Shape>
	    <String CONTENT="کتاب معرفت"
                    HPOS="900"
                    VPOS="1233"
                    WIDTH="218"
                    HEIGHT="85"
                    WC="0.9444365441799164"></String>
          </TextLine>

          
          
          <TextLine ID="eSc_line_b52f4db5"
                    TAGREFS="LT4834"
                    BASELINE="348 1383 596 1377" 
                    HPOS="346"
                    VPOS="1327"
                    WIDTH="250"
                    HEIGHT="83">
            <Shape><Polygon POINTS="348 1383 348 1394 428 1410 429 1410 431 1410 466 1397 509 1408 511 1408 512 1408 596 1390 596 1377 594 1344 542 1329 540 1329 538 1329 536 1329 487 1344 483 1346 483 1344 468 1333 468 1331 466 1331 465 1331 365 1327 363 1327 361 1327 359 1327 359 1329 346 1340 348 1383"/></Shape>
	    <String CONTENT="واجب الوجود"
                    HPOS="346"
                    VPOS="1327"
                    WIDTH="250"
                    HEIGHT="83"
                    WC="0.9718905470587991"></String>
          </TextLine>

          
          
          <TextLine ID="eSc_line_4062efee"
                    TAGREFS="LT4834"
                    BASELINE="671 1381 721 1375" 
                    HPOS="668"
                    VPOS="1340"
                    WIDTH="53"
                    HEIGHT="59">
            <Shape><Polygon POINTS="671 1381 671 1396 721 1399 721 1375 714 1340 668 1355 671 1381"/></Shape>
	    <String CONTENT=""
                    HPOS="668"
                    VPOS="1340"
                    WIDTH="53"
                    HEIGHT="59"></String>
          </TextLine>

          
          
          <TextLine ID="eSc_line_514d0967"
                    TAGREFS="LT4834"
                    BASELINE="808 1377 1116 1370" 
                    HPOS="806"
                    VPOS="1316"
                    WIDTH="310"
                    HEIGHT="96">
            <Shape><Polygon POINTS="808 1377 808 1390 880 1412 882 1412 883 1412 976 1397 1022 1407 1024 1407 1116 1384 1116 1370 1110 1316 1035 1318 1033 1318 1031 1318 1031 1320 1027 1324 1011 1338 961 1329 948 1327 946 1327 944 1327 935 1331 924 1337 915 1333 883 1322 882 1322 880 1322 878 1322 876 1322 876 1324 874 1324 869 1331 859 1325 858 1325 856 1325 854 1325 852 1325 850 1325 850 1327 835 1340 834 1344 806 1344 808 1377"/></Shape>
	    <String CONTENT="حتب پيشوايان دين"
                    HPOS="806"
                    VPOS="1316"
                    WIDTH="310"
                    HEIGHT="96"
                    WC="0.8903846815228462"></String>
          </TextLine>

          
          
          <TextLine ID="eSc_line_10300ec1"
                    TAGREFS="LT4834"
                    BASELINE="426 1460 607 1455" 
                    HPOS="424"
                    VPOS="1414"
                    WIDTH="183"
                    HEIGHT="63">
            <Shape><Polygon POINTS="426 1460 426 1467 538 1477 540 1477 607 1462 607 1455 605 1429 549 1414 548 1414 546 1414 544 1414 500 1425 490 1418 490 1416 489 1416 487 1416 485 1416 483 1416 424 1432 426 1460"/></Shape>
	    <String CONTENT="و حدث"
                    HPOS="424"
                    VPOS="1414"
                    WIDTH="183"
                    HEIGHT="63"
                    WC="0.9720814228057861"></String>
          </TextLine>

          
          
          <TextLine ID="eSc_line_6670c603"
                    TAGREFS="LT4834"
                    BASELINE="660 1456 1120 1451" 
                    HPOS="658"
                    VPOS="1408"
                    WIDTH="462"
                    HEIGHT="78">
            <Shape><Polygon POINTS="660 1456 660 1467 701 1484 703 1484 704 1486 787 1486 787 1484 789 1484 817 1473 854 1479 856 1479 858 1479 859 1479 880 1466 885 1466 992 1477 994 1477 996 1477 998 1477 1014 1464 1016 1464 1073 1480 1075 1480 1077 1480 1079 1480 1081 1480 1081 1479 1096 1464 1118 1464 1120 1451 1112 1408 1070 1423 990 1414 963 1410 961 1410 959 1410 942 1416 913 1425 878 1418 861 1416 859 1416 858 1416 846 1420 834 1425 826 1421 813 1412 811 1412 810 1412 808 1412 806 1412 804 1412 791 1421 784 1427 752 1423 695 1418 693 1418 691 1418 658 1425 660 1456"/></Shape>
	    <String CONTENT="ميده و سعاد"
                    HPOS="658"
                    VPOS="1408"
                    WIDTH="462"
                    HEIGHT="78"
                    WC="0.9547795815901323"></String>
          </TextLine>

          
          
          <TextLine ID="eSc_line_5066f5e3"
                    TAGREFS="LT4834"
                    BASELINE="112 1550 590 1545" 
                    HPOS="110"
                    VPOS="1488"
                    WIDTH="480"
                    HEIGHT="90">
            <Shape><Polygon POINTS="110 1541 112 1550 112 1560 142 1574 143 1574 145 1574 147 1574 197 1562 215 1576 217 1576 219 1576 221 1576 223 1576 225 1576 245 1560 284 1560 306 1576 308 1576 310 1576 426 1578 428 1578 429 1578 431 1578 431 1576 444 1563 461 1573 463 1573 465 1573 466 1573 468 1573 487 1560 548 1576 549 1576 551 1576 553 1576 590 1556 590 1545 583 1495 535 1510 505 1499 479 1488 477 1488 476 1488 402 1499 311 1490 310 1490 308 1490 306 1490 274 1508 265 1515 171 1515 169 1514 160 1504 158 1504 156 1504 155 1504 153 1504 112 1514 110 1541"/></Shape>
	    <String CONTENT="بهجرت ر ظاهر و باطن"
                    HPOS="110"
                    VPOS="1488"
                    WIDTH="480"
                    HEIGHT="90"
                    WC="0.8705755738835586"></String>
          </TextLine>

          
          
          <TextLine ID="eSc_line_fb0a86b9"
                    TAGREFS="LT4834"
                    BASELINE="666 1539 782 1534" 
                    HPOS="664"
                    VPOS="1497"
                    WIDTH="118"
                    HEIGHT="72">
            <Shape><Polygon POINTS="666 1539 666 1556 695 1569 697 1569 699 1569 782 1556 782 1534 773 1497 760 1508 728 1504 701 1501 699 1501 697 1501 664 1512 666 1539"/></Shape>
	    <String CONTENT=""
                    HPOS="664"
                    VPOS="1497"
                    WIDTH="118"
                    HEIGHT="72"></String>
          </TextLine>

          
          
          <TextLine ID="eSc_line_dd5e8d46"
                    TAGREFS="LT4834"
                    BASELINE="865 1536 1125 1530" 
                    HPOS="863"
                    VPOS="1488"
                    WIDTH="262"
                    HEIGHT="72">
            <Shape><Polygon POINTS="865 1536 865 1545 924 1560 926 1560 1011 1550 1033 1558 1035 1558 1037 1558 1096 1556 1097 1556 1125 1539 1125 1530 1121 1493 1040 1488 1038 1488 963 1499 950 1501 948 1501 935 1491 933 1491 931 1491 930 1491 863 1502 865 1536"/></Shape>
	    <String CONTENT="مبدع وجود آدمى"
                    HPOS="863"
                    VPOS="1488"
                    WIDTH="262"
                    HEIGHT="72"
                    WC="0.9099783619244893"></String>
          </TextLine>

          
          
          <TextLine ID="eSc_line_c21ecbb9"
                    TAGREFS="LT4834"
                    BASELINE="123 1624 175 1628" 
                    HPOS="119"
                    VPOS="1600"
                    WIDTH="56"
                    HEIGHT="56">
            <Shape><Polygon POINTS="142 1621 123 1615 123 1624 119 1643 147 1656 149 1656 151 1656 153 1656 173 1644 175 1628 173 1604 147 1600 142 1621"/></Shape>
	    <String CONTENT=""
                    HPOS="119"
                    VPOS="1600"
                    WIDTH="56"
                    HEIGHT="56"></String>
          </TextLine>

          
          
          <TextLine ID="eSc_line_dc3824a4"
                    TAGREFS="LT4834"
                    BASELINE="289 1624 618 1624" 
                    HPOS="289"
                    VPOS="1567"
                    WIDTH="329"
                    HEIGHT="87">
            <Shape><Polygon POINTS="289 1624 289 1633 374 1654 376 1654 496 1641 559 1652 560 1652 562 1652 564 1652 564 1650 583 1635 618 1635 618 1624 618 1591 583 1591 551 1567 549 1567 548 1567 546 1567 544 1567 542 1567 522 1580 481 1567 479 1567 477 1567 476 1567 474 1567 450 1584 394 1567 393 1567 391 1567 289 1589 289 1624"/></Shape>
	    <String CONTENT="هفت ارکان حقيقت"
                    HPOS="289"
                    VPOS="1567"
                    WIDTH="329"
                    HEIGHT="87"
                    WC="0.9527117967605591"></String>
          </TextLine>

          
          
          <TextLine ID="eSc_line_8d460d0b"
                    TAGREFS="LT4834"
                    BASELINE="660 1622 1123 1613" 
                    HPOS="658"
                    VPOS="1563"
                    WIDTH="465"
                    HEIGHT="85">
            <Shape><Polygon POINTS="660 1622 660 1632 706 1646 708 1646 710 1646 752 1637 769 1648 771 1648 773 1648 775 1648 776 1648 834 1632 850 1644 850 1646 852 1646 854 1646 856 1648 915 1648 915 1646 1123 1622 1123 1613 1118 1563 1048 1576 1011 1569 998 1567 996 1567 994 1567 992 1567 989 1571 974 1584 944 1573 933 1569 931 1569 874 1569 872 1569 870 1569 845 1578 821 1587 795 1582 760 1574 758 1574 756 1574 754 1574 741 1585 736 1591 658 1591 660 1622"/></Shape>
	    <String CONTENT="محبت ز ظاهر و باطن"
                    HPOS="658"
                    VPOS="1563"
                    WIDTH="465"
                    HEIGHT="85"
                    WC="0.8922360373867882"></String>
          </TextLine>

          
          
          <TextLine ID="eSc_line_0a624bf5"
                    TAGREFS="LT4834"
                    BASELINE="114 1707 592 1700" 
                    HPOS="112"
                    VPOS="1650"
                    WIDTH="480"
                    HEIGHT="81">
            <Shape><Polygon POINTS="149 1685 131 1680 119 1676 112 1676 114 1707 114 1720 226 1731 228 1731 302 1718 304 1718 306 1718 346 1729 348 1729 350 1729 352 1729 378 1716 394 1727 396 1727 398 1727 400 1729 457 1729 457 1727 459 1727 461 1727 461 1726 474 1715 476 1715 481 1715 553 1726 555 1726 557 1726 592 1713 592 1700 590 1665 544 1650 542 1650 540 1650 411 1663 376 1652 374 1652 372 1652 370 1652 308 1672 304 1674 151 1676 149 1685"/></Shape>
	    <String CONTENT="هفت ارکان شريعت اا"
                    HPOS="112"
                    VPOS="1650"
                    WIDTH="480"
                    HEIGHT="81"
                    WC="0.927301307519277"></String>
          </TextLine>

          
          
          <TextLine ID="eSc_line_588d610d"
                    TAGREFS="LT4834"
                    BASELINE="677 1700 717 1700" 
                    HPOS="677"
                    VPOS="1659"
                    WIDTH="40"
                    HEIGHT="54">
            <Shape><Polygon POINTS="677 1700 677 1709 715 1713 717 1700 717 1659 677 1659 677 1700"/></Shape>
	    <String CONTENT=""
                    HPOS="677"
                    VPOS="1659"
                    WIDTH="40"
                    HEIGHT="54"></String>
          </TextLine>

          
          
          <TextLine ID="eSc_line_06f871bb"
                    TAGREFS="LT4834"
                    BASELINE="989 1694 1129 1691" 
                    HPOS="987"
                    VPOS="1639"
                    WIDTH="142"
                    HEIGHT="79">
            <Shape><Polygon POINTS="989 1694 989 1704 1027 1718 1029 1718 1031 1718 1033 1718 1035 1718 1051 1707 1090 1716 1092 1716 1094 1716 1096 1716 1129 1700 1129 1691 1125 1646 1066 1639 1064 1639 1062 1639 1061 1639 1061 1641 1059 1641 1049 1652 987 1659 989 1694"/></Shape>
	    <String CONTENT="محمد طوسى"
                    HPOS="987"
                    VPOS="1639"
                    WIDTH="142"
                    HEIGHT="79"
                    WC="0.9436978697776794"></String>
          </TextLine>

          
          
          <TextLine ID="eSc_line_4d34ef63"
                    TAGREFS="LT4834"
                    BASELINE="129 1796 533 1794 1121 1775" 
                    HPOS="125"
                    VPOS="1715"
                    WIDTH="996"
                    HEIGHT="114">
            <Shape><Polygon POINTS="129 1796 129 1812 197 1829 199 1829 201 1829 245 1812 335 1825 337 1825 339 1825 380 1809 394 1822 394 1823 396 1823 398 1823 400 1825 446 1825 446 1823 448 1823 450 1823 450 1822 465 1807 503 1822 505 1822 507 1822 509 1822 511 1822 536 1805 581 1805 610 1820 612 1820 614 1820 691 1805 706 1816 708 1816 710 1816 712 1816 811 1814 813 1814 859 1798 911 1812 913 1812 915 1812 917 1812 918 1812 931 1799 998 1796 1013 1809 1013 1810 1014 1810 1016 1810 1018 1810 1121 1790 1121 1775 1114 1715 1068 1726 1035 1716 1025 1715 1024 1715 1022 1715 1020 1715 1018 1715 1014 1718 996 1729 876 1724 813 1720 811 1720 810 1720 795 1726 773 1737 741 1737 732 1727 727 1724 727 1722 725 1722 723 1722 721 1722 632 1727 631 1727 629 1727 623 1733 614 1739 579 1735 538 1729 536 1729 535 1729 520 1737 514 1740 509 1737 498 1729 496 1729 494 1729 492 1729 490 1729 465 1739 455 1742 446 1739 422 1729 420 1729 418 1729 417 1729 383 1742 380 1742 374 1742 319 1731 317 1731 315 1731 313 1731 293 1744 291 1746 282 1746 226 1739 225 1739 223 1739 221 1739 206 1748 156 1735 155 1735 153 1735 151 1735 125 1748 129 1796"/></Shape>
	    <String CONTENT="منتشر به اصف علی اصغر فيضی پير شر سگريری اسلامی رح اسوی ايش  چو ياتی"
                    HPOS="125"
                    VPOS="1715"
                    WIDTH="996"
                    HEIGHT="114"
                    WC="0.8300207642947927"></String>
          </TextLine>

          
          
          <TextLine ID="eSc_line_dc78abd7"
                    TAGREFS="LT4834"
                    BASELINE="548 1847 732 1846" 
                    HPOS="546"
                    VPOS="1801"
                    WIDTH="186"
                    HEIGHT="70">
            <Shape><Polygon POINTS="548 1847 548 1860 621 1871 623 1871 730 1864 732 1846 728 1816 666 1801 664 1801 546 1820 548 1847"/></Shape>
	    <String CONTENT="ود"
                    HPOS="546"
                    VPOS="1801"
                    WIDTH="186"
                    HEIGHT="70"
                    WC="0.9255412817001343"></String>
          </TextLine>

          
          
          <TextLine ID="eSc_line_164310b5"
                    TAGREFS="LT4834"
                    BASELINE="123 1949 1134 1923" 
                    HPOS="119"
                    VPOS="1844"
                    WIDTH="1015"
                    HEIGHT="142">
            <Shape><Polygon POINTS="123 1949 123 1971 169 1986 171 1986 173 1986 254 1976 313 1984 315 1984 317 1984 341 1973 396 1982 398 1982 400 1982 431 1969 453 1980 455 1980 457 1980 459 1980 489 1969 553 1978 555 1978 557 1978 605 1962 693 1975 695 1975 754 1973 756 1973 787 1956 904 1956 930 1965 931 1965 933 1965 1134 1945 1134 1923 1131 1851 1085 1844 1083 1844 1081 1844 1079 1844 1079 1846 1072 1853 1066 1858 1053 1853 1037 1846 1035 1846 1033 1846 1031 1846 1029 1846 1018 1853 979 1879 889 1879 856 1858 846 1853 845 1853 843 1853 841 1853 839 1853 837 1853 837 1855 830 1860 806 1882 739 1882 714 1864 701 1853 699 1853 697 1853 695 1853 693 1853 691 1853 679 1864 655 1884 621 1868 620 1868 618 1868 616 1868 614 1868 586 1888 520 1888 487 1869 468 1860 466 1860 465 1860 380 1862 378 1862 376 1862 376 1864 365 1873 359 1879 350 1875 341 1868 339 1868 337 1868 335 1868 334 1868 313 1875 300 1881 291 1877 265 1864 263 1864 262 1864 260 1864 258 1864 239 1879 217 1893 197 1879 195 1877 193 1877 191 1877 190 1877 188 1877 186 1877 182 1879 169 1888 162 1881 156 1877 156 1875 155 1875 153 1875 151 1875 119 1881 123 1949"/></Shape>
	    <String CONTENT="در مطبع نظفری نبره مير زا علی شرت عمر گهاری می يست نر وطع گرد به هام اقاي ز"
                    HPOS="119"
                    VPOS="1844"
                    WIDTH="1015"
                    HEIGHT="142"
                    WC="0.71938696483771"></String>
          </TextLine>

          
        </TextBlock>
        
        <TextBlock HPOS="677"
                   VPOS="863"
                   WIDTH="101"
                   HEIGHT="57"
                   ID="eSc_textblock_90040998"
                   TAGREFS="BT16059">
          <Shape><Polygon POINTS="728 863 778 905 684 920 677 885 728 863"/></Shape>
          
          
          <TextLine ID="eSc_line_e451f2f5"
                    TAGREFS="LT4834"
                    BASELINE="664 899 714 899" 
                    HPOS="664"
                    VPOS="868"
                    WIDTH="50"
                    HEIGHT="52">
            <Shape><Polygon POINTS="701 874 682 881 679 872 664 874 664 899 664 918 712 920 714 899 712 868 701 874"/></Shape>
	    <String CONTENT=""
                    HPOS="664"
                    VPOS="868"
                    WIDTH="50"
                    HEIGHT="52"></String>
          </TextLine>

          
        </TextBlock>
        
        <TextBlock HPOS="891"
                   VPOS="627"
                   WIDTH="254"
                   HEIGHT="160"
                   ID="eSc_textblock_56930501"
                   TAGREFS="BT16060">
          <Shape><Polygon POINTS="1105 627 1145 708 1131 787 906 780 898 745 957 735 891 721 913 671 1105 627"/></Shape>
          
          
          <TextLine ID="eSc_line_eec28419"
                    TAGREFS="LT4834"
                    BASELINE="950 652 1105 647" 
                    HPOS="948"
                    VPOS="627"
                    WIDTH="157"
                    HEIGHT="44">
            <Shape><Polygon POINTS="1096 627 1077 632 1059 636 1040 639 1022 643 1003 649 985 649 978 627 948 627 950 652 950 662 1081 671 1083 671 1085 671 1086 671 1105 658 1105 647 1099 628 1096 627"/></Shape>
	    <String CONTENT=""
                    HPOS="948"
                    VPOS="627"
                    WIDTH="157"
                    HEIGHT="44"></String>
          </TextLine>

          
          
          <TextLine ID="eSc_line_15a4fa8b"
                    TAGREFS="LT4834"
                    BASELINE="915 735 1110 730" 
                    HPOS="915"
                    VPOS="680"
                    WIDTH="195"
                    HEIGHT="85">
            <Shape><Polygon POINTS="950 730 931 730 922 728 915 735 915 759 963 765 965 765 966 765 968 765 968 763 979 754 985 750 989 754 996 759 996 761 998 761 1000 761 1002 763 1059 763 1059 761 1061 761 1110 743 1110 730 1105 680 1057 687 1055 687 1053 687 1053 689 1038 702 1016 693 981 682 979 682 978 682 976 682 974 682 957 693 950 730"/></Shape>
	    <String CONTENT="ظاهر و باطن"
                    HPOS="915"
                    VPOS="680"
                    WIDTH="195"
                    HEIGHT="85"
                    WC="0.9887536005540327"></String>
          </TextLine>

          
        </TextBlock>
        
        <TextBlock HPOS="839"
                   VPOS="907"
                   WIDTH="314"
                   HEIGHT="190"
                   ID="eSc_textblock_df8270ff"
                   TAGREFS="BT16060">
          <Shape><Polygon POINTS="1066 907 1145 929 1153 1016 1116 1032 1138 1040 1138 1097 869 1089 965 1082 883 1054 1044 1038 891 1045 839 1016 846 988 920 971 883 957 898 936 1066 907"/></Shape>
          
          
          <TextLine ID="eSc_line_e3750ca1"
                    TAGREFS="LT4834"
                    BASELINE="954 977 1110 973" 
                    HPOS="952"
                    VPOS="918"
                    WIDTH="158"
                    HEIGHT="98">
            <Shape><Polygon POINTS="954 977 954 990 1031 999 1044 1012 1044 1014 1046 1014 1048 1014 1049 1016 1083 1016 1083 1014 1085 1014 1086 1014 1110 997 1110 973 1107 934 1031 918 1029 918 1027 918 1025 918 992 942 952 944 954 977"/></Shape>
	    <String CONTENT="علم اليقين"
                    HPOS="952"
                    VPOS="918"
                    WIDTH="158"
                    HEIGHT="98"
                    WC="0.985321307182312"></String>
          </TextLine>

          
          
          <TextLine ID="eSc_line_b6efc2e3"
                    TAGREFS="LT4834"
                    BASELINE="1003 1064 1103 1062" 
                    HPOS="1002"
                    VPOS="1012"
                    WIDTH="101"
                    HEIGHT="72">
            <Shape><Polygon POINTS="1038 1038 1020 1040 1002 1041 1003 1064 1003 1075 1092 1084 1094 1084 1096 1084 1097 1084 1097 1082 1099 1082 1103 1076 1103 1062 1096 1012 1040 1027 1038 1038"/></Shape>
	    <String CONTENT="عين"
                    HPOS="1002"
                    VPOS="1012"
                    WIDTH="101"
                    HEIGHT="72"
                    WC="0.9362530708312988"></String>
          </TextLine>

          
        </TextBlock>
        
        <TextBlock HPOS="699"
                   VPOS="1113"
                   WIDTH="42"
                   HEIGHT="28"
                   ID="eSc_textblock_87158e91"
                   TAGREFS="BT16059">
          <Shape><Polygon POINTS="706 1113 741 1113 734 1141 699 1141 706 1113"/></Shape>
          
          
          <TextLine ID="eSc_line_6e6d2e15"
                    TAGREFS="LT4834"
                    BASELINE="677 1132 727 1132" 
                    HPOS="677"
                    VPOS="1106"
                    WIDTH="50"
                    HEIGHT="42">
            <Shape><Polygon POINTS="714 1113 710 1106 677 1106 677 1132 677 1145 725 1148 727 1132 727 1113 714 1113"/></Shape>
	    <String CONTENT=""
                    HPOS="677"
                    VPOS="1106"
                    WIDTH="50"
                    HEIGHT="42"></String>
          </TextLine>

          
        </TextBlock>
        
        <TextBlock HPOS="507"
                   VPOS="442"
                   WIDTH="87"
                   HEIGHT="13"
                   ID="eSc_textblock_31474452"
                   TAGREFS="BT16060">
          <Shape><Polygon POINTS="529 442 594 442 594 455 507 455 529 442"/></Shape>
          
        </TextBlock>
        
        <TextBlock HPOS="942"
                   VPOS="339"
                   WIDTH="189"
                   HEIGHT="20"
                   ID="eSc_textblock_38e3e24d"
                   TAGREFS="BT16060">
          <Shape><Polygon POINTS="942 339 1131 339 1131 344 1014 359 942 339"/></Shape>
          
        </TextBlock>
        
        <TextBlock HPOS="965"
                   VPOS="427"
                   WIDTH="151"
                   HEIGHT="43"
                   ID="eSc_textblock_907767d1"
                   TAGREFS="BT16060">
          <Shape><Polygon POINTS="1073 427 1109 427 1116 462 1009 470 965 440 1073 427"/></Shape>
          
        </TextBlock>
        
        <TextBlock HPOS="950"
                   VPOS="575"
                   WIDTH="181"
                   HEIGHT="20"
                   ID="eSc_textblock_d8c8e22a"
                   TAGREFS="BT16060">
          <Shape><Polygon POINTS="1103 575 1131 595 950 595 1094 582 1103 575"/></Shape>
          
        </TextBlock>
        
        <TextBlock HPOS="972"
                   VPOS="516"
                   WIDTH="151"
                   HEIGHT="42"
                   ID="eSc_textblock_60f7aef5"
                   TAGREFS="BT16060">
          <Shape><Polygon POINTS="972 516 1116 516 1123 551 1014 558 987 551 1014 523 972 516"/></Shape>
          
        </TextBlock>
        
        <TextBlock HPOS="155"
                   VPOS="1076"
                   WIDTH="20"
                   HEIGHT="6"
                   ID="eSc_textblock_606fe2be"
                   TAGREFS="BT16060">
          <Shape><Polygon POINTS="162 1076 175 1076 175 1082 155 1082 162 1076"/></Shape>
          
        </TextBlock>
        
        <TextBlock HPOS="140"
                   VPOS="995"
                   WIDTH="57"
                   HEIGHT="13"
                   ID="eSc_textblock_16c71da6"
                   TAGREFS="BT16060">
          <Shape><Polygon POINTS="147 995 197 995 197 1008 140 1008 147 995"/></Shape>
          
        </TextBlock>
        
        <TextBlock HPOS="280"
                   VPOS="988"
                   WIDTH="483"
                   HEIGHT="42"
                   ID="eSc_textblock_d672f048"
                   TAGREFS="BT16060">
          <Shape><Polygon POINTS="346 988 741 995 763 1008 640 1008 638 1030 280 1008 346 988"/></Shape>
          
        </TextBlock>
        
        <TextBlock HPOS="566"
                   VPOS="769"
                   WIDTH="20"
                   HEIGHT="18"
                   ID="eSc_textblock_604bd57c"
                   TAGREFS="BT16060">
          <Shape><Polygon POINTS="586 769 586 787 566 780 566 774 586 769"/></Shape>
          
        </TextBlock>
        
        <TextBlock HPOS="1009"
                   VPOS="863"
                   WIDTH="122"
                   HEIGHT="20"
                   ID="eSc_textblock_97974bf2"
                   TAGREFS="BT16060">
          <Shape><Polygon POINTS="1024 863 1131 863 1131 883 1009 875 1024 863"/></Shape>
          
        </TextBlock>
        
        <TextBlock HPOS="1088"
                   VPOS="818"
                   WIDTH="43"
                   HEIGHT="13"
                   ID="eSc_textblock_fb5be333"
                   TAGREFS="BT16063">
          <Shape><Polygon POINTS="1088 818 1131 818 1131 824 1088 831 1088 818"/></Shape>
          
        </TextBlock>
        
        <TextBlock HPOS="132"
                   VPOS="496"
                   WIDTH="50"
                   HEIGHT="18"
                   ID="eSc_textblock_105711a2"
                   TAGREFS="BT16064">
          <Shape><Polygon POINTS="153 496 182 508 182 514 132 514 153 496"/></Shape>
          
        </TextBlock>
        
        <TextBlock HPOS="214"
                   VPOS="649"
                   WIDTH="64"
                   HEIGHT="13"
                   ID="eSc_textblock_1c625f6b"
                   TAGREFS="BT16064">
          <Shape><Polygon POINTS="221 649 278 649 278 654 214 662 221 649"/></Shape>
          
        </TextBlock>
        
        <TextBlock HPOS="243"
                   VPOS="486"
                   WIDTH="13"
                   HEIGHT="13"
                   ID="eSc_textblock_f32884c9"
                   TAGREFS="BT16064">
          <Shape><Polygon POINTS="256 488 256 499 243 499 250 486 256 488"/></Shape>
          
        </TextBlock>
        
        <TextBlock HPOS="206"
                   VPOS="590"
                   WIDTH="146"
                   HEIGHT="35"
                   ID="eSc_textblock_2582dd04"
                   TAGREFS="BT16064">
          <Shape><Polygon POINTS="228 590 337 597 352 610 243 625 206 603 228 590"/></Shape>
          
        </TextBlock>
        
        <TextBlock HPOS="221"
                   VPOS="560"
                   WIDTH="124"
                   HEIGHT="13"
                   ID="eSc_textblock_b9eae407"
                   TAGREFS="BT16064">
          <Shape><Polygon POINTS="228 560 308 560 345 573 221 573 228 560"/></Shape>
          
        </TextBlock>
        
        <TextBlock HPOS="529"
                   VPOS="568"
                   WIDTH="35"
                   HEIGHT="5"
                   ID="eSc_textblock_dddbcb8f"
                   TAGREFS="BT16064">
          <Shape><Polygon POINTS="536 568 564 568 564 573 529 573 536 568"/></Shape>
          
        </TextBlock>
        
        <TextBlock HPOS="162"
                   VPOS="745"
                   WIDTH="13"
                   HEIGHT="5"
                   ID="eSc_textblock_5a97913a"
                   TAGREFS="BT16064">
          <Shape><Polygon POINTS="169 745 175 750 162 750 162 745 169 745"/></Shape>
          
        </TextBlock>
        
        <TextBlock HPOS="147"
                   VPOS="892"
                   WIDTH="153"
                   HEIGHT="20"
                   ID="eSc_textblock_8b0138bc"
                   TAGREFS="BT16064">
          <Shape><Polygon POINTS="228 892 300 898 147 912 155 899 228 892"/></Shape>
          
        </TextBlock>
        
        <TextBlock HPOS="214"
                   VPOS="671"
                   WIDTH="27"
                   HEIGHT="5"
                   ID="eSc_textblock_11a9923a"
                   TAGREFS="BT16064">
          <Shape><Polygon POINTS="221 671 241 671 241 676 214 676 221 671"/></Shape>
          
        </TextBlock>
        
        <TextBlock HPOS="214"
                   VPOS="958"
                   WIDTH="64"
                   HEIGHT="13"
                   ID="eSc_textblock_d9926cbf"
                   TAGREFS="BT16064">
          <Shape><Polygon POINTS="228 958 278 958 278 964 214 971 228 958"/></Shape>
          
        </TextBlock>
        
        <TextBlock HPOS="310"
                   VPOS="1040"
                   WIDTH="12"
                   HEIGHT="5"
                   ID="eSc_textblock_1b784416"
                   TAGREFS="BT16064">
          <Shape><Polygon POINTS="317 1040 322 1045 310 1045 310 1040 317 1040"/></Shape>
          
        </TextBlock>
        
        <TextBlock HPOS="206"
                   VPOS="789"
                   WIDTH="373"
                   HEIGHT="20"
                   ID="eSc_textblock_95526dbe"
                   TAGREFS="BT16064">
          <Shape><Polygon POINTS="383 789 572 796 579 809 206 809 383 789"/></Shape>
          
        </TextBlock>
        
        <TextBlock HPOS="596"
                   VPOS="892"
                   WIDTH="35"
                   HEIGHT="13"
                   ID="eSc_textblock_c7b36dfe"
                   TAGREFS="BT16064">
          <Shape><Polygon POINTS="603 892 631 892 631 905 596 898 603 892"/></Shape>
          
        </TextBlock>
        
        <TextBlock HPOS="669"
                   VPOS="331"
                   WIDTH="50"
                   HEIGHT="21"
                   ID="eSc_textblock_457cbc50"
                   TAGREFS="BT16059">
          <Shape><Polygon POINTS="691 331 719 339 719 352 669 352 691 331"/></Shape>
          
        </TextBlock>
        
        <TextBlock HPOS="714"
                   VPOS="737"
                   WIDTH="49"
                   HEIGHT="13"
                   ID="eSc_textblock_a27588aa"
                   TAGREFS="BT16059">
          <Shape><Polygon POINTS="736 737 749 737 763 750 714 750 736 737"/></Shape>
          
        </TextBlock>
        
        <TextBlock HPOS="721"
                   VPOS="715"
                   WIDTH="50"
                   HEIGHT="13"
                   ID="eSc_textblock_522ea646"
                   TAGREFS="BT16059">
          <Shape><Polygon POINTS="734 715 771 715 771 721 721 728 734 715"/></Shape>
          
        </TextBlock>
        
        <TextBlock HPOS="699"
                   VPOS="951"
                   WIDTH="64"
                   HEIGHT="35"
                   ID="eSc_textblock_552d875a"
                   TAGREFS="BT16059">
          <Shape><Polygon POINTS="699 951 749 951 763 971 699 986 699 951"/></Shape>
          
        </TextBlock>
        
        <TextBlock HPOS="699"
                   VPOS="1032"
                   WIDTH="50"
                   HEIGHT="35"
                   ID="eSc_textblock_0df2989b"
                   TAGREFS="BT16059">
          <Shape><Polygon POINTS="714 1032 749 1032 734 1067 699 1067 714 1032"/></Shape>
          
        </TextBlock>
        
        <TextBlock HPOS="706"
                   VPOS="1195"
                   WIDTH="43"
                   HEIGHT="20"
                   ID="eSc_textblock_34e94b13"
                   TAGREFS="BT16059">
          <Shape><Polygon POINTS="714 1195 734 1195 749 1207 706 1215 714 1195"/></Shape>
          
        </TextBlock>
        
        <TextBlock HPOS="699"
                   VPOS="789"
                   WIDTH="79"
                   HEIGHT="20"
                   ID="eSc_textblock_59de5e7b"
                   TAGREFS="BT16059">
          <Shape><Polygon POINTS="728 789 763 789 778 809 699 809 728 789"/></Shape>
          
        </TextBlock>
        
        <TextBlock HPOS="221"
                   VPOS="339"
                   WIDTH="410"
                   HEIGHT="50"
                   ID="eSc_textblock_f095a55f"
                   TAGREFS="BT16060">
          <Shape><Polygon POINTS="413 339 586 346 631 389 221 374 413 339"/></Shape>
          
        </TextBlock>
        
        <TextBlock HPOS="435"
                   VPOS="612"
                   WIDTH="28"
                   HEIGHT="5"
                   ID="eSc_textblock_34461ee1"
                   TAGREFS="BT16060">
          <Shape><Polygon POINTS="442 612 463 612 463 617 435 617 442 612"/></Shape>
          
        </TextBlock>
        
        <TextBlock HPOS="479"
                   VPOS="604"
                   WIDTH="122"
                   HEIGHT="13"
                   ID="eSc_textblock_24a92423"
                   TAGREFS="BT16060">
          <Shape><Polygon POINTS="551 604 601 617 479 617 542 612 551 604"/></Shape>
          
        </TextBlock>
        
        <TextBlock HPOS="494"
                   VPOS="686"
                   WIDTH="107"
                   HEIGHT="20"
                   ID="eSc_textblock_1562418c"
                   TAGREFS="BT16060">
          <Shape><Polygon POINTS="522 686 594 686 601 706 494 698 522 686"/></Shape>
          
        </TextBlock>
        

        
        <TextBlock ID="eSc_dummyblock_">
          
          
          <TextLine ID="eSc_line_ba1b8413"
                    TAGREFS="LT4834"
                    BASELINE="97 341 132 341" 
                    HPOS="97"
                    VPOS="306"
                    WIDTH="35"
                    HEIGHT="59">
            <Shape><Polygon POINTS="97 341 97 361 131 365 132 341 131 306 97 306 97 341"/></Shape>
	    <String CONTENT=""
                    HPOS="97"
                    VPOS="306"
                    WIDTH="35"
                    HEIGHT="59"></String>
          </TextLine>

          
          
          <TextLine ID="eSc_line_ec270565"
                    TAGREFS="LT4834"
                    BASELINE="424 328 549 322" 
                    HPOS="420"
                    VPOS="261"
                    WIDTH="129"
                    HEIGHT="85">
            <Shape><Polygon POINTS="424 328 424 346 549 343 549 322 546 272 420 261 424 328"/></Shape>
	    <String CONTENT="منی رمان"
                    HPOS="420"
                    VPOS="261"
                    WIDTH="129"
                    HEIGHT="85"
                    WC="0.9652879983186722"></String>
          </TextLine>

          
          
          <TextLine ID="eSc_line_cbb8eeb9"
                    TAGREFS="LT4834"
                    BASELINE="103 507 142 507" 
                    HPOS="103"
                    VPOS="472"
                    WIDTH="39"
                    HEIGHT="59">
            <Shape><Polygon POINTS="103 507 103 531 142 523 142 507 142 479 103 472 103 507"/></Shape>
	    <String CONTENT=""
                    HPOS="103"
                    VPOS="472"
                    WIDTH="39"
                    HEIGHT="59"></String>
          </TextLine>

          
          
          <TextLine ID="eSc_line_2b94304a"
                    TAGREFS="LT4834"
                    BASELINE="662 337 710 328" 
                    HPOS="649"
                    VPOS="265"
                    WIDTH="66"
                    HEIGHT="103">
            <Shape><Polygon POINTS="662 337 666 365 715 368 710 328 695 265 649 272 662 337"/></Shape>
	    <String CONTENT=""
                    HPOS="649"
                    VPOS="265"
                    WIDTH="66"
                    HEIGHT="103"></String>
          </TextLine>

          
          
          <TextLine ID="eSc_line_5c1ad6ea"
                    TAGREFS="LT4834"
                    BASELINE="367 577 564 577" 
                    HPOS="367"
                    VPOS="534"
                    WIDTH="197"
                    HEIGHT="76">
            <Shape><Polygon POINTS="367 577 367 591 417 593 437 610 439 610 441 610 442 610 444 610 479 599 518 610 520 610 522 610 524 610 564 591 564 577 564 549 442 534 441 534 367 547 367 577"/></Shape>
	    <String CONTENT="مرد شريعت"
                    HPOS="367"
                    VPOS="534"
                    WIDTH="197"
                    HEIGHT="76"
                    WC="0.9251445531845093"></String>
          </TextLine>

          
          
          <TextLine ID="eSc_line_785be81f"
                    TAGREFS="LT4834"
                    BASELINE="878 330 1101 330" 
                    HPOS="878"
                    VPOS="258"
                    WIDTH="223"
                    HEIGHT="103">
            <Shape><Polygon POINTS="878 330 878 355 955 361 957 361 959 361 989 350 1003 344 1009 348 1022 359 1024 359 1025 359 1027 359 1101 343 1101 330 1101 271 959 258 957 258 878 272 878 330"/></Shape>
	    <String CONTENT="شناخت حق"
                    HPOS="878"
                    VPOS="258"
                    WIDTH="223"
                    HEIGHT="103"
                    WC="0.9877642318606377"></String>
          </TextLine>

          
          
          <TextLine ID="eSc_line_bd1ed651"
                    TAGREFS="LT4834"
                    BASELINE="811 492 1097 488" 
                    HPOS="810"
                    VPOS="442"
                    WIDTH="287"
                    HEIGHT="79">
            <Shape><Polygon POINTS="811 492 811 508 931 521 933 521 935 521 972 505 978 503 981 505 1011 520 1013 520 1014 520 1016 520 1018 520 1042 503 1046 503 1096 503 1097 488 1092 442 810 442 811 492"/></Shape>
	    <String CONTENT="صاحب العصر والزمان"
                    HPOS="810"
                    VPOS="442"
                    WIDTH="287"
                    HEIGHT="79"
                    WC="0.9408503141668108"></String>
          </TextLine>

          
          
          <TextLine ID="eSc_line_034bc7f4"
                    TAGREFS="LT4834"
                    BASELINE="913 409 1096 405" 
                    HPOS="911"
                    VPOS="361"
                    WIDTH="185"
                    HEIGHT="72">
            <Shape><Polygon POINTS="913 409 913 418 1002 433 1003 433 1096 414 1096 405 1092 363 1042 361 1040 361 1038 361 1013 370 990 378 983 374 966 363 965 363 963 363 961 363 959 363 911 379 913 409"/></Shape>
	    <String CONTENT="شهادت"
                    HPOS="911"
                    VPOS="361"
                    WIDTH="185"
                    HEIGHT="72"
                    WC="0.9782526135444641"></String>
          </TextLine>

          
          
          <TextLine ID="eSc_line_29e0f202"
                    TAGREFS="LT4834"
                    BASELINE="97 584 226 580" 
                    HPOS="95"
                    VPOS="544"
                    WIDTH="131"
                    HEIGHT="66">
            <Shape><Polygon POINTS="97 584 97 603 105 610 107 610 108 610 110 610 112 610 143 599 178 608 180 608 182 608 184 608 226 593 226 580 223 551 177 544 175 544 173 544 171 544 158 553 153 556 95 556 97 584"/></Shape>
	    <String CONTENT=""
                    HPOS="95"
                    VPOS="544"
                    WIDTH="131"
                    HEIGHT="66"></String>
          </TextLine>

          
          
          <TextLine ID="eSc_line_622adf98"
                    TAGREFS="LT4834"
                    BASELINE="817 575 1101 569" 
                    HPOS="815"
                    VPOS="521"
                    WIDTH="286"
                    HEIGHT="85">
            <Shape><Polygon POINTS="817 575 817 593 909 606 911 606 1101 590 1101 569 1099 536 1086 523 1086 521 1085 521 1083 521 1081 521 1079 521 1077 521 1057 534 987 521 985 521 983 521 981 521 957 536 869 523 867 523 865 523 863 523 863 525 848 540 815 540 817 575"/></Shape>
	    <String CONTENT="طاعت ظاهر و باطن"
                    HPOS="815"
                    VPOS="521"
                    WIDTH="286"
                    HEIGHT="85"
                    WC="0.9561509974300861"></String>
          </TextLine>

          
          
          <TextLine ID="eSc_line_1d4a7166"
                    TAGREFS="LT4834"
                    BASELINE="116 667 145 663" 
                    HPOS="110"
                    VPOS="625"
                    WIDTH="37"
                    HEIGHT="62">
            <Shape><Polygon POINTS="116 667 118 687 147 684 145 663 138 625 110 627 116 667"/></Shape>
	    <String CONTENT=""
                    HPOS="110"
                    VPOS="625"
                    WIDTH="37"
                    HEIGHT="62"></String>
          </TextLine>

          
          
          <TextLine ID="eSc_line_44695228"
                    TAGREFS="LT4834"
                    BASELINE="118 739 142 743" 
                    HPOS="112"
                    VPOS="713"
                    WIDTH="31"
                    HEIGHT="59">
            <Shape><Polygon POINTS="118 739 112 767 134 772 142 743 143 715 119 713 118 739"/></Shape>
	    <String CONTENT=""
                    HPOS="112"
                    VPOS="713"
                    WIDTH="31"
                    HEIGHT="59"></String>
          </TextLine>

          
          
          <TextLine ID="eSc_line_e39c336e"
                    TAGREFS="LT4834"
                    BASELINE="359 735 594 732" 
                    HPOS="357"
                    VPOS="682"
                    WIDTH="237"
                    HEIGHT="85">
            <Shape><Polygon POINTS="359 735 359 767 514 767 514 765 516 765 540 752 546 750 592 750 594 732 592 700 546 682 544 682 542 682 540 682 496 698 479 684 479 682 477 682 476 682 474 682 357 702 359 735"/></Shape>
	    <String CONTENT="مطلوب المومنين"
                    HPOS="357"
                    VPOS="682"
                    WIDTH="237"
                    HEIGHT="85"
                    WC="0.8810891445193972"></String>
          </TextLine>

          
          
          <TextLine ID="eSc_line_18c7b35e"
                    TAGREFS="LT4834"
                    BASELINE="99 824 572 818" 
                    HPOS="97"
                    VPOS="765"
                    WIDTH="475"
                    HEIGHT="94">
            <Shape><Polygon POINTS="99 824 99 850 145 844 153 850 158 855 158 857 160 857 162 857 164 859 199 859 199 857 201 857 202 857 202 855 212 848 221 839 247 839 260 846 276 855 278 855 280 855 282 857 396 857 396 855 398 855 400 855 422 839 428 835 431 839 444 846 446 846 448 846 450 846 452 846 489 835 492 835 509 846 511 846 512 846 514 846 572 831 572 818 570 783 516 765 514 765 420 765 418 765 417 765 369 778 337 767 335 767 334 767 332 767 330 767 330 769 311 785 310 787 308 785 289 780 287 780 286 780 214 787 188 789 177 787 134 778 132 778 131 778 97 785 99 824"/></Shape>
	    <String CONTENT="معرفت رظاهر و باطند"
                    HPOS="97"
                    VPOS="765"
                    WIDTH="475"
                    HEIGHT="94"
                    WC="0.9172273372348986"></String>
          </TextLine>

          
          
          <TextLine ID="eSc_line_727ab1c2"
                    TAGREFS="LT4834"
                    BASELINE="649 735 771 735" 
                    HPOS="649"
                    VPOS="667"
                    WIDTH="122"
                    HEIGHT="109">
            <Shape><Polygon POINTS="649 735 649 772 690 776 691 776 693 776 695 776 703 770 717 761 769 767 771 735 767 667 723 682 649 682 649 735"/></Shape>
	    <String CONTENT=""
                    HPOS="649"
                    VPOS="667"
                    WIDTH="122"
                    HEIGHT="109"></String>
          </TextLine>

          
          
          <TextLine ID="eSc_line_7eadbbe0"
                    TAGREFS="LT4834"
                    BASELINE="112 909 153 905" 
                    HPOS="108"
                    VPOS="868"
                    WIDTH="45"
                    HEIGHT="65">
            <Shape><Polygon POINTS="112 909 114 933 153 925 153 905 145 868 108 877 112 909"/></Shape>
	    <String CONTENT="ع"
                    HPOS="108"
                    VPOS="868"
                    WIDTH="45"
                    HEIGHT="65"
                    WC="0.774534285068512"></String>
          </TextLine>

          
          
          <TextLine ID="eSc_line_36882a9a"
                    TAGREFS="LT4834"
                    BASELINE="658 820 710 816" 
                    HPOS="655"
                    VPOS="789"
                    WIDTH="55"
                    HEIGHT="50">
            <Shape><Polygon POINTS="658 820 658 829 680 839 682 839 684 839 686 839 710 826 710 816 704 789 655 791 658 820"/></Shape>
	    <String CONTENT=""
                    HPOS="655"
                    VPOS="789"
                    WIDTH="55"
                    HEIGHT="50"></String>
          </TextLine>

          
          
          <TextLine ID="eSc_line_34f2a7a1"
                    TAGREFS="LT4834"
                    BASELINE="107 981 223 981" 
                    HPOS="107"
                    VPOS="938"
                    WIDTH="116"
                    HEIGHT="78">
            <Shape><Polygon POINTS="107 981 107 1016 223 1003 223 981 219 938 178 951 107 944 107 981"/></Shape>
	    <String CONTENT=""
                    HPOS="107"
                    VPOS="938"
                    WIDTH="116"
                    HEIGHT="78"></String>
          </TextLine>

          
          
          <TextLine ID="eSc_line_455c3eee"
                    TAGREFS="LT4834"
                    BASELINE="376 977 572 973" 
                    HPOS="374"
                    VPOS="923"
                    WIDTH="198"
                    HEIGHT="96">
            <Shape><Polygon POINTS="376 977 376 988 404 1003 405 1003 407 1003 446 995 474 1017 476 1017 477 1017 479 1019 520 1019 520 1017 522 1017 524 1017 572 984 572 973 568 940 501 923 500 923 498 923 455 944 428 929 426 929 424 929 422 929 374 946 376 977"/></Shape>
	    <String CONTENT="معلم صادق"
                    HPOS="374"
                    VPOS="923"
                    WIDTH="198"
                    HEIGHT="96"
                    WC="0.9283624357647366"></String>
          </TextLine>

          
          
          <TextLine ID="eSc_line_b468ce24"
                    TAGREFS="LT4834"
                    BASELINE="114 1064 575 1056" 
                    HPOS="112"
                    VPOS="1006"
                    WIDTH="463"
                    HEIGHT="94">
            <Shape><Polygon POINTS="114 1064 114 1078 132 1088 134 1088 136 1088 210 1076 226 1075 228 1076 254 1099 254 1100 256 1100 258 1100 260 1100 369 1099 370 1099 372 1099 372 1097 374 1097 380 1089 457 1099 459 1099 573 1069 575 1056 568 1006 500 1029 444 1029 431 1016 429 1014 429 1012 428 1012 426 1012 424 1012 422 1012 413 1016 394 1027 387 1017 378 1012 378 1010 376 1010 374 1010 345 1008 343 1008 260 1010 258 1010 256 1010 232 1029 223 1034 199 1030 145 1025 143 1025 142 1025 112 1034 114 1064"/></Shape>
	    <String CONTENT="مقصود آفر ميش اين عالم س"
                    HPOS="112"
                    VPOS="1006"
                    WIDTH="463"
                    HEIGHT="94"
                    WC="0.8784152555465699"></String>
          </TextLine>

          
          
          <TextLine ID="eSc_line_1c727409"
                    TAGREFS="LT4834"
                    BASELINE="898 815 1109 811" 
                    HPOS="896"
                    VPOS="759"
                    WIDTH="213"
                    HEIGHT="85">
            <Shape><Polygon POINTS="898 815 898 828 974 844 976 844 1079 842 1081 842 1109 829 1109 811 1105 761 1079 759 1077 759 1075 759 1073 759 1068 763 1048 778 1024 769 1002 759 1000 759 998 759 896 780 898 815"/></Shape>
	    <String CONTENT="ظاهر شريعت"
                    HPOS="896"
                    VPOS="759"
                    WIDTH="213"
                    HEIGHT="85"
                    WC="0.9316809713840485"></String>
          </TextLine>

          
          
          <TextLine ID="eSc_line_94a9927b"
                    TAGREFS="LT4834"
                    BASELINE="666 971 719 975" 
                    HPOS="664"
                    VPOS="929"
                    WIDTH="55"
                    HEIGHT="83">
            <Shape><Polygon POINTS="666 971 664 995 712 1012 719 975 719 933 668 929 666 971"/></Shape>
	    <String CONTENT="لا"
                    HPOS="664"
                    VPOS="929"
                    WIDTH="55"
                    HEIGHT="83"
                    WC="0.8295040130615234"></String>
          </TextLine>

          
          
          <TextLine ID="eSc_line_aee55315"
                    TAGREFS="LT4834"
                    BASELINE="673 1053 717 1056" 
                    HPOS="671"
                    VPOS="1025"
                    WIDTH="46"
                    HEIGHT="63">
            <Shape><Polygon POINTS="673 1053 671 1065 710 1088 717 1056 715 1025 673 1027 673 1053"/></Shape>
	    <String CONTENT=""
                    HPOS="671"
                    VPOS="1025"
                    WIDTH="46"
                    HEIGHT="63"></String>
          </TextLine>

          
          
          <TextLine ID="eSc_line_5d918c14"
                    TAGREFS="LT4834"
                    BASELINE="948 905 1109 898" 
                    HPOS="944"
                    VPOS="837"
                    WIDTH="165"
                    HEIGHT="97">
            <Shape><Polygon POINTS="948 905 948 918 985 934 987 934 989 934 990 934 1027 922 1055 931 1057 931 1059 931 1061 931 1062 931 1062 929 1083 911 1109 909 1109 898 1105 859 1025 837 1024 837 1022 837 1000 840 998 840 996 840 996 842 994 842 972 868 972 870 944 870 948 905"/></Shape>
	    <String CONTENT="عالم حقيقي"
                    HPOS="944"
                    VPOS="837"
                    WIDTH="165"
                    HEIGHT="97"
                    WC="0.9773896694183349"></String>
          </TextLine>

          
          
          <TextLine ID="eSc_line_2af915bf"
                    TAGREFS="LT4834"
                    BASELINE="118 1143 175 1137" 
                    HPOS="112"
                    VPOS="1088"
                    WIDTH="65"
                    HEIGHT="88">
            <Shape><Polygon POINTS="118 1143 121 1176 177 1158 175 1137 166 1088 112 1104 118 1143"/></Shape>
	    <String CONTENT=""
                    HPOS="112"
                    VPOS="1088"
                    WIDTH="65"
                    HEIGHT="88"></String>
          </TextLine>

          
          
          <TextLine ID="eSc_line_2caa8832"
                    TAGREFS="LT4834"
                    BASELINE="800 1132 1114 1124" 
                    HPOS="799"
                    VPOS="1056"
                    WIDTH="315"
                    HEIGHT="107">
            <Shape><Polygon POINTS="1002 1064 998 1056 981 1056 979 1056 978 1056 976 1056 954 1075 952 1075 930 1058 928 1058 926 1058 889 1058 887 1058 885 1058 883 1058 883 1060 856 1084 850 1089 799 1089 800 1132 800 1150 846 1161 848 1161 902 1148 907 1148 911 1148 948 1163 950 1163 952 1163 954 1163 955 1163 955 1161 968 1148 1033 1161 1035 1161 1114 1145 1114 1124 1105 1062 1081 1082 1053 1071 1051 1071 1049 1071 1048 1071 1046 1071 1046 1073 1037 1080 1025 1069 1018 1064 1002 1064"/></Shape>
	    <String CONTENT="فصول مبارک مقدس"
                    HPOS="799"
                    VPOS="1056"
                    WIDTH="315"
                    HEIGHT="107"
                    WC="0.9457589030265808"></String>
          </TextLine>

          
          
          <TextLine ID="eSc_line_047641ae"
                    TAGREFS="LT4834"
                    BASELINE="132 2087 226 2082" 
                    HPOS="129"
                    VPOS="2024"
                    WIDTH="97"
                    HEIGHT="91">
            <Shape><Polygon POINTS="132 2087 132 2111 225 2115 226 2082 217 2024 129 2047 132 2087"/></Shape>
	    <String CONTENT="برا"
                    HPOS="129"
                    VPOS="2024"
                    WIDTH="97"
                    HEIGHT="91"
                    WC="0.6629638671875"></String>
          </TextLine>

          
        </TextBlock>
        
      </PrintSpace>
    </Page>
  </Layout>
</alto>
