<?xml version="1.0" encoding="UTF-8"?>
<alto xmlns:xsi="http://www.w3.org/2001/XMLSchema-instance"
      xmlns="http://www.loc.gov/standards/alto/ns-v4#"
      xsi:schemaLocation="http://www.loc.gov/standards/alto/ns-v4# http://www.loc.gov/standards/alto/v4/alto-4-2.xsd">
  <Description>
    <MeasurementUnit>pixel</MeasurementUnit>
    <sourceImageInformation>
      <fileName>TwoIsmailiTreatises004.jpg</fileName>
      
    </sourceImageInformation>
  </Description>
  
  <Tags>
    <OtherTag ID="BT16074" LABEL="MarginTextZone:commentary" DESCRIPTION="block type MarginTextZone:commentary"/><OtherTag ID="BT16073" LABEL="MarginTextZone:note#1" DESCRIPTION="block type MarginTextZone:note#1"/><OtherTag ID="BT16072" LABEL="MainZone:column#2" DESCRIPTION="block type MainZone:column#2"/><OtherTag ID="BT16071" LABEL="MainZone:column#3" DESCRIPTION="block type MainZone:column#3"/><OtherTag ID="BT16070" LABEL="GraphicZone:illustration" DESCRIPTION="block type GraphicZone:illustration"/><OtherTag ID="BT16069" LABEL="MainZone:column#1" DESCRIPTION="block type MainZone:column#1"/><OtherTag ID="BT16068" LABEL="MarginTextZone:note#2" DESCRIPTION="block type MarginTextZone:note#2"/><OtherTag ID="BT16067" LABEL="CustomZone:publication" DESCRIPTION="block type CustomZone:publication"/><OtherTag ID="BT16066" LABEL="RunningTitleZone" DESCRIPTION="block type RunningTitleZone"/><OtherTag ID="BT16065" LABEL="NumberingZone" DESCRIPTION="block type NumberingZone"/><OtherTag ID="BT16064" LABEL="default" DESCRIPTION="block type default"/><OtherTag ID="BT16063" LABEL="TitlePageZone" DESCRIPTION="block type TitlePageZone"/><OtherTag ID="BT16062" LABEL="NumberingZone:other" DESCRIPTION="block type NumberingZone:other"/><OtherTag ID="BT16061" LABEL="QuireMarksZone:catchwords" DESCRIPTION="block type QuireMarksZone:catchwords"/><OtherTag ID="BT16060" LABEL="MainZone" DESCRIPTION="block type MainZone"/><OtherTag ID="BT16059" LABEL="NumberingZone:page" DESCRIPTION="block type NumberingZone:page"/><OtherTag ID="BT16058" LABEL="MarginTextZone:note" DESCRIPTION="block type MarginTextZone:note"/><OtherTag ID="BT16057" LABEL="DigitizationArtefactZone" DESCRIPTION="block type DigitizationArtefactZone"/><OtherTag ID="BT4" LABEL="Illustration" DESCRIPTION="block type Illustration"/><OtherTag ID="BT3" LABEL="Commentary" DESCRIPTION="block type Commentary"/><OtherTag ID="BT2" LABEL="Main" DESCRIPTION="block type Main"/><OtherTag ID="BT1" LABEL="Title" DESCRIPTION="block type Title"/>
    <OtherTag ID="LT4834" LABEL="DefaultLine" DESCRIPTION="line type DefaultLine"/><OtherTag ID="LT4835" LABEL="HeadingLine:title" DESCRIPTION="line type HeadingLine:title"/>
  </Tags>
  
  <Layout>
    <Page WIDTH="1343"
          HEIGHT="2150"
          PHYSICAL_IMG_NR="0"
          ID="eSc_dummypage_">
      <PrintSpace HPOS="0"
                  VPOS="0"
                  WIDTH="1343"
                  HEIGHT="2150">
        
        <TextBlock HPOS="121"
                   VPOS="329"
                   WIDTH="1200"
                   HEIGHT="1618"
                   ID="eSc_textblock_56d9009d"
                   TAGREFS="BT16060">
          <Shape><Polygon POINTS="634 329 808 351 1034 336 1036 358 1106 365 1115 401 1199 415 1163 449 1228 458 1235 507 1292 537 1285 729 1249 860 1278 895 1271 1001 1192 1032 1194 1067 1242 1075 1235 1144 1271 1189 1249 1266 1285 1304 1278 1381 1228 1411 1278 1490 1299 1626 1321 1854 1278 1926 571 1926 699 1947 450 1947 329 1933 272 1875 265 1741 315 1689 279 1655 308 1646 344 1562 258 1540 349 1540 315 1517 315 1476 392 1454 394 1433 279 1359 294 1254 251 1175 308 1137 286 1039 358 1017 236 937 243 881 301 860 251 851 186 786 179 673 121 636 121 473 308 444 448 458 493 401 591 458 615 444 571 415 627 392 457 358 570 358 634 329"/></Shape>
          
          
          <TextLine ID="eSc_line_a3231a15"
                    TAGREFS="LT4834"
                    BASELINE="925 430 1081 424" 
                    HPOS="921"
                    VPOS="361"
                    WIDTH="160"
                    HEIGHT="106">
            <Shape><Polygon POINTS="925 430 927 453 941 446 946 451 961 465 961 467 962 467 964 467 966 467 1005 465 1007 465 1009 465 1034 444 1038 440 1081 438 1081 424 1077 372 1036 361 1034 361 1032 361 1031 361 1029 361 1005 379 1004 379 1002 379 961 374 959 374 957 374 921 385 925 430"/></Shape>
	    <String CONTENT=""
                    HPOS="921"
                    VPOS="361"
                    WIDTH="160"
                    HEIGHT="106"></String>
          </TextLine>

          
          
          <TextLine ID="eSc_line_3629eae4"
                    TAGREFS="LT4834"
                    BASELINE="961 347 989 344" 
                    HPOS="959"
                    VPOS="338"
                    WIDTH="32"
                    HEIGHT="38">
            <Shape><Polygon POINTS="977 338 959 338 961 347 966 376 991 363 989 344 987 338 977 338"/></Shape>
	    <String CONTENT=""
                    HPOS="959"
                    VPOS="338"
                    WIDTH="32"
                    HEIGHT="38"></String>
          </TextLine>

          
          
          <TextLine ID="eSc_line_f428da49"
                    TAGREFS="LT4834"
                    BASELINE="358 628 1219 632" 
                    HPOS="356"
                    VPOS="560"
                    WIDTH="863"
                    HEIGHT="113">
            <Shape><Polygon POINTS="358 628 356 641 464 643 466 645 484 659 485 659 487 659 489 659 552 648 600 670 602 670 604 671 688 671 688 670 690 670 735 652 751 645 871 655 887 655 905 671 907 671 909 671 910 673 1009 673 1009 671 1011 671 1013 671 1013 670 1025 659 1039 646 1102 646 1127 661 1143 671 1145 671 1147 671 1149 671 1151 671 1176 662 1194 655 1213 662 1219 632 1219 562 1122 562 1120 562 1118 562 1117 562 1113 566 1091 582 1056 584 1014 571 1013 571 1011 571 1009 571 1007 571 1007 573 987 589 930 580 928 580 927 580 887 593 833 575 790 560 788 560 787 560 785 560 783 560 762 578 745 591 717 591 704 580 684 562 684 560 683 560 681 560 650 560 649 560 647 560 604 584 584 594 523 594 514 585 494 569 493 569 491 569 489 569 487 569 485 569 485 571 467 587 462 593 358 593 358 628"/></Shape>
	    <String CONTENT="جموعه استمل برد و رساله مختصر در يفت"
                    HPOS="356"
                    VPOS="560"
                    WIDTH="863"
                    HEIGHT="113"
                    WC="0.8668596347173055"></String>
          </TextLine>

          
          
          <TextLine ID="eSc_line_a6d50826"
                    TAGREFS="LT4834"
                    BASELINE="758 788 844 782" 
                    HPOS="754"
                    VPOS="722"
                    WIDTH="90"
                    HEIGHT="93">
            <Shape><Polygon POINTS="758 788 758 813 803 815 805 815 806 815 808 815 808 813 817 804 821 800 844 800 844 782 837 722 754 739 758 788"/></Shape>
	    <String CONTENT=""
                    HPOS="754"
                    VPOS="722"
                    WIDTH="90"
                    HEIGHT="93"></String>
          </TextLine>

          
          
          <TextLine ID="eSc_line_e9420fb7"
                    TAGREFS="LT4834"
                    BASELINE="415 997 1183 983" 
                    HPOS="412"
                    VPOS="901"
                    WIDTH="771"
                    HEIGHT="131">
            <Shape><Polygon POINTS="415 997 415 1014 489 1032 491 1032 493 1032 534 1012 537 1012 584 1012 586 1012 640 1030 641 1030 643 1030 645 1030 647 1030 647 1028 649 1028 658 1017 684 1026 686 1026 688 1026 690 1026 692 1026 711 1010 713 1008 720 1010 767 1024 769 1024 771 1024 846 1008 857 1006 860 1008 889 1026 891 1026 892 1026 894 1026 1052 1023 1054 1023 1056 1023 1084 1005 1093 1001 1179 1003 1183 983 1176 901 1147 913 1109 903 1108 903 1106 903 1104 903 1102 903 1102 904 1061 947 980 949 943 949 905 911 905 910 903 910 901 910 900 910 898 910 826 951 772 953 754 953 704 910 702 910 701 910 699 910 697 910 663 924 622 911 620 911 618 911 616 911 615 911 548 956 527 956 469 915 467 915 466 915 412 915 415 997"/></Shape>
	    <String CONTENT="ماا با باسيد با"
                    HPOS="412"
                    VPOS="901"
                    WIDTH="771"
                    HEIGHT="131"
                    WC="0.9535726547241211"></String>
          </TextLine>

          
          
          <TextLine ID="eSc_line_f62aa968"
                    TAGREFS="LT4834"
                    BASELINE="460 1066 916 1057" 
                    HPOS="459"
                    VPOS="1021"
                    WIDTH="457"
                    HEIGHT="66">
            <Shape><Polygon POINTS="460 1066 460 1073 539 1087 541 1087 543 1087 545 1087 559 1075 564 1071 600 1071 613 1076 634 1085 636 1085 638 1085 640 1085 663 1076 670 1075 679 1076 704 1083 706 1083 708 1083 710 1083 727 1078 760 1067 794 1078 805 1082 806 1082 808 1082 810 1082 812 1082 812 1080 814 1078 828 1066 866 1066 910 1080 916 1057 909 1021 873 1032 817 1024 796 1023 794 1023 771 1026 729 1035 711 1030 693 1024 692 1024 690 1024 688 1024 674 1032 667 1035 659 1032 643 1024 641 1024 640 1024 638 1024 636 1024 623 1033 616 1037 591 1035 502 1028 500 1028 498 1028 459 1040 460 1066"/></Shape>
	    <String CONTENT=""
                    HPOS="459"
                    VPOS="1021"
                    WIDTH="457"
                    HEIGHT="66"></String>
          </TextLine>

          
          
          <TextLine ID="eSc_line_9ae53ac4"
                    TAGREFS="LT4834"
                    BASELINE="451 1352 667 1345" 
                    HPOS="448"
                    VPOS="1221"
                    WIDTH="219"
                    HEIGHT="163">
            <Shape><Polygon POINTS="451 1352 451 1370 476 1384 478 1384 480 1384 537 1383 539 1383 541 1383 541 1381 561 1363 564 1359 570 1361 600 1372 602 1372 604 1372 667 1356 667 1345 659 1221 561 1230 559 1230 557 1230 557 1232 548 1239 532 1257 448 1257 451 1352"/></Shape>
	    <String CONTENT=""
                    HPOS="448"
                    VPOS="1221"
                    WIDTH="219"
                    HEIGHT="163"></String>
          </TextLine>

          
          
          <TextLine ID="eSc_line_34ca3560"
                    TAGREFS="LT4834"
                    BASELINE="1106 1277 1127 1273" 
                    HPOS="1093"
                    VPOS="1200"
                    WIDTH="36"
                    HEIGHT="97">
            <Shape><Polygon POINTS="1106 1277 1108 1297 1129 1297 1127 1273 1113 1200 1093 1202 1106 1277"/></Shape>
	    <String CONTENT=""
                    HPOS="1093"
                    VPOS="1200"
                    WIDTH="36"
                    HEIGHT="97"></String>
          </TextLine>

          
          
          <TextLine ID="eSc_line_57b08dfb"
                    TAGREFS="LT4834"
                    BASELINE="546 1544 1009 1539" 
                    HPOS="545"
                    VPOS="1463"
                    WIDTH="464"
                    HEIGHT="110">
            <Shape><Polygon POINTS="546 1544 546 1549 615 1571 616 1571 618 1571 620 1571 661 1551 710 1549 735 1571 736 1571 738 1571 740 1573 796 1573 796 1571 797 1571 839 1548 857 1548 873 1548 875 1548 934 1569 935 1569 937 1569 939 1569 1009 1546 1009 1539 1002 1463 937 1490 882 1472 855 1463 853 1463 851 1463 774 1465 772 1465 771 1465 751 1481 747 1485 740 1481 706 1470 704 1470 702 1470 701 1470 699 1470 699 1472 684 1487 675 1494 625 1494 623 1490 606 1476 606 1474 604 1474 602 1474 600 1474 598 1474 597 1474 597 1476 575 1494 575 1496 545 1496 546 1544"/></Shape>
	    <String CONTENT="بسى قل العباد"
                    HPOS="545"
                    VPOS="1463"
                    WIDTH="464"
                    HEIGHT="110"
                    WC="0.9031908741364112"></String>
          </TextLine>

          
          
          <TextLine ID="eSc_line_4e00ad96"
                    TAGREFS="LT4834"
                    BASELINE="695 1662 892 1659" 
                    HPOS="693"
                    VPOS="1607"
                    WIDTH="199"
                    HEIGHT="84">
            <Shape><Polygon POINTS="695 1662 695 1673 744 1684 745 1684 767 1680 805 1671 833 1685 842 1689 844 1689 846 1691 892 1691 892 1659 885 1607 837 1625 823 1616 814 1608 812 1608 810 1608 808 1608 806 1608 805 1608 788 1619 767 1634 693 1634 695 1662"/></Shape>
	    <String CONTENT="أبو الف"
                    HPOS="693"
                    VPOS="1607"
                    WIDTH="199"
                    HEIGHT="84"
                    WC="0.8640257567167282"></String>
          </TextLine>

          
          
          <TextLine ID="eSc_line_e82b1677"
                    TAGREFS="LT4834"
                    BASELINE="464 1786 1149 1777" 
                    HPOS="462"
                    VPOS="1703"
                    WIDTH="687"
                    HEIGHT="115">
            <Shape><Polygon POINTS="464 1786 464 1795 530 1809 532 1809 611 1798 629 1814 629 1816 631 1816 632 1816 634 1816 636 1816 674 1798 692 1814 692 1816 693 1816 695 1816 697 1818 736 1818 736 1816 738 1816 815 1793 844 1793 866 1813 866 1814 867 1814 869 1814 871 1814 912 1813 914 1813 955 1791 977 1811 977 1813 979 1813 980 1813 982 1814 1011 1814 1011 1813 1034 1811 1036 1811 1038 1811 1038 1809 1057 1789 1088 1802 1090 1802 1091 1802 1093 1802 1149 1786 1149 1777 1145 1723 1027 1703 1025 1703 1023 1703 980 1723 935 1705 934 1705 932 1705 930 1705 891 1720 878 1709 876 1709 875 1709 873 1709 851 1714 849 1714 848 1714 826 1732 817 1739 754 1739 749 1734 731 1718 731 1716 729 1716 727 1716 623 1709 622 1709 620 1709 618 1709 575 1739 571 1739 534 1730 532 1730 530 1730 528 1730 514 1741 511 1743 462 1743 464 1786"/></Shape>
	    <String CONTENT="در مطيع مظفری مغم بندر"
                    HPOS="462"
                    VPOS="1703"
                    WIDTH="687"
                    HEIGHT="115"
                    WC="0.9248634292320772"></String>
          </TextLine>

          
          
          <TextLine ID="eSc_line_3b4873aa"
                    TAGREFS="LT4834"
                    BASELINE="322 1884 1278 1884" 
                    HPOS="322"
                    VPOS="1811"
                    WIDTH="956"
                    HEIGHT="115">
            <Shape><Polygon POINTS="322 1884 324 1924 347 1913 381 1920 383 1920 385 1920 387 1920 387 1918 401 1908 523 1913 532 1922 532 1924 534 1924 536 1924 537 1924 539 1924 541 1924 580 1908 744 1908 762 1922 762 1924 763 1924 765 1924 767 1924 774 1924 880 1908 948 1924 953 1924 955 1926 1061 1926 1061 1924 1063 1924 1065 1924 1095 1908 1165 1908 1185 1924 1187 1924 1188 1924 1190 1924 1278 1922 1278 1884 1278 1834 1217 1811 1215 1811 1088 1811 1086 1811 1084 1811 995 1836 892 1836 860 1818 858 1818 857 1818 855 1818 853 1818 853 1820 837 1834 794 1820 792 1820 790 1820 788 1820 787 1820 787 1822 771 1836 729 1836 708 1814 708 1813 706 1813 704 1813 591 1811 589 1811 588 1811 586 1811 559 1834 525 1811 523 1811 521 1811 485 1811 484 1811 482 1811 419 1836 322 1836 322 1884"/></Shape>
	    <String CONTENT="بيايخه ا جری نبوی مطابقه اى به طبع رسيد"
                    HPOS="322"
                    VPOS="1811"
                    WIDTH="956"
                    HEIGHT="115"
                    WC="0.8253674721106504"></String>
          </TextLine>

          
        </TextBlock>
        
        <TextBlock HPOS="758"
                   VPOS="1110"
                   WIDTH="91"
                   HEIGHT="56"
                   ID="eSc_textblock_ed0eb543"
                   TAGREFS="BT16059">
          <Shape><Polygon POINTS="788 1110 849 1132 849 1159 779 1166 758 1125 788 1110"/></Shape>
          
          
          <TextLine ID="eSc_line_9fedad51"
                    TAGREFS="LT4834"
                    BASELINE="772 1155 801 1152" 
                    HPOS="771"
                    VPOS="1110"
                    WIDTH="30"
                    HEIGHT="70">
            <Shape><Polygon POINTS="785 1110 783 1110 771 1144 772 1155 774 1175 801 1180 801 1152 790 1110 785 1110"/></Shape>
	    <String CONTENT=""
                    HPOS="771"
                    VPOS="1110"
                    WIDTH="30"
                    HEIGHT="70"></String>
          </TextLine>

          
        </TextBlock>
        
        <TextBlock HPOS="751"
                   VPOS="1039"
                   WIDTH="190"
                   HEIGHT="41"
                   ID="eSc_textblock_4e9ff8e3"
                   TAGREFS="BT16059">
          <Shape><Polygon POINTS="790 1039 927 1039 941 1066 794 1080 792 1051 751 1051 790 1039"/></Shape>
          
        </TextBlock>
        
        <TextBlock HPOS="243"
                   VPOS="1053"
                   WIDTH="27"
                   HEIGHT="13"
                   ID="eSc_textblock_bfe4f572"
                   TAGREFS="BT16060">
          <Shape><Polygon POINTS="247 1053 270 1053 270 1058 243 1066 247 1053"/></Shape>
          
        </TextBlock>
        
        <TextBlock HPOS="236"
                   VPOS="336"
                   WIDTH="77"
                   HEIGHT="27"
                   ID="eSc_textblock_c15961f1"
                   TAGREFS="BT16060">
          <Shape><Polygon POINTS="306 336 313 363 236 363 236 344 306 336"/></Shape>
          
        </TextBlock>
        
        <TextBlock HPOS="493"
                   VPOS="236"
                   WIDTH="77"
                   HEIGHT="27"
                   ID="eSc_textblock_96a01792"
                   TAGREFS="BT16060">
          <Shape><Polygon POINTS="519 236 563 236 570 249 493 263 519 236"/></Shape>
          
        </TextBlock>
        
        <TextBlock HPOS="571"
                   VPOS="308"
                   WIDTH="85"
                   HEIGHT="5"
                   ID="eSc_textblock_037299de"
                   TAGREFS="BT16060">
          <Shape><Polygon POINTS="575 308 656 308 656 313 571 313 575 308"/></Shape>
          
        </TextBlock>
        
        <TextBlock HPOS="943"
                   VPOS="315"
                   WIDTH="19"
                   HEIGHT="5"
                   ID="eSc_textblock_2c39843e"
                   TAGREFS="BT16060">
          <Shape><Polygon POINTS="948 315 962 315 962 320 943 320 948 315"/></Shape>
          
        </TextBlock>
        
        <TextBlock HPOS="715"
                   VPOS="1053"
                   WIDTH="34"
                   HEIGHT="27"
                   ID="eSc_textblock_2c750746"
                   TAGREFS="BT16064">
          <Shape><Polygon POINTS="717 1053 742 1053 749 1073 715 1080 717 1053"/></Shape>
          
        </TextBlock>
        
        <TextBlock HPOS="830"
                   VPOS="1067"
                   WIDTH="12"
                   HEIGHT="6"
                   ID="eSc_textblock_cd4d506e"
                   TAGREFS="BT16064">
          <Shape><Polygon POINTS="831 1067 842 1067 842 1073 830 1073 831 1067"/></Shape>
          
        </TextBlock>
        
        <TextBlock HPOS="808"
                   VPOS="752"
                   WIDTH="49"
                   HEIGHT="20"
                   ID="eSc_textblock_9b61b3bc"
                   TAGREFS="BT16059">
          <Shape><Polygon POINTS="819 752 849 759 857 772 808 772 819 752"/></Shape>
          
        </TextBlock>
        

        
        <TextBlock ID="eSc_dummyblock_">
          
          
          <TextLine ID="eSc_line_f0fd8b5b"
                    TAGREFS="LT4834"
                    BASELINE="152 168 193 166" 
                    HPOS="148"
                    VPOS="116"
                    WIDTH="45"
                    HEIGHT="95">
            <Shape><Polygon POINTS="152 168 154 211 193 202 193 166 186 116 148 125 152 168"/></Shape>
	    <String CONTENT=""
                    HPOS="148"
                    VPOS="116"
                    WIDTH="45"
                    HEIGHT="95"></String>
          </TextLine>

          
          
          <TextLine ID="eSc_line_d5e897f9"
                    TAGREFS="LT4834"
                    BASELINE="351 170 371 172" 
                    HPOS="347"
                    VPOS="143"
                    WIDTH="24"
                    HEIGHT="64">
            <Shape><Polygon POINTS="351 170 347 200 363 207 371 172 371 145 353 143 351 170"/></Shape>
	    <String CONTENT=""
                    HPOS="347"
                    VPOS="143"
                    WIDTH="24"
                    HEIGHT="64"></String>
          </TextLine>

          
          
          <TextLine ID="eSc_line_7f59ed65"
                    TAGREFS="LT4834"
                    BASELINE="118 256 143 249" 
                    HPOS="93"
                    VPOS="163"
                    WIDTH="55"
                    HEIGHT="116">
            <Shape><Polygon POINTS="118 256 125 279 148 270 143 249 114 163 93 173 118 256"/></Shape>
	    <String CONTENT=""
                    HPOS="93"
                    VPOS="163"
                    WIDTH="55"
                    HEIGHT="116"></String>
          </TextLine>

          
          
          <TextLine ID="eSc_line_558f20fb"
                    TAGREFS="LT4834"
                    BASELINE="134 315 358 308 446 295" 
                    HPOS="130"
                    VPOS="250"
                    WIDTH="316"
                    HEIGHT="95">
            <Shape><Polygon POINTS="134 315 134 333 155 345 157 345 159 345 227 335 285 340 286 340 288 340 349 318 446 309 446 295 439 254 394 261 380 258 358 250 356 250 355 250 353 250 308 263 304 263 303 263 279 254 277 254 276 254 130 274 134 315"/></Shape>
	    <String CONTENT="نل"
                    HPOS="130"
                    VPOS="250"
                    WIDTH="316"
                    HEIGHT="95"
                    WC="0.5876551568508148"></String>
          </TextLine>

          
          
          <TextLine ID="eSc_line_b102af0b"
                    TAGREFS="LT4834"
                    BASELINE="383 413 444 403" 
                    HPOS="372"
                    VPOS="347"
                    WIDTH="74"
                    HEIGHT="104">
            <Shape><Polygon POINTS="383 413 390 451 446 421 444 403 435 354 399 347 398 347 396 347 394 347 372 361 383 413"/></Shape>
	    <String CONTENT=""
                    HPOS="372"
                    VPOS="347"
                    WIDTH="74"
                    HEIGHT="104"></String>
          </TextLine>

          
        </TextBlock>
        
      </PrintSpace>
    </Page>
  </Layout>
</alto>
