<?xml version="1.0" encoding="UTF-8"?>
<alto xmlns:xsi="http://www.w3.org/2001/XMLSchema-instance"
      xmlns="http://www.loc.gov/standards/alto/ns-v4#"
      xsi:schemaLocation="http://www.loc.gov/standards/alto/ns-v4# http://www.loc.gov/standards/alto/v4/alto-4-2.xsd">
  <Description>
    <MeasurementUnit>pixel</MeasurementUnit>
    <sourceImageInformation>
      <fileName>TwoIsmailiTreatises029.jpg</fileName>
      
    </sourceImageInformation>
  </Description>
  
  <Tags>
    <OtherTag ID="BT16074" LABEL="MarginTextZone:commentary" DESCRIPTION="block type MarginTextZone:commentary"/><OtherTag ID="BT16073" LABEL="MarginTextZone:note#1" DESCRIPTION="block type MarginTextZone:note#1"/><OtherTag ID="BT16072" LABEL="MainZone:column#2" DESCRIPTION="block type MainZone:column#2"/><OtherTag ID="BT16071" LABEL="MainZone:column#3" DESCRIPTION="block type MainZone:column#3"/><OtherTag ID="BT16070" LABEL="GraphicZone:illustration" DESCRIPTION="block type GraphicZone:illustration"/><OtherTag ID="BT16069" LABEL="MainZone:column#1" DESCRIPTION="block type MainZone:column#1"/><OtherTag ID="BT16068" LABEL="MarginTextZone:note#2" DESCRIPTION="block type MarginTextZone:note#2"/><OtherTag ID="BT16067" LABEL="CustomZone:publication" DESCRIPTION="block type CustomZone:publication"/><OtherTag ID="BT16066" LABEL="RunningTitleZone" DESCRIPTION="block type RunningTitleZone"/><OtherTag ID="BT16065" LABEL="NumberingZone" DESCRIPTION="block type NumberingZone"/><OtherTag ID="BT16064" LABEL="default" DESCRIPTION="block type default"/><OtherTag ID="BT16063" LABEL="TitlePageZone" DESCRIPTION="block type TitlePageZone"/><OtherTag ID="BT16062" LABEL="NumberingZone:other" DESCRIPTION="block type NumberingZone:other"/><OtherTag ID="BT16061" LABEL="QuireMarksZone:catchwords" DESCRIPTION="block type QuireMarksZone:catchwords"/><OtherTag ID="BT16060" LABEL="MainZone" DESCRIPTION="block type MainZone"/><OtherTag ID="BT16059" LABEL="NumberingZone:page" DESCRIPTION="block type NumberingZone:page"/><OtherTag ID="BT16058" LABEL="MarginTextZone:note" DESCRIPTION="block type MarginTextZone:note"/><OtherTag ID="BT16057" LABEL="DigitizationArtefactZone" DESCRIPTION="block type DigitizationArtefactZone"/><OtherTag ID="BT4" LABEL="Illustration" DESCRIPTION="block type Illustration"/><OtherTag ID="BT3" LABEL="Commentary" DESCRIPTION="block type Commentary"/><OtherTag ID="BT2" LABEL="Main" DESCRIPTION="block type Main"/><OtherTag ID="BT1" LABEL="Title" DESCRIPTION="block type Title"/>
    <OtherTag ID="LT4834" LABEL="DefaultLine" DESCRIPTION="line type DefaultLine"/><OtherTag ID="LT4835" LABEL="HeadingLine:title" DESCRIPTION="line type HeadingLine:title"/>
  </Tags>
  
  <Layout>
    <Page WIDTH="1269"
          HEIGHT="2108"
          PHYSICAL_IMG_NR="25"
          ID="eSc_dummypage_">
      <PrintSpace HPOS="0"
                  VPOS="0"
                  WIDTH="1269"
                  HEIGHT="2108">
        
        <TextBlock HPOS="56"
                   VPOS="231"
                   WIDTH="980"
                   HEIGHT="1650"
                   ID="eSc_textblock_c19f9e10"
                   TAGREFS="BT16060">
          <Shape><Polygon POINTS="112 231 1022 245 1036 1220 1001 1768 952 1881 56 1874 70 344 84 252 112 231"/></Shape>
          
          
          <TextLine ID="eSc_line_ce2f6dda"
                    TAGREFS="LT4834"
                    BASELINE="96 303 1003 309" 
                    HPOS="94"
                    VPOS="251"
                    WIDTH="909"
                    HEIGHT="89">
            <Shape><Polygon POINTS="96 303 94 319 128 337 130 337 131 337 133 337 181 324 196 337 198 337 200 337 202 339 304 339 304 337 305 337 307 337 325 321 351 333 353 333 355 333 456 326 486 339 488 339 490 340 585 340 585 339 587 339 588 339 604 324 620 337 620 339 622 339 623 339 625 339 627 339 655 324 754 324 785 340 787 340 789 340 790 340 792 340 812 324 841 340 843 340 845 340 847 340 848 340 866 324 1001 323 1003 309 1001 277 878 254 877 254 729 275 722 275 720 275 701 256 701 254 699 254 697 254 674 252 639 252 638 252 636 252 634 252 634 254 611 274 611 275 453 275 451 274 437 265 435 265 434 265 432 265 430 265 404 274 402 274 386 258 386 256 384 256 383 256 381 256 355 261 342 251 340 251 339 251 316 251 314 251 312 251 311 251 284 272 226 268 198 251 196 251 195 251 149 251 147 251 145 251 96 270 96 303"/></Shape>
	    <String CONTENT="سه طايفه خيوان است س آن قوت نورهی هر چه در آباو"
                    HPOS="94"
                    VPOS="251"
                    WIDTH="909"
                    HEIGHT="89"
                    WC="0.8696585948369941"></String>
          </TextLine>

          
          
          <TextLine ID="eSc_line_235014a3"
                    TAGREFS="LT4834"
                    BASELINE="152 412 639 400 1007 407" 
                    HPOS="151"
                    VPOS="344"
                    WIDTH="856"
                    HEIGHT="91">
            <Shape><Polygon POINTS="152 412 154 435 217 419 307 421 333 435 335 435 337 435 339 435 340 435 344 433 383 418 578 419 594 430 595 430 597 430 599 430 655 421 701 428 703 428 704 428 725 418 771 430 773 430 775 430 776 430 973 421 1003 428 1007 407 1005 365 868 356 866 356 864 356 862 356 852 365 838 354 836 354 834 354 833 354 831 354 829 354 829 356 819 367 813 372 759 372 754 367 739 354 738 354 736 354 685 354 683 354 681 354 680 354 662 368 655 374 544 374 539 370 525 360 523 360 522 360 467 360 448 344 446 344 444 344 370 344 369 344 367 344 365 344 337 367 305 367 286 347 286 346 284 346 282 346 281 346 182 347 181 347 179 347 151 368 152 412"/></Shape>
	    <String CONTENT="امهات و مواليد الطاف زنده است در تخص مردم"
                    HPOS="151"
                    VPOS="344"
                    WIDTH="856"
                    HEIGHT="91"
                    WC="0.9333338817445244"></String>
          </TextLine>

          
          
          <TextLine ID="eSc_line_e54382d9"
                    TAGREFS="LT4834"
                    BASELINE="103 498 998 507" 
                    HPOS="101"
                    VPOS="442"
                    WIDTH="897"
                    HEIGHT="95">
            <Shape><Polygon POINTS="103 498 101 511 163 512 175 525 175 527 177 527 179 527 181 527 182 527 212 514 244 530 246 530 247 530 318 516 333 528 335 528 337 528 339 528 340 528 342 528 356 518 460 534 462 534 537 521 580 534 581 534 583 534 645 519 676 535 678 535 680 535 746 519 766 535 768 535 769 535 771 537 812 537 812 535 813 535 815 535 831 523 843 532 845 532 847 532 848 532 885 527 938 537 940 537 942 537 943 537 943 535 959 521 996 521 998 507 998 449 961 449 959 449 957 449 956 449 929 472 919 463 917 463 915 463 913 463 912 463 910 463 910 465 901 474 845 474 824 451 822 451 822 449 820 449 819 449 817 449 815 449 806 451 778 462 759 453 757 453 755 453 754 453 752 453 752 454 734 469 674 462 673 462 671 462 641 470 620 454 615 451 613 451 611 451 609 451 608 451 597 456 580 465 562 456 543 446 541 446 539 446 537 446 509 458 481 469 449 458 442 456 441 456 439 456 425 458 390 467 383 460 376 454 376 453 374 453 372 453 370 453 369 453 348 460 332 467 325 460 309 446 309 444 307 444 305 444 282 442 281 442 228 453 196 442 195 442 193 442 191 442 189 442 189 444 172 458 152 446 151 446 149 446 147 446 145 446 103 463 103 498"/></Shape>
	    <String CONTENT="می گرداند و باين صورت خاص بخدانی میرساند پس بحکم اضا"
                    HPOS="101"
                    VPOS="442"
                    WIDTH="897"
                    HEIGHT="95"
                    WC="0.8760905271539321"></String>
          </TextLine>

          
          
          <TextLine ID="eSc_line_1bde32da"
                    TAGREFS="LT4834"
                    BASELINE="89 591 1000 606" 
                    HPOS="87"
                    VPOS="535"
                    WIDTH="913"
                    HEIGHT="116">
            <Shape><Polygon POINTS="89 591 87 606 128 613 151 635 151 637 152 637 154 637 156 637 254 628 256 628 290 614 326 641 328 641 330 641 332 642 362 642 362 641 363 641 365 641 365 639 395 613 474 642 476 642 544 644 546 644 548 644 550 644 585 616 796 618 796 620 824 646 824 648 826 648 827 648 885 649 887 651 935 651 935 649 936 649 998 623 1000 606 1000 572 931 572 929 570 885 546 884 546 882 546 880 546 878 546 866 555 808 546 806 546 804 546 803 546 803 548 782 569 780 569 738 567 715 567 703 555 703 553 701 553 699 553 697 553 696 553 667 567 666 567 664 567 625 548 623 548 622 548 620 548 590 558 464 542 462 542 460 542 458 542 435 562 365 546 363 546 362 546 360 546 360 548 346 562 344 563 318 563 314 560 254 537 253 537 191 535 189 535 188 535 186 535 161 556 89 556 89 591"/></Shape>
	    <String CONTENT="مردم عالم پرا كنده است عالم چسمانی و عالم ردجانی بحکم صفت"
                    HPOS="87"
                    VPOS="535"
                    WIDTH="913"
                    HEIGHT="116"
                    WC="0.9087128513737729"></String>
          </TextLine>

          
          
          <TextLine ID="eSc_line_19bb9fce"
                    TAGREFS="LT4834"
                    BASELINE="87 683 801 695 991 706" 
                    HPOS="86"
                    VPOS="637"
                    WIDTH="905"
                    HEIGHT="100">
            <Shape><Polygon POINTS="87 683 86 695 130 706 131 706 163 700 177 697 184 700 216 720 217 720 219 720 221 720 223 720 224 720 242 704 249 699 300 699 307 706 319 718 319 720 321 720 323 720 325 720 326 720 351 707 360 704 367 709 370 713 372 713 374 713 376 713 377 713 384 709 395 706 409 711 455 729 456 729 553 730 555 730 557 730 594 720 625 711 659 720 660 720 662 720 664 720 711 707 731 720 732 720 734 720 736 720 794 714 815 730 822 736 824 736 826 736 827 737 889 737 889 736 891 736 892 736 892 734 894 734 913 714 986 737 991 706 991 671 862 648 824 648 822 648 820 648 819 648 799 662 783 653 782 653 780 653 778 653 776 653 776 655 766 664 725 649 724 649 722 649 720 649 683 664 669 651 667 651 666 651 664 651 662 651 638 664 636 664 599 642 597 642 546 641 492 641 490 641 488 641 486 641 486 642 471 656 460 646 460 644 458 644 456 644 455 644 453 644 432 656 416 642 414 642 413 642 411 642 409 642 407 642 383 658 381 658 348 637 346 637 344 637 342 637 268 642 267 642 265 642 247 655 188 644 186 644 87 651 87 683"/></Shape>
	    <String CONTENT="برد و عالم پرا كنده است و مردم به جمع اند از ين سب است"
                    HPOS="86"
                    VPOS="637"
                    WIDTH="905"
                    HEIGHT="100"
                    WC="0.8903510669867197"></String>
          </TextLine>

          
          
          <TextLine ID="eSc_line_fa852460"
                    TAGREFS="LT4834"
                    BASELINE="96 778 1003 794" 
                    HPOS="94"
                    VPOS="730"
                    WIDTH="909"
                    HEIGHT="99">
            <Shape><Polygon POINTS="96 778 94 790 138 806 140 806 142 806 144 806 188 794 203 808 203 809 205 809 207 809 209 809 210 809 212 809 212 808 228 795 233 795 288 795 290 795 312 815 314 815 316 815 318 815 319 815 351 799 362 799 420 799 421 799 444 820 446 820 448 820 499 822 500 822 502 822 569 804 576 802 581 804 604 815 606 815 608 815 609 815 643 806 657 802 666 806 706 825 708 825 710 827 766 827 766 825 768 825 769 825 769 823 785 809 789 804 801 809 812 815 813 815 815 815 817 815 833 811 852 806 859 811 873 825 873 827 875 827 877 827 901 829 903 829 1001 815 1003 794 998 739 971 762 933 746 931 746 929 746 928 746 899 757 873 741 871 741 870 741 868 741 820 748 806 737 801 732 799 732 797 732 692 730 690 730 688 730 687 730 678 737 645 758 483 757 442 737 441 737 439 737 437 737 381 753 367 739 367 737 365 737 363 737 358 736 318 732 316 732 314 732 305 736 272 751 214 736 202 732 200 732 198 732 196 732 195 732 195 734 191 736 177 750 140 750 121 736 117 732 116 732 114 732 112 732 96 734 96 778"/></Shape>
	    <String CONTENT="که عالم را آنسان گيرگويند و مردم را آنسان صغير خوانند و"
                    HPOS="94"
                    VPOS="730"
                    WIDTH="909"
                    HEIGHT="99"
                    WC="0.9108296737336276"></String>
          </TextLine>

          
          
          <TextLine ID="eSc_line_73fb708f"
                    TAGREFS="LT4834"
                    BASELINE="91 885 646 883 994 892" 
                    HPOS="89"
                    VPOS="822"
                    WIDTH="905"
                    HEIGHT="93">
            <Shape><Polygon POINTS="91 885 89 894 133 897 145 909 145 911 147 911 149 911 151 911 152 911 154 911 172 895 174 895 232 909 233 909 235 909 260 897 272 897 333 897 335 897 355 913 356 913 358 913 360 913 362 913 404 902 421 909 423 909 425 909 427 909 449 897 464 911 464 913 465 913 467 913 469 913 585 899 595 899 666 899 667 901 683 913 683 915 685 915 687 915 688 915 757 902 820 915 822 915 824 915 826 915 826 913 838 902 841 899 868 899 871 902 884 913 884 915 885 915 887 915 889 915 993 902 994 892 994 855 936 855 935 853 880 825 878 825 877 825 829 830 827 830 826 830 797 850 792 853 780 850 736 836 734 836 732 836 731 836 729 836 713 848 710 850 706 848 683 829 681 829 680 829 678 829 676 829 674 829 648 846 638 853 625 846 595 830 594 830 592 830 590 830 588 830 571 844 546 834 544 834 543 834 541 834 520 844 504 851 476 843 472 843 471 843 469 843 460 843 376 851 365 841 360 837 360 836 358 836 356 836 325 836 323 836 321 836 312 839 290 851 270 839 244 822 242 822 240 822 103 822 101 822 100 822 98 822 91 827 91 885"/></Shape>
	    <String CONTENT="ز روی حقيقت عالم را آنسان صغير و مردم را آنسان کبير گفه"
                    HPOS="89"
                    VPOS="822"
                    WIDTH="905"
                    HEIGHT="93"
                    WC="0.8899897232390287"></String>
          </TextLine>

          
          
          <TextLine ID="eSc_line_d10fa6f6"
                    TAGREFS="LT4834"
                    BASELINE="79 976 987 985" 
                    HPOS="77"
                    VPOS="908"
                    WIDTH="910"
                    HEIGHT="112">
            <Shape><Polygon POINTS="79 976 77 994 100 1011 101 1011 103 1011 105 1011 107 1011 151 989 152 989 309 989 314 992 340 1008 342 1008 344 1008 346 1008 348 1008 349 1008 370 992 372 992 374 992 381 999 383 999 384 999 386 999 388 999 390 999 398 994 404 990 458 992 458 994 479 1013 479 1015 481 1015 483 1015 485 1017 609 1017 609 1015 611 1015 660 997 680 1015 680 1017 681 1017 683 1017 685 1018 710 1018 710 1017 711 1017 713 1017 741 999 750 994 787 996 789 999 806 1017 806 1018 808 1018 810 1018 812 1020 871 1020 871 1018 873 1018 875 1018 875 1017 887 1006 903 1018 905 1018 906 1018 908 1018 910 1018 940 1008 963 1017 964 1017 966 1017 968 1017 970 1017 986 1003 987 985 982 924 945 948 877 932 875 932 806 939 790 927 773 913 771 913 769 913 768 913 717 924 704 913 703 913 701 913 639 913 638 913 636 913 634 913 608 932 592 943 558 945 523 943 514 934 511 931 511 929 509 929 507 929 506 929 504 929 502 929 495 934 474 945 319 945 312 938 305 932 305 931 304 931 302 931 300 931 275 932 249 909 249 908 247 908 246 908 145 908 144 908 142 908 79 939 79 976"/></Shape>
	    <String CONTENT="پس عالم است که جمع عصيل مردم است و مردم است که افضيل"
                    HPOS="77"
                    VPOS="908"
                    WIDTH="910"
                    HEIGHT="112"
                    WC="0.8768161672812241"></String>
          </TextLine>

          
          
          <TextLine ID="eSc_line_0ab6dc55"
                    TAGREFS="LT4834"
                    BASELINE="86 1071 989 1075" 
                    HPOS="84"
                    VPOS="1011"
                    WIDTH="905"
                    HEIGHT="102">
            <Shape><Polygon POINTS="86 1071 84 1090 168 1087 198 1094 205 1096 207 1096 209 1096 210 1096 214 1094 226 1087 233 1094 247 1108 247 1110 249 1110 251 1110 253 1110 254 1110 256 1110 275 1096 288 1087 386 1087 400 1097 418 1110 420 1110 421 1110 423 1110 425 1110 427 1110 446 1097 456 1090 471 1097 479 1101 481 1101 483 1101 485 1101 492 1097 504 1092 511 1097 527 1110 529 1110 530 1110 532 1110 534 1110 565 1099 594 1089 622 1089 634 1099 650 1111 652 1111 653 1111 655 1113 717 1113 717 1111 718 1111 743 1101 769 1089 827 1092 836 1101 845 1110 845 1111 847 1111 848 1111 850 1113 908 1113 908 1111 910 1111 912 1111 912 1110 920 1103 924 1101 928 1103 940 1111 942 1111 943 1111 945 1111 987 1103 989 1075 984 1018 940 1036 906 1020 903 1018 901 1018 899 1018 898 1018 894 1020 850 1039 822 1029 820 1029 819 1029 761 1039 722 1024 696 1013 694 1013 634 1013 632 1013 630 1013 590 1027 557 1038 539 1027 525 1018 523 1018 522 1018 520 1018 478 1027 446 1011 444 1011 442 1011 441 1011 439 1011 439 1013 425 1025 379 1018 377 1018 376 1018 374 1018 356 1031 346 1039 247 1039 242 1034 221 1013 221 1011 219 1011 217 1011 179 1011 177 1011 175 1011 86 1036 86 1071"/></Shape>
	    <String CONTENT="جمع عالم است و عالم پرا کنده چون جمع نود زندگی مردش"
                    HPOS="84"
                    VPOS="1011"
                    WIDTH="905"
                    HEIGHT="102"
                    WC="0.9098553920493406"></String>
          </TextLine>

          
          
          <TextLine ID="eSc_line_196bfc74"
                    TAGREFS="LT4834"
                    BASELINE="87 1162 993 1173" 
                    HPOS="86"
                    VPOS="1111"
                    WIDTH="907"
                    HEIGHT="95">
            <Shape><Polygon POINTS="87 1162 86 1175 140 1176 163 1194 165 1194 166 1194 168 1194 170 1194 224 1178 284 1189 286 1189 333 1180 388 1192 390 1192 391 1192 423 1183 441 1199 441 1201 442 1201 444 1201 446 1203 486 1203 486 1201 488 1201 490 1201 490 1199 504 1187 537 1203 539 1203 541 1203 543 1203 544 1203 562 1191 572 1199 572 1201 574 1201 576 1201 578 1201 620 1194 662 1203 664 1203 666 1203 667 1203 683 1191 724 1205 725 1205 727 1206 803 1206 803 1205 804 1205 806 1205 829 1187 878 1196 880 1196 991 1185 993 1173 989 1120 919 1141 833 1131 831 1131 694 1140 639 1126 629 1122 627 1122 625 1122 581 1126 580 1126 578 1126 578 1127 564 1138 502 1138 490 1127 478 1115 476 1115 474 1115 423 1115 421 1115 420 1115 418 1115 418 1117 406 1127 381 1118 379 1118 377 1118 376 1118 356 1129 349 1133 342 1129 318 1113 316 1113 314 1113 239 1111 237 1111 138 1122 124 1113 123 1113 121 1113 119 1113 117 1113 116 1113 87 1129 87 1162"/></Shape>
	    <String CONTENT="خوانند و مردم زنده چون بمیرند و يرا کنده شوند آن دفت"
                    HPOS="86"
                    VPOS="1111"
                    WIDTH="907"
                    HEIGHT="95"
                    WC="0.9012993068065284"></String>
          </TextLine>

          
          
          <TextLine ID="eSc_line_8d243a7b"
                    TAGREFS="LT4834"
                    BASELINE="84 1264 989 1270" 
                    HPOS="82"
                    VPOS="1203"
                    WIDTH="907"
                    HEIGHT="98">
            <Shape><Polygon POINTS="84 1264 82 1277 123 1292 124 1292 126 1292 128 1292 170 1278 298 1291 300 1291 302 1291 304 1291 319 1280 383 1298 384 1298 386 1298 388 1298 390 1298 400 1289 434 1298 435 1298 437 1298 439 1298 441 1298 460 1280 511 1298 513 1298 514 1298 516 1298 576 1280 601 1298 602 1298 604 1298 690 1299 692 1299 694 1299 696 1299 727 1282 861 1282 882 1299 884 1299 885 1299 887 1301 950 1301 950 1299 952 1299 987 1280 989 1270 989 1222 975 1212 973 1212 971 1212 875 1206 873 1206 871 1206 810 1227 794 1233 780 1227 734 1206 732 1206 660 1205 659 1205 657 1205 655 1205 655 1206 632 1227 629 1233 574 1233 567 1227 541 1205 539 1205 537 1205 518 1205 516 1205 514 1205 513 1205 513 1206 499 1220 478 1210 476 1210 474 1210 472 1210 471 1210 471 1212 453 1229 448 1234 386 1234 374 1229 305 1203 304 1203 302 1203 195 1229 186 1231 84 1231 84 1264"/></Shape>
	    <String CONTENT="عالم پرا کنده آش گويند الله الحق وتبارک الله رب"
                    HPOS="82"
                    VPOS="1203"
                    WIDTH="907"
                    HEIGHT="98"
                    WC="0.8506229755779108"></String>
          </TextLine>

          
          
          <TextLine ID="eSc_line_06ec4800"
                    TAGREFS="LT4834"
                    BASELINE="79 1363 993 1363" 
                    HPOS="79"
                    VPOS="1303"
                    WIDTH="914"
                    HEIGHT="97">
            <Shape><Polygon POINTS="79 1363 79 1382 98 1398 100 1398 101 1398 103 1400 149 1400 149 1398 151 1398 193 1377 196 1377 232 1377 235 1377 254 1391 256 1391 258 1391 260 1391 261 1391 263 1391 263 1389 275 1378 291 1380 305 1393 305 1394 307 1394 309 1394 311 1394 312 1394 314 1394 332 1380 370 1377 383 1377 384 1377 404 1396 404 1398 406 1398 407 1398 409 1400 435 1400 435 1398 437 1398 439 1398 439 1396 458 1378 511 1386 513 1386 514 1386 539 1377 560 1396 560 1398 562 1398 564 1398 565 1398 630 1389 641 1398 643 1398 645 1398 646 1400 717 1400 717 1398 718 1398 720 1398 738 1386 759 1394 761 1394 762 1394 764 1394 808 1382 871 1396 873 1396 875 1396 877 1396 901 1378 993 1375 993 1363 993 1315 970 1303 968 1303 966 1303 924 1303 922 1303 920 1303 919 1303 894 1319 882 1328 769 1328 745 1321 688 1303 687 1303 685 1303 683 1303 681 1303 681 1305 662 1321 653 1329 606 1329 599 1322 592 1315 592 1313 590 1313 588 1313 587 1313 585 1313 569 1322 557 1329 497 1329 479 1322 446 1312 444 1312 442 1312 441 1312 439 1312 425 1322 418 1329 391 1329 381 1322 349 1308 348 1308 346 1308 344 1308 304 1324 302 1324 281 1305 279 1305 277 1305 232 1303 230 1303 228 1303 226 1303 193 1324 189 1326 188 1324 165 1305 165 1303 163 1303 161 1303 100 1303 98 1303 96 1303 94 1303 94 1305 79 1321 79 1363"/></Shape>
	    <String CONTENT="العالمين در باب چم صفت عالم روحانی را به الجام خوا"
                    HPOS="79"
                    VPOS="1303"
                    WIDTH="914"
                    HEIGHT="97"
                    WC="0.921301143169403"></String>
          </TextLine>

          
          
          <TextLine ID="eSc_line_09579186"
                    TAGREFS="LT4834"
                    BASELINE="93 1466 984 1461" 
                    HPOS="91"
                    VPOS="1400"
                    WIDTH="893"
                    HEIGHT="94">
            <Shape><Polygon POINTS="93 1466 93 1480 265 1494 267 1494 268 1494 270 1494 270 1493 282 1480 290 1475 307 1480 319 1484 321 1484 323 1484 325 1484 333 1480 348 1475 362 1480 393 1493 395 1493 397 1493 398 1493 435 1480 456 1473 472 1480 478 1482 479 1482 481 1482 483 1482 485 1482 486 1480 493 1477 497 1480 506 1487 506 1489 507 1489 509 1489 511 1489 513 1489 514 1489 523 1482 536 1491 536 1493 537 1493 539 1493 541 1494 587 1494 587 1493 588 1493 590 1493 604 1480 615 1473 652 1473 662 1480 674 1489 676 1489 678 1489 680 1489 681 1489 683 1489 683 1487 685 1487 690 1480 694 1477 720 1480 755 1484 757 1484 759 1484 766 1480 780 1472 790 1480 801 1487 803 1487 804 1487 806 1487 808 1487 838 1480 873 1472 980 1479 984 1461 980 1424 929 1424 913 1410 912 1410 910 1410 908 1410 906 1410 905 1410 887 1424 850 1424 831 1405 831 1403 829 1403 827 1403 773 1400 771 1400 769 1400 713 1422 703 1412 703 1410 701 1410 699 1410 697 1410 696 1410 667 1421 646 1410 645 1410 643 1410 641 1410 613 1424 543 1401 541 1401 539 1401 537 1401 536 1401 507 1426 427 1426 414 1414 414 1412 413 1412 411 1412 337 1403 335 1403 333 1403 332 1403 302 1428 265 1428 235 1408 233 1408 232 1408 230 1408 198 1414 186 1403 184 1403 182 1403 128 1403 126 1403 124 1403 123 1403 91 1424 93 1466"/></Shape>
	    <String CONTENT="رسانيد و جبمانی در ايجا تمام شود و روح و جم باهم ديگر"
                    HPOS="91"
                    VPOS="1400"
                    WIDTH="893"
                    HEIGHT="94"
                    WC="0.8882481793187699"></String>
          </TextLine>

          
          
          <TextLine ID="eSc_line_0dc2c6dc"
                    TAGREFS="LT4834"
                    BASELINE="87 1551 994 1556" 
                    HPOS="86"
                    VPOS="1489"
                    WIDTH="908"
                    HEIGHT="106">
            <Shape><Polygon POINTS="87 1551 86 1561 108 1561 154 1589 156 1589 158 1589 159 1589 188 1588 189 1588 191 1588 223 1561 254 1561 256 1561 291 1589 293 1589 295 1589 297 1591 339 1591 339 1589 340 1589 342 1589 388 1561 390 1561 432 1577 434 1577 435 1577 437 1577 467 1565 495 1589 495 1591 497 1591 499 1591 500 1591 761 1565 810 1582 812 1582 813 1582 815 1582 850 1573 903 1593 905 1593 906 1595 935 1595 935 1593 936 1593 938 1593 938 1591 964 1566 993 1563 994 1556 993 1516 949 1516 949 1514 924 1493 924 1491 922 1491 920 1491 841 1491 840 1491 838 1491 836 1491 817 1507 797 1491 796 1491 794 1491 736 1491 734 1491 732 1491 731 1491 696 1514 692 1517 608 1517 604 1514 551 1489 550 1489 548 1489 495 1501 476 1496 474 1496 472 1496 471 1496 435 1514 432 1516 351 1516 349 1514 321 1491 319 1491 318 1491 316 1491 314 1491 265 1514 263 1516 205 1516 203 1514 170 1491 168 1491 166 1491 165 1491 163 1491 87 1512 87 1551"/></Shape>
	    <String CONTENT="نمام و به کمالاند و کسسته از هم ديگرستند پيوسته دتيدر"
                    HPOS="86"
                    VPOS="1489"
                    WIDTH="908"
                    HEIGHT="106"
                    WC="0.8801889886271279"></String>
          </TextLine>

          
          
          <TextLine ID="eSc_line_ea8aec40"
                    TAGREFS="LT4834"
                    BASELINE="100 1642 987 1653" 
                    HPOS="98"
                    VPOS="1575"
                    WIDTH="889"
                    HEIGHT="113">
            <Shape><Polygon POINTS="100 1642 98 1660 233 1654 247 1667 261 1677 261 1679 263 1679 265 1679 267 1679 268 1679 293 1668 314 1658 372 1663 379 1670 391 1681 393 1681 395 1681 397 1682 465 1682 465 1681 467 1681 469 1681 469 1679 476 1672 483 1665 495 1670 497 1670 499 1670 500 1670 543 1658 606 1677 627 1682 629 1682 690 1684 692 1684 694 1684 704 1679 725 1668 743 1679 745 1679 746 1679 748 1679 750 1679 773 1667 796 1672 797 1672 799 1672 801 1672 822 1663 848 1674 850 1674 852 1674 854 1674 894 1663 922 1686 924 1686 926 1686 928 1688 986 1688 987 1653 987 1602 959 1596 957 1596 956 1596 943 1600 894 1614 861 1596 834 1584 833 1584 782 1584 780 1584 778 1584 776 1584 776 1586 768 1595 757 1605 718 1612 616 1612 576 1598 574 1598 572 1598 571 1598 529 1609 467 1586 453 1581 451 1581 414 1581 413 1581 411 1581 409 1581 409 1582 407 1584 388 1600 381 1595 379 1595 377 1595 376 1595 374 1595 372 1595 372 1596 358 1609 284 1609 244 1579 242 1577 240 1577 239 1577 237 1577 235 1577 233 1577 232 1579 196 1602 152 1577 151 1577 100 1575 100 1642"/></Shape>
	    <String CONTENT="اد مولانا تو خسيق بدهد و عاقبت به خير بگذارند و هوحنا"
                    HPOS="98"
                    VPOS="1575"
                    WIDTH="889"
                    HEIGHT="113"
                    WC="0.8866019991208922"></String>
          </TextLine>

          
          
          <TextLine ID="eSc_line_a5be0870"
                    TAGREFS="LT4834"
                    BASELINE="859 1751 987 1751" 
                    HPOS="859"
                    VPOS="1705"
                    WIDTH="128"
                    HEIGHT="70">
            <Shape><Polygon POINTS="859 1751 859 1775 987 1767 987 1751 987 1716 903 1705 901 1705 899 1705 898 1705 889 1712 878 1705 877 1705 875 1705 873 1705 871 1705 870 1705 859 1712 859 1751"/></Shape>
	    <String CONTENT="ومولانا"
                    HPOS="859"
                    VPOS="1705"
                    WIDTH="128"
                    HEIGHT="70"
                    WC="0.8490232825279236"></String>
          </TextLine>

          
          
          <TextLine ID="eSc_line_27d89dd6"
                    TAGREFS="LT4834"
                    BASELINE="72 1832 933 1840" 
                    HPOS="70"
                    VPOS="1761"
                    WIDTH="863"
                    HEIGHT="134">
            <Shape><Polygon POINTS="72 1832 70 1855 116 1856 116 1858 133 1874 133 1876 135 1876 137 1876 138 1876 140 1876 142 1876 163 1860 170 1860 210 1858 221 1862 286 1890 288 1890 290 1890 367 1886 369 1886 370 1886 386 1872 421 1883 423 1883 425 1883 427 1883 451 1872 469 1865 488 1874 513 1886 514 1886 648 1893 650 1893 652 1893 653 1893 666 1883 688 1863 759 1863 813 1888 827 1895 829 1895 831 1895 862 1891 896 1886 928 1893 933 1840 929 1768 873 1790 843 1770 840 1767 838 1767 836 1767 752 1765 750 1765 748 1765 746 1765 738 1772 717 1790 587 1793 532 1777 495 1767 493 1767 492 1767 490 1767 488 1767 488 1768 476 1779 462 1793 414 1793 388 1781 363 1772 362 1772 360 1772 358 1772 325 1783 309 1788 297 1784 242 1763 240 1763 239 1763 179 1775 161 1761 159 1761 158 1761 156 1761 154 1761 72 1788 72 1832"/></Shape>
	    <String CONTENT="ا بسايه در باز نمودن عالم روحانی و صفت"
                    HPOS="70"
                    VPOS="1761"
                    WIDTH="863"
                    HEIGHT="134"
                    WC="0.9457501643582394"></String>
          </TextLine>

          
        </TextBlock>
        
        <TextBlock HPOS="506"
                   VPOS="140"
                   WIDTH="117"
                   HEIGHT="83"
                   ID="eSc_textblock_94eaaee5"
                   TAGREFS="BT16059">
          <Shape><Polygon POINTS="548 140 602 147 623 209 513 223 506 168 548 140"/></Shape>
          
          
          <TextLine ID="eSc_line_5fbcaeac"
                    TAGREFS="LT4834"
                    BASELINE="529 193 590 193" 
                    HPOS="529"
                    VPOS="158"
                    WIDTH="61"
                    HEIGHT="52">
            <Shape><Polygon POINTS="529 193 529 210 590 210 590 193 588 158 529 158 529 193"/></Shape>
	    <String CONTENT=""
                    HPOS="529"
                    VPOS="158"
                    WIDTH="61"
                    HEIGHT="52"></String>
          </TextLine>

          
        </TextBlock>
        
        <TextBlock HPOS="1024"
                   VPOS="1475"
                   WIDTH="76"
                   HEIGHT="104"
                   ID="eSc_textblock_026b817c"
                   TAGREFS="BT16062">
          <Shape><Polygon POINTS="1045 1475 1100 1482 1093 1579 1024 1565 1045 1475"/></Shape>
          
          
          <TextLine ID="eSc_line_f2d58483"
                    TAGREFS="LT4834"
                    BASELINE="1035 1551 1077 1547" 
                    HPOS="1031"
                    VPOS="1489"
                    WIDTH="48"
                    HEIGHT="93">
            <Shape><Polygon POINTS="1031 1523 1035 1551 1038 1582 1079 1570 1077 1547 1068 1489 1038 1498 1031 1523"/></Shape>
	    <String CONTENT=""
                    HPOS="1031"
                    VPOS="1489"
                    WIDTH="48"
                    HEIGHT="93"></String>
          </TextLine>

          
        </TextBlock>
        
        <TextBlock HPOS="485"
                   VPOS="1890"
                   WIDTH="96"
                   HEIGHT="96"
                   ID="eSc_textblock_31048ec7"
                   TAGREFS="BT16061">
          <Shape><Polygon POINTS="529 1890 581 1897 567 1986 485 1951 529 1890"/></Shape>
          
          
          <TextLine ID="eSc_line_91216f6e"
                    TAGREFS="LT4834"
                    BASELINE="507 1953 567 1944" 
                    HPOS="502"
                    VPOS="1890"
                    WIDTH="70"
                    HEIGHT="103">
            <Shape><Polygon POINTS="551 1891 532 1890 516 1902 502 1923 507 1953 513 1993 572 1986 567 1944 558 1893 551 1891"/></Shape>
	    <String CONTENT=""
                    HPOS="502"
                    VPOS="1890"
                    WIDTH="70"
                    HEIGHT="103"></String>
          </TextLine>

          
        </TextBlock>
        
        <TextBlock HPOS="1052"
                   VPOS="1531"
                   WIDTH="6"
                   HEIGHT="13"
                   ID="eSc_textblock_e22b4421"
                   TAGREFS="BT16061">
          <Shape><Polygon POINTS="1054 1531 1058 1531 1058 1544 1052 1544 1054 1531"/></Shape>
          
        </TextBlock>
        

        
      </PrintSpace>
    </Page>
  </Layout>
</alto>
