<?xml version="1.0" encoding="UTF-8"?>
<alto xmlns:xsi="http://www.w3.org/2001/XMLSchema-instance"
      xmlns="http://www.loc.gov/standards/alto/ns-v4#"
      xsi:schemaLocation="http://www.loc.gov/standards/alto/ns-v4# http://www.loc.gov/standards/alto/v4/alto-4-2.xsd">
  <Description>
    <MeasurementUnit>pixel</MeasurementUnit>
    <sourceImageInformation>
      <fileName>TwoIsmailiTreatises014.jpg</fileName>
      
    </sourceImageInformation>
  </Description>
  
  <Tags>
    <OtherTag ID="BT16074" LABEL="MarginTextZone:commentary" DESCRIPTION="block type MarginTextZone:commentary"/><OtherTag ID="BT16073" LABEL="MarginTextZone:note#1" DESCRIPTION="block type MarginTextZone:note#1"/><OtherTag ID="BT16072" LABEL="MainZone:column#2" DESCRIPTION="block type MainZone:column#2"/><OtherTag ID="BT16071" LABEL="MainZone:column#3" DESCRIPTION="block type MainZone:column#3"/><OtherTag ID="BT16070" LABEL="GraphicZone:illustration" DESCRIPTION="block type GraphicZone:illustration"/><OtherTag ID="BT16069" LABEL="MainZone:column#1" DESCRIPTION="block type MainZone:column#1"/><OtherTag ID="BT16068" LABEL="MarginTextZone:note#2" DESCRIPTION="block type MarginTextZone:note#2"/><OtherTag ID="BT16067" LABEL="CustomZone:publication" DESCRIPTION="block type CustomZone:publication"/><OtherTag ID="BT16066" LABEL="RunningTitleZone" DESCRIPTION="block type RunningTitleZone"/><OtherTag ID="BT16065" LABEL="NumberingZone" DESCRIPTION="block type NumberingZone"/><OtherTag ID="BT16064" LABEL="default" DESCRIPTION="block type default"/><OtherTag ID="BT16063" LABEL="TitlePageZone" DESCRIPTION="block type TitlePageZone"/><OtherTag ID="BT16062" LABEL="NumberingZone:other" DESCRIPTION="block type NumberingZone:other"/><OtherTag ID="BT16061" LABEL="QuireMarksZone:catchwords" DESCRIPTION="block type QuireMarksZone:catchwords"/><OtherTag ID="BT16060" LABEL="MainZone" DESCRIPTION="block type MainZone"/><OtherTag ID="BT16059" LABEL="NumberingZone:page" DESCRIPTION="block type NumberingZone:page"/><OtherTag ID="BT16058" LABEL="MarginTextZone:note" DESCRIPTION="block type MarginTextZone:note"/><OtherTag ID="BT16057" LABEL="DigitizationArtefactZone" DESCRIPTION="block type DigitizationArtefactZone"/><OtherTag ID="BT4" LABEL="Illustration" DESCRIPTION="block type Illustration"/><OtherTag ID="BT3" LABEL="Commentary" DESCRIPTION="block type Commentary"/><OtherTag ID="BT2" LABEL="Main" DESCRIPTION="block type Main"/><OtherTag ID="BT1" LABEL="Title" DESCRIPTION="block type Title"/>
    <OtherTag ID="LT4834" LABEL="DefaultLine" DESCRIPTION="line type DefaultLine"/><OtherTag ID="LT4835" LABEL="HeadingLine:title" DESCRIPTION="line type HeadingLine:title"/>
  </Tags>
  
  <Layout>
    <Page WIDTH="1432"
          HEIGHT="2208"
          PHYSICAL_IMG_NR="10"
          ID="eSc_dummypage_">
      <PrintSpace HPOS="0"
                  VPOS="0"
                  WIDTH="1432"
                  HEIGHT="2208">
        
        <TextBlock HPOS="316"
                   VPOS="250"
                   WIDTH="1071"
                   HEIGHT="1720"
                   ID="eSc_textblock_bbe87705"
                   TAGREFS="BT16060">
          <Shape><Polygon POINTS="463 250 1255 250 1373 272 1387 1661 1358 1955 800 1970 331 1948 316 375 338 264 463 250"/></Shape>
          
          
          <TextLine ID="eSc_line_6fba74b9"
                    TAGREFS="LT4834"
                    BASELINE="331 342 1327 327" 
                    HPOS="329"
                    VPOS="266"
                    WIDTH="998"
                    HEIGHT="103">
            <Shape><Polygon POINTS="329 301 331 342 331 360 530 369 531 369 533 369 535 369 550 358 552 358 635 368 636 368 638 368 666 356 699 368 701 368 703 368 704 368 727 355 728 355 750 355 949 364 951 364 953 364 982 351 984 351 992 351 1071 362 1073 362 1074 362 1106 349 1108 349 1115 349 1189 360 1190 360 1325 345 1327 327 1325 285 1314 274 1314 272 1312 272 1310 272 1308 272 1306 272 1273 287 1266 288 1244 287 1189 279 1187 279 1185 279 1183 279 1183 281 1177 287 1172 292 1115 292 1108 287 1080 266 1078 266 1076 266 1074 266 1006 268 1004 268 1003 268 1003 270 984 287 977 294 946 294 912 294 905 287 896 279 896 277 894 277 892 277 890 277 889 277 866 287 855 290 848 287 824 272 822 272 820 272 819 272 817 272 787 287 776 290 765 287 743 277 741 277 739 277 738 277 721 287 701 298 681 287 664 276 662 276 660 276 658 276 657 276 635 287 611 298 563 287 522 276 520 276 519 276 517 276 495 287 484 292 474 287 469 281 467 281 465 281 463 281 461 281 443 287 421 292 401 287 375 277 373 277 371 277 336 283 329 301"/></Shape>
	    <String CONTENT="طاهر شريعت غرق کند و آنانکه نابسنا بودند غرق شدند الا"
                    HPOS="329"
                    VPOS="266"
                    WIDTH="998"
                    HEIGHT="103"
                    WC="0.9212731498259085"></String>
          </TextLine>

          
          
          <TextLine ID="eSc_line_304db950"
                    TAGREFS="LT4834"
                    BASELINE="334 448 1325 425" 
                    HPOS="333"
                    VPOS="368"
                    WIDTH="992"
                    HEIGHT="108">
            <Shape><Polygon POINTS="334 448 334 465 381 460 390 465 403 476 404 476 406 476 408 476 410 476 434 465 445 458 493 458 506 461 533 472 535 472 537 472 539 472 541 472 557 460 565 454 577 460 596 467 598 467 600 467 601 467 633 458 653 452 677 452 681 456 693 467 693 469 695 469 697 469 699 469 756 456 808 465 809 465 866 454 877 463 879 463 881 463 883 463 1017 461 1019 461 1060 443 1062 443 1073 443 1159 448 1161 448 1163 448 1201 439 1266 450 1268 450 1270 450 1325 434 1325 425 1319 386 1244 393 1222 388 1183 375 1181 375 1179 375 1177 375 1143 386 1124 369 1124 368 1122 368 1120 368 1119 368 1117 368 1115 368 1078 390 1067 397 1025 391 931 379 929 379 927 379 925 379 925 380 909 393 909 395 907 395 885 373 885 371 883 371 881 371 879 371 877 371 876 371 876 373 854 393 828 395 760 404 738 399 701 386 699 386 697 386 695 386 693 386 675 399 658 384 657 384 655 384 653 384 651 384 620 401 596 386 594 386 592 386 590 386 588 386 552 402 550 402 485 379 484 379 482 379 355 382 353 382 351 382 351 384 333 401 334 448"/></Shape>
	    <String CONTENT="باشاء الهپس از ابل شريعت و قيامت با توح درآن کشتی"
                    HPOS="333"
                    VPOS="368"
                    WIDTH="992"
                    HEIGHT="108"
                    WC="0.8663930302858353"></String>
          </TextLine>

          
          
          <TextLine ID="eSc_line_afc8bc8c"
                    TAGREFS="LT4834"
                    BASELINE="323 542 1323 529" 
                    HPOS="322"
                    VPOS="469"
                    WIDTH="1001"
                    HEIGHT="103">
            <Shape><Polygon POINTS="323 542 323 553 364 572 366 572 368 572 369 572 423 557 605 570 607 570 609 570 611 570 638 552 658 568 660 568 662 568 664 568 749 559 758 566 760 566 762 566 763 566 765 566 798 550 890 566 892 566 894 566 927 553 946 564 947 564 949 564 951 564 953 564 982 548 1006 561 1008 561 1010 561 1012 561 1014 561 1038 546 1139 555 1141 555 1203 544 1218 555 1218 557 1220 557 1222 557 1224 557 1323 540 1323 529 1317 489 1080 498 1067 489 1052 478 1050 478 1049 478 1047 478 1001 482 971 469 970 469 968 469 966 469 916 489 887 504 852 504 835 491 817 474 815 474 813 474 811 474 809 474 774 491 745 506 706 506 693 491 675 474 675 472 673 472 671 472 629 472 627 472 625 472 623 472 596 491 587 496 577 491 561 483 559 483 557 483 555 483 537 489 522 476 522 474 520 474 519 474 517 474 441 476 439 476 406 491 393 478 393 476 392 476 390 476 334 476 333 476 331 476 329 476 329 478 322 483 323 542"/></Shape>
	    <String CONTENT="تحات نماندند همچنانکه امروزاست نوح می گويند که ملک پزدان"
                    HPOS="322"
                    VPOS="469"
                    WIDTH="1001"
                    HEIGHT="103"
                    WC="0.9053108016295093"></String>
          </TextLine>

          
          
          <TextLine ID="eSc_line_6d72a0f4"
                    TAGREFS="LT4834"
                    BASELINE="325 642 1330 631" 
                    HPOS="323"
                    VPOS="575"
                    WIDTH="1007"
                    HEIGHT="102">
            <Shape><Polygon POINTS="325 642 325 666 449 677 450 677 452 677 484 662 500 655 508 662 520 673 520 675 522 675 524 675 526 677 565 677 565 675 566 675 568 675 585 660 588 658 607 660 655 664 657 664 693 658 730 651 741 656 756 664 758 664 760 664 866 655 883 669 883 671 885 671 887 671 889 673 962 673 962 671 964 671 966 671 1001 649 1006 647 1017 649 1045 656 1047 656 1049 656 1097 647 1100 647 1117 660 1119 660 1120 660 1122 660 1124 660 1150 647 1194 655 1196 655 1238 645 1279 667 1281 667 1282 667 1284 667 1330 642 1330 631 1325 588 1236 596 1225 590 1209 581 1207 581 1205 581 1203 581 1176 590 1172 592 1170 590 1150 575 1148 575 1146 575 1109 575 1108 575 1106 575 1104 575 1085 592 1076 601 1062 601 1054 594 1038 577 1038 575 1036 575 1034 575 1032 575 1030 575 1004 585 955 577 953 577 951 577 949 577 949 579 931 596 925 601 907 598 885 592 883 592 881 592 870 598 865 601 857 598 846 590 844 590 843 590 841 590 839 590 817 599 806 603 800 599 774 579 773 579 771 579 708 579 706 579 704 579 660 601 655 605 644 603 559 583 557 583 555 583 554 583 554 585 533 605 508 605 465 607 461 607 397 583 395 583 393 583 392 583 390 583 390 585 366 609 323 609 325 642"/></Shape>
	    <String CONTENT="به قيامت بازآيد و حکم قيامت را او بد و ابل دوزخ را بدور"
                    HPOS="323"
                    VPOS="575"
                    WIDTH="1007"
                    HEIGHT="102"
                    WC="0.8392130163099084"></String>
          </TextLine>

          
          
          <TextLine ID="eSc_line_0b92ea61"
                    TAGREFS="LT4834"
                    BASELINE="760 737 1328 741" 
                    HPOS="758"
                    VPOS="686"
                    WIDTH="570"
                    HEIGHT="84">
            <Shape><Polygon POINTS="760 737 758 748 798 767 800 767 802 767 804 767 830 759 857 769 859 769 861 769 1041 750 1071 769 1073 769 1074 769 1076 769 1170 756 1277 770 1279 770 1281 770 1327 750 1328 741 1328 704 1290 686 1288 686 1233 686 1231 686 1229 686 1196 704 1194 706 1190 704 1172 691 1170 691 1168 691 1166 691 1165 691 1141 704 1137 706 1135 704 1119 688 1119 686 1117 686 1115 686 1060 686 1058 686 1056 686 1021 704 1019 704 990 688 988 688 986 688 984 688 962 697 896 691 894 691 892 691 890 691 874 704 870 704 760 704 760 737"/></Shape>
	    <String CONTENT="دال بشت را به بيشت بفرستد"
                    HPOS="758"
                    VPOS="686"
                    WIDTH="570"
                    HEIGHT="84"
                    WC="0.8942390179634094"></String>
          </TextLine>

          
          
          <TextLine ID="eSc_line_64b24788"
                    TAGREFS="LT4834"
                    BASELINE="329 837 1172 831" 
                    HPOS="327"
                    VPOS="770"
                    WIDTH="845"
                    HEIGHT="111">
            <Shape><Polygon POINTS="329 837 329 846 452 855 485 879 487 879 489 879 491 881 561 881 561 879 563 879 622 846 625 844 629 846 669 877 671 877 673 877 675 879 756 879 756 877 758 877 760 877 802 846 806 844 809 846 844 866 846 866 848 866 850 866 852 866 852 864 872 846 874 846 876 846 889 855 890 855 892 855 894 855 931 851 949 866 951 866 953 866 955 866 957 866 997 846 1006 842 1085 842 1091 846 1104 857 1104 859 1106 859 1108 859 1109 859 1170 846 1172 831 1168 800 1131 796 1100 770 1098 770 1097 770 1095 770 1093 770 1091 770 1091 772 1069 791 1016 783 1014 783 1012 783 984 798 918 782 916 782 914 782 848 785 828 772 826 772 824 772 822 772 820 772 819 772 774 800 725 785 723 785 721 785 719 785 682 796 649 772 647 772 646 772 644 772 642 772 640 772 605 802 574 791 572 791 570 791 568 791 546 802 502 800 463 772 461 772 460 772 375 772 373 772 371 772 369 772 327 800 329 837"/></Shape>
	    <String CONTENT="و در عقد حضرت ابراهيم عليه السلام مولانا را ملک"
                    HPOS="327"
                    VPOS="770"
                    WIDTH="845"
                    HEIGHT="111"
                    WC="0.9128944759673261"></String>
          </TextLine>

          
          
          <TextLine ID="eSc_line_7f8f33be"
                    TAGREFS="LT4834"
                    BASELINE="331 949 594 936 1334 931" 
                    HPOS="329"
                    VPOS="874"
                    WIDTH="1005"
                    HEIGHT="106">
            <Shape><Polygon POINTS="331 949 331 973 417 967 423 973 428 977 428 978 430 978 432 978 434 980 478 980 478 978 480 978 482 978 495 969 526 951 565 951 577 962 579 962 581 962 583 962 585 962 611 951 644 966 669 975 671 975 673 975 675 975 677 975 695 964 717 949 738 962 756 973 758 973 760 973 762 973 763 973 765 973 782 960 787 956 793 960 802 964 804 964 806 964 808 964 826 958 863 947 883 947 892 956 901 964 901 966 903 966 905 966 907 967 947 967 947 966 949 966 979 953 986 951 997 953 1034 958 1036 958 1038 958 1052 951 1062 945 1069 949 1080 956 1082 956 1084 956 1085 956 1087 956 1111 949 1115 947 1115 949 1139 969 1141 969 1143 969 1144 971 1212 971 1212 969 1214 969 1268 943 1271 942 1332 942 1334 931 1332 885 1299 874 1297 874 1295 874 1293 874 1292 874 1292 875 1281 885 1270 896 1236 886 1229 885 1227 885 1225 885 1224 885 1212 886 1172 897 1155 888 1131 875 1130 875 1128 875 1126 875 1098 890 1085 897 1076 890 1069 885 1067 885 1065 885 1063 885 1062 885 1060 885 1060 886 1054 892 1045 901 1014 901 990 892 938 877 936 877 935 877 850 896 828 901 822 897 798 879 796 879 795 879 793 879 791 879 789 879 760 899 756 901 750 899 734 892 732 892 730 892 657 901 640 903 638 901 618 885 618 883 616 883 614 883 546 883 544 883 542 883 541 883 522 897 410 885 408 885 406 885 364 908 329 908 331 949"/></Shape>
	    <String CONTENT="السلام خوانده اندوان حکايهای حضرت ابرايم و خيق"
                    HPOS="329"
                    VPOS="874"
                    WIDTH="1005"
                    HEIGHT="106"
                    WC="0.9186216068008671"></String>
          </TextLine>

          
          
          <TextLine ID="eSc_line_19dc12bb"
                    TAGREFS="LT4834"
                    BASELINE="554 1030 1332 1032" 
                    HPOS="552"
                    VPOS="971"
                    WIDTH="780"
                    HEIGHT="96">
            <Shape><Polygon POINTS="554 1030 552 1039 590 1056 592 1056 594 1056 660 1041 704 1065 706 1065 708 1067 789 1067 789 1065 791 1065 793 1065 793 1063 813 1045 850 1041 876 1050 877 1050 879 1050 966 1046 995 1065 997 1065 999 1065 1001 1067 1050 1067 1050 1065 1052 1065 1102 1041 1216 1065 1218 1065 1220 1065 1222 1065 1249 1041 1330 1041 1332 1032 1330 999 1288 995 1271 980 1271 978 1270 978 1268 978 1266 978 1264 978 1211 997 1163 973 1161 973 1159 973 1157 973 1155 973 1143 982 1128 971 1126 971 1124 971 1122 971 1120 971 1119 971 1084 997 1084 999 1056 999 1056 997 1030 973 1030 971 1028 971 1027 971 944 971 942 971 940 971 896 986 881 973 881 971 879 971 877 971 876 971 874 971 872 971 872 973 846 997 796 982 795 982 793 982 791 982 760 997 758 999 695 999 693 997 677 982 675 982 673 982 671 982 669 982 638 997 636 997 592 980 590 980 588 980 587 980 554 995 554 1030"/></Shape>
	    <String CONTENT="و رفتن در آتش با ملک الشلام رفته است"
                    HPOS="552"
                    VPOS="971"
                    WIDTH="780"
                    HEIGHT="96"
                    WC="0.9339365234246125"></String>
          </TextLine>

          
          
          <TextLine ID="eSc_line_0eb72ae1"
                    TAGREFS="LT4834"
                    BASELINE="244 1126 382 1135 1170 1129" 
                    HPOS="244"
                    VPOS="1069"
                    WIDTH="926"
                    HEIGHT="101">
            <Shape><Polygon POINTS="244 1148 331 1146 334 1150 353 1166 353 1168 355 1168 357 1168 358 1170 392 1170 392 1168 393 1168 441 1153 508 1161 509 1161 511 1161 537 1148 559 1168 561 1168 563 1168 565 1170 625 1170 625 1168 627 1168 712 1146 717 1144 719 1146 745 1166 747 1166 749 1166 750 1168 826 1168 826 1166 828 1166 830 1166 830 1164 843 1155 854 1164 855 1164 857 1164 859 1164 861 1164 903 1144 946 1166 947 1166 949 1166 951 1166 953 1166 988 1144 1017 1162 1019 1162 1021 1162 1023 1162 1025 1162 1078 1142 1154 1151 1155 1151 1157 1151 1159 1151 1170 1142 1170 1129 1166 1089 1025 1089 1017 1085 975 1069 973 1069 971 1069 861 1081 819 1087 809 1081 793 1069 791 1069 789 1069 787 1069 785 1069 784 1069 767 1080 754 1089 732 1080 717 1074 716 1074 714 1074 712 1074 710 1074 710 1076 706 1080 695 1091 660 1091 640 1078 627 1069 625 1069 623 1069 622 1069 620 1069 601 1078 590 1083 577 1076 565 1070 563 1070 408 1070 406 1070 404 1070 397 1072 353 1091 303 1081 301 1081 300 1081 298 1081 288 1091 244 1070 244 1126 244 1148"/></Shape>
	    <String CONTENT="و در دور حضرت موسی عليه السلام مولاناراذو القرمين"
                    HPOS="244"
                    VPOS="1069"
                    WIDTH="926"
                    HEIGHT="101"
                    WC="0.8764969968065923"></String>
          </TextLine>

          
          
          <TextLine ID="eSc_line_3fddb38e"
                    TAGREFS="LT4834"
                    BASELINE="338 1236 1330 1227" 
                    HPOS="336"
                    VPOS="1168"
                    WIDTH="994"
                    HEIGHT="96">
            <Shape><Polygon POINTS="338 1236 338 1253 434 1253 463 1264 465 1264 467 1264 469 1264 515 1253 530 1264 531 1264 533 1264 535 1264 611 1262 612 1262 614 1262 614 1260 625 1249 660 1262 662 1262 664 1262 745 1253 815 1260 817 1260 819 1260 859 1249 911 1260 912 1260 914 1260 916 1260 935 1245 966 1245 1003 1258 1004 1258 1006 1258 1008 1258 1056 1247 1115 1258 1117 1258 1119 1258 1120 1258 1139 1243 1146 1243 1242 1243 1268 1256 1270 1256 1271 1256 1273 1256 1330 1240 1330 1227 1321 1168 1284 1194 1262 1194 1247 1179 1247 1177 1246 1177 1244 1177 1242 1177 1240 1177 1238 1177 1220 1190 1198 1173 1192 1168 1190 1168 1189 1168 1154 1168 1152 1168 1150 1168 1135 1175 1109 1188 1097 1175 1091 1172 1091 1170 1089 1170 1087 1170 993 1170 992 1170 990 1170 964 1181 927 1196 833 1184 804 1183 802 1183 800 1183 791 1186 774 1196 762 1188 738 1172 736 1172 734 1172 732 1172 730 1172 686 1190 686 1192 600 1197 588 1194 537 1173 535 1173 533 1173 531 1173 480 1197 476 1199 463 1197 368 1186 366 1186 364 1186 336 1199 338 1236"/></Shape>
	    <String CONTENT="گفته اند و آن نوری که حضرت موی در آن شب برآن درخت"
                    HPOS="336"
                    VPOS="1168"
                    WIDTH="994"
                    HEIGHT="96"
                    WC="0.900905888241071"></String>
          </TextLine>

          
          
          <TextLine ID="eSc_line_5882170b"
                    TAGREFS="LT4834"
                    BASELINE="351 1345 1334 1330" 
                    HPOS="349"
                    VPOS="1267"
                    WIDTH="985"
                    HEIGHT="105">
            <Shape><Polygon POINTS="351 1345 351 1359 360 1368 360 1370 362 1370 364 1370 366 1372 395 1372 395 1370 397 1370 399 1370 399 1368 414 1356 436 1370 438 1370 439 1370 441 1370 443 1370 478 1352 508 1352 598 1352 640 1367 642 1367 644 1367 646 1367 647 1367 664 1356 675 1365 675 1367 677 1367 679 1367 681 1368 710 1368 710 1367 712 1367 714 1367 741 1348 804 1363 806 1363 808 1363 809 1363 828 1348 877 1357 879 1357 881 1357 909 1346 923 1361 923 1363 925 1363 927 1363 929 1363 1014 1352 1085 1361 1087 1361 1089 1361 1091 1361 1115 1343 1144 1343 1159 1354 1159 1356 1161 1356 1163 1356 1165 1356 1247 1341 1301 1357 1303 1357 1304 1357 1306 1357 1308 1357 1334 1339 1334 1330 1330 1289 1268 1289 1247 1271 1247 1269 1246 1269 1244 1269 1242 1269 1240 1269 1238 1269 1207 1289 1176 1275 1174 1275 1172 1275 1170 1275 1168 1275 1168 1276 1154 1291 1104 1291 1074 1275 1073 1275 1071 1275 1069 1275 1067 1275 1054 1286 1030 1267 1028 1267 1027 1267 966 1267 964 1267 962 1267 960 1267 960 1269 933 1295 909 1295 844 1269 843 1269 841 1269 839 1269 837 1269 806 1295 771 1271 769 1271 767 1271 765 1271 763 1271 721 1295 693 1273 692 1273 690 1273 688 1273 537 1293 509 1276 508 1276 506 1276 504 1276 502 1276 500 1276 471 1300 399 1276 397 1276 395 1276 393 1276 392 1276 392 1278 368 1302 349 1302 351 1345"/></Shape>
	    <String CONTENT="ديده است تاويل تاريکی آن شب ظاهر شريعت است و باطن"
                    HPOS="349"
                    VPOS="1267"
                    WIDTH="985"
                    HEIGHT="105"
                    WC="0.9141659593582153"></String>
          </TextLine>

          
          
          <TextLine ID="eSc_line_2395cc8f"
                    TAGREFS="LT4834"
                    BASELINE="347 1431 1334 1426" 
                    HPOS="346"
                    VPOS="1378"
                    WIDTH="988"
                    HEIGHT="81">
            <Shape><Polygon POINTS="347 1431 347 1442 428 1442 430 1442 456 1455 458 1455 460 1455 522 1442 526 1442 528 1442 601 1455 603 1455 752 1440 762 1440 763 1440 780 1455 780 1457 782 1457 784 1457 785 1459 883 1459 883 1457 885 1457 887 1457 887 1455 903 1440 955 1449 957 1449 1001 1438 1006 1438 1010 1438 1052 1455 1054 1455 1056 1455 1144 1453 1146 1453 1148 1453 1161 1442 1264 1455 1266 1455 1268 1455 1334 1437 1334 1426 1330 1387 1279 1378 1277 1378 1275 1378 1255 1387 1246 1392 1238 1387 1227 1380 1225 1380 1224 1380 1222 1380 1185 1389 1165 1392 1152 1389 1122 1378 1120 1378 1119 1378 1062 1389 907 1380 905 1380 903 1380 866 1392 859 1396 795 1396 791 1392 763 1380 762 1380 760 1380 758 1380 716 1394 692 1380 690 1380 688 1380 686 1380 684 1380 682 1380 657 1394 653 1398 577 1398 577 1396 563 1383 563 1381 561 1381 559 1381 530 1381 528 1381 526 1381 524 1381 524 1383 508 1396 430 1387 428 1387 346 1398 347 1431"/></Shape>
	    <String CONTENT="طريفت و تا ويل درخت شخص مرداست و نور و رحمت و حدت"
                    HPOS="346"
                    VPOS="1378"
                    WIDTH="988"
                    HEIGHT="81"
                    WC="0.9471922212717484"></String>
          </TextLine>

          
          
          <TextLine ID="eSc_line_2a0ec28b"
                    TAGREFS="LT4834"
                    BASELINE="336 1534 1336 1530" 
                    HPOS="334"
                    VPOS="1460"
                    WIDTH="1002"
                    HEIGHT="98">
            <Shape><Polygon POINTS="336 1534 336 1545 463 1558 465 1558 467 1558 469 1558 485 1545 487 1545 533 1545 537 1545 600 1558 601 1558 603 1558 605 1558 622 1545 736 1545 758 1545 831 1558 833 1558 835 1558 837 1558 855 1547 979 1556 981 1556 982 1556 1021 1543 1023 1543 1130 1543 1170 1556 1172 1556 1174 1558 1242 1558 1242 1556 1244 1556 1246 1556 1266 1543 1303 1556 1304 1556 1306 1556 1308 1556 1336 1541 1336 1530 1330 1460 1247 1462 1246 1462 1244 1462 1209 1486 1172 1475 1170 1475 1168 1475 1166 1475 1165 1475 1146 1492 1139 1486 1139 1484 1137 1484 1135 1484 1133 1484 1089 1492 1063 1473 1062 1473 1060 1473 1058 1473 1021 1481 1010 1472 1004 1468 1004 1466 1003 1466 1001 1466 999 1466 997 1466 982 1473 938 1495 879 1495 854 1479 852 1479 850 1479 848 1479 846 1479 844 1479 819 1497 784 1497 769 1481 763 1477 763 1475 762 1475 760 1475 758 1475 756 1475 754 1475 745 1481 743 1483 743 1481 716 1464 714 1464 712 1464 622 1464 620 1464 618 1464 616 1464 581 1488 566 1497 539 1497 526 1490 491 1472 489 1472 487 1472 485 1472 484 1472 484 1473 463 1492 460 1497 425 1497 421 1494 397 1472 395 1472 393 1472 392 1472 390 1472 334 1494 336 1534"/></Shape>
	    <String CONTENT="و يکانگی مولاناست و بهعضی روايت است كه  حکايت حضرت موی"
                    HPOS="334"
                    VPOS="1460"
                    WIDTH="1002"
                    HEIGHT="98"
                    WC="0.913661480501846"></String>
          </TextLine>

          
          
          <TextLine ID="eSc_line_cc29168d"
                    TAGREFS="LT4834"
                    BASELINE="346 1626 1336 1626" 
                    HPOS="346"
                    VPOS="1564"
                    WIDTH="990"
                    HEIGHT="90">
            <Shape><Polygon POINTS="346 1626 346 1639 390 1652 392 1652 393 1652 395 1652 438 1641 439 1641 493 1652 495 1652 550 1641 554 1641 570 1652 572 1652 574 1652 576 1652 671 1641 684 1641 690 1641 716 1650 717 1650 719 1650 776 1643 789 1641 793 1643 813 1652 815 1652 817 1654 922 1654 922 1652 923 1652 940 1643 947 1641 1047 1641 1054 1644 1067 1650 1069 1650 1071 1650 1073 1650 1091 1644 1098 1641 1102 1644 1109 1650 1109 1652 1111 1652 1113 1652 1115 1652 1117 1652 1131 1644 1137 1641 1141 1644 1150 1652 1152 1652 1154 1652 1155 1652 1157 1652 1172 1644 1181 1641 1334 1644 1336 1626 1336 1586 1316 1565 1316 1564 1314 1564 1312 1564 1310 1564 1308 1564 1247 1580 1194 1565 1192 1565 1190 1565 1189 1565 1187 1565 1159 1586 1157 1586 1111 1571 1109 1571 1108 1571 1106 1571 1082 1584 1049 1564 1047 1564 1045 1564 1023 1564 1021 1564 1019 1564 1017 1564 1017 1565 997 1582 995 1586 988 1582 949 1564 947 1564 946 1564 944 1564 887 1580 866 1587 758 1587 743 1578 723 1564 721 1564 719 1564 717 1564 716 1564 675 1576 642 1587 609 1587 598 1575 587 1565 587 1564 585 1564 583 1564 550 1564 548 1564 546 1564 544 1564 531 1573 513 1587 456 1587 441 1571 438 1569 438 1567 436 1567 434 1567 432 1567 346 1569 346 1626"/></Shape>
	    <String CONTENT="در آن شب با مولاناد و القريين بود مولانا را بديد و حکايت طور سنيا"
                    HPOS="346"
                    VPOS="1564"
                    WIDTH="990"
                    HEIGHT="90"
                    WC="0.8672699910221677"></String>
          </TextLine>

          
          
          <TextLine ID="eSc_line_7b0eccbc"
                    TAGREFS="LT4834"
                    BASELINE="346 1731 1338 1722" 
                    HPOS="344"
                    VPOS="1661"
                    WIDTH="994"
                    HEIGHT="98">
            <Shape><Polygon POINTS="346 1731 346 1742 392 1757 393 1757 395 1759 489 1759 489 1757 491 1757 493 1757 493 1755 506 1742 524 1740 542 1740 559 1740 721 1755 723 1755 793 1742 804 1751 804 1753 806 1753 808 1753 809 1753 865 1744 936 1753 938 1753 940 1753 942 1753 968 1736 971 1736 1065 1736 1067 1736 1089 1751 1091 1751 1093 1751 1095 1753 1137 1753 1137 1751 1176 1749 1177 1749 1179 1749 1179 1748 1192 1736 1214 1749 1216 1749 1218 1749 1220 1749 1222 1749 1266 1735 1268 1735 1336 1735 1338 1722 1336 1681 1304 1661 1303 1661 1301 1661 1201 1661 1200 1661 1198 1661 1196 1661 1196 1663 1176 1681 1091 1672 1089 1672 1087 1672 1085 1672 1085 1674 1074 1685 982 1685 968 1672 966 1672 964 1672 962 1672 960 1672 933 1685 872 1665 870 1665 868 1665 780 1685 756 1665 754 1665 752 1665 750 1665 749 1665 703 1687 671 1667 669 1667 668 1667 574 1667 572 1667 570 1667 568 1667 537 1689 474 1676 473 1676 471 1676 469 1676 469 1678 461 1685 449 1678 447 1678 445 1678 344 1690 346 1731"/></Shape>
	    <String CONTENT="و خضرو آب حيات وان همه حکابا مولانادو نفريين بوده"
                    HPOS="344"
                    VPOS="1661"
                    WIDTH="994"
                    HEIGHT="98"
                    WC="0.824442235827446"></String>
          </TextLine>

          
          
          <TextLine ID="eSc_line_8c86b8c9"
                    TAGREFS="LT4834"
                    BASELINE="340 1836 1334 1823" 
                    HPOS="338"
                    VPOS="1764"
                    WIDTH="996"
                    HEIGHT="98">
            <Shape><Polygon POINTS="340 1836 340 1843 461 1862 463 1862 517 1860 519 1860 520 1860 539 1845 557 1860 559 1860 561 1860 563 1862 618 1862 618 1860 620 1860 622 1860 622 1858 640 1843 642 1841 673 1841 677 1841 697 1858 699 1858 701 1858 703 1858 704 1858 706 1858 732 1841 734 1841 739 1841 780 1849 782 1849 844 1841 863 1840 868 1841 903 1856 905 1856 907 1856 909 1856 911 1856 922 1845 955 1854 957 1854 958 1854 1027 1840 1049 1836 1062 1840 1097 1852 1098 1852 1100 1852 1170 1840 1189 1836 1192 1840 1198 1843 1198 1845 1200 1845 1201 1845 1203 1845 1205 1845 1227 1840 1249 1834 1332 1838 1334 1823 1330 1782 1255 1764 1253 1764 1251 1764 1211 1782 1190 1773 1189 1773 1187 1773 1185 1773 1183 1773 1183 1775 1181 1775 1176 1782 1157 1771 1155 1771 1154 1771 1152 1771 1150 1771 1109 1784 1108 1784 1080 1766 1078 1766 1076 1766 1074 1766 1073 1766 1027 1784 1021 1786 1016 1784 971 1770 970 1770 968 1770 966 1770 964 1770 946 1786 944 1786 933 1786 866 1779 865 1779 863 1779 846 1786 843 1790 708 1790 704 1788 688 1773 688 1771 686 1771 684 1771 620 1771 618 1771 616 1771 614 1771 596 1788 554 1773 552 1773 550 1773 548 1773 546 1773 526 1790 511 1777 509 1777 508 1777 506 1777 450 1790 434 1794 427 1790 397 1775 395 1775 393 1775 392 1775 338 1790 340 1836"/></Shape>
	    <String CONTENT="وامت موسی را جودان خواشد و دجالش را فرعون و موی"
                    HPOS="338"
                    VPOS="1764"
                    WIDTH="996"
                    HEIGHT="98"
                    WC="0.9079772512963478"></String>
          </TextLine>

          
          
          <TextLine ID="eSc_line_d4c3d138"
                    TAGREFS="LT4834"
                    BASELINE="347 1933 1330 1919" 
                    HPOS="346"
                    VPOS="1854"
                    WIDTH="984"
                    HEIGHT="114">
            <Shape><Polygon POINTS="347 1933 347 1946 406 1968 408 1968 410 1968 412 1968 452 1955 467 1966 469 1966 471 1966 473 1968 581 1968 581 1966 583 1966 631 1943 662 1955 664 1955 666 1955 725 1943 784 1963 785 1963 787 1965 839 1965 839 1963 841 1963 907 1941 936 1950 938 1950 940 1950 942 1950 971 1937 973 1937 1036 1937 1093 1957 1095 1957 1097 1959 1154 1959 1154 1957 1155 1957 1157 1957 1190 1935 1190 1933 1233 1933 1235 1933 1262 1946 1264 1946 1266 1946 1328 1932 1330 1919 1328 1878 1260 1854 1258 1854 1257 1854 1255 1854 1207 1880 1200 1884 1166 1882 1043 1869 1041 1869 1039 1869 1038 1869 1038 1871 1023 1884 1023 1886 1021 1884 997 1873 995 1873 993 1873 992 1873 970 1886 944 1862 944 1860 942 1860 940 1860 854 1860 852 1860 850 1860 848 1860 848 1862 830 1880 774 1889 769 1891 727 1891 723 1891 690 1863 688 1863 686 1863 684 1863 682 1863 681 1863 649 1891 612 1891 585 1867 585 1865 583 1865 581 1865 579 1865 577 1865 533 1878 484 1865 482 1865 480 1865 478 1865 476 1865 443 1889 414 1871 412 1871 410 1871 408 1871 406 1871 346 1895 347 1933"/></Shape>
	    <String CONTENT="مولاناشمنبه خوانده اند و حکم قيامت را شنبه گويند آسمان"
                    HPOS="346"
                    VPOS="1854"
                    WIDTH="984"
                    HEIGHT="114"
                    WC="0.888043300672011"></String>
          </TextLine>

          
        </TextBlock>
        
        <TextBlock HPOS="763"
                   VPOS="161"
                   WIDTH="131"
                   HEIGHT="80"
                   ID="eSc_textblock_785b51ca"
                   TAGREFS="BT16059">
          <Shape><Polygon POINTS="800 161 879 161 894 233 778 241 763 206 800 161"/></Shape>
          
          
          <TextLine ID="eSc_line_4a3698cf"
                    TAGREFS="LT4834"
                    BASELINE="796 218 846 218" 
                    HPOS="796"
                    VPOS="176"
                    WIDTH="50"
                    HEIGHT="65">
            <Shape><Polygon POINTS="796 218 796 237 844 241 846 218 843 176 796 187 796 218"/></Shape>
	    <String CONTENT=""
                    HPOS="796"
                    VPOS="176"
                    WIDTH="50"
                    HEIGHT="65"></String>
          </TextLine>

          
        </TextBlock>
        
        <TextBlock HPOS="749"
                   VPOS="1972"
                   WIDTH="138"
                   HEIGHT="101"
                   ID="eSc_textblock_87ddffd1"
                   TAGREFS="BT16061">
          <Shape><Polygon POINTS="800 1972 887 1994 872 2073 756 2044 749 2016 800 1972"/></Shape>
          
          
          <TextLine ID="eSc_line_308b0a4d"
                    TAGREFS="LT4834"
                    BASELINE="787 2035 874 2029" 
                    HPOS="784"
                    VPOS="1978"
                    WIDTH="90"
                    HEIGHT="80">
            <Shape><Polygon POINTS="857 1987 839 1981 820 1978 784 1996 787 2035 787 2049 872 2058 874 2029 868 1989 857 1987"/></Shape>
	    <String CONTENT="زمين"
                    HPOS="784"
                    VPOS="1978"
                    WIDTH="90"
                    HEIGHT="80"
                    WC="0.8916520774364471"></String>
          </TextLine>

          
        </TextBlock>
        
        <TextBlock HPOS="242"
                   VPOS="1089"
                   WIDTH="72"
                   HEIGHT="64"
                   ID="eSc_textblock_f3363030"
                   TAGREFS="BT16062">
          <Shape><Polygon POINTS="272 1089 300 1089 314 1153 242 1138 272 1089"/></Shape>
          
        </TextBlock>
        

        
      </PrintSpace>
    </Page>
  </Layout>
</alto>
