<?xml version="1.0" encoding="UTF-8"?>
<alto xmlns:xsi="http://www.w3.org/2001/XMLSchema-instance"
      xmlns="http://www.loc.gov/standards/alto/ns-v4#"
      xsi:schemaLocation="http://www.loc.gov/standards/alto/ns-v4# http://www.loc.gov/standards/alto/v4/alto-4-2.xsd">
  <Description>
    <MeasurementUnit>pixel</MeasurementUnit>
    <sourceImageInformation>
      <fileName>TwoIsmailiTreatises033.jpg</fileName>
      
    </sourceImageInformation>
  </Description>
  
  <Tags>
    <OtherTag ID="BT16074" LABEL="MarginTextZone:commentary" DESCRIPTION="block type MarginTextZone:commentary"/><OtherTag ID="BT16073" LABEL="MarginTextZone:note#1" DESCRIPTION="block type MarginTextZone:note#1"/><OtherTag ID="BT16072" LABEL="MainZone:column#2" DESCRIPTION="block type MainZone:column#2"/><OtherTag ID="BT16071" LABEL="MainZone:column#3" DESCRIPTION="block type MainZone:column#3"/><OtherTag ID="BT16070" LABEL="GraphicZone:illustration" DESCRIPTION="block type GraphicZone:illustration"/><OtherTag ID="BT16069" LABEL="MainZone:column#1" DESCRIPTION="block type MainZone:column#1"/><OtherTag ID="BT16068" LABEL="MarginTextZone:note#2" DESCRIPTION="block type MarginTextZone:note#2"/><OtherTag ID="BT16067" LABEL="CustomZone:publication" DESCRIPTION="block type CustomZone:publication"/><OtherTag ID="BT16066" LABEL="RunningTitleZone" DESCRIPTION="block type RunningTitleZone"/><OtherTag ID="BT16065" LABEL="NumberingZone" DESCRIPTION="block type NumberingZone"/><OtherTag ID="BT16064" LABEL="default" DESCRIPTION="block type default"/><OtherTag ID="BT16063" LABEL="TitlePageZone" DESCRIPTION="block type TitlePageZone"/><OtherTag ID="BT16062" LABEL="NumberingZone:other" DESCRIPTION="block type NumberingZone:other"/><OtherTag ID="BT16061" LABEL="QuireMarksZone:catchwords" DESCRIPTION="block type QuireMarksZone:catchwords"/><OtherTag ID="BT16060" LABEL="MainZone" DESCRIPTION="block type MainZone"/><OtherTag ID="BT16059" LABEL="NumberingZone:page" DESCRIPTION="block type NumberingZone:page"/><OtherTag ID="BT16058" LABEL="MarginTextZone:note" DESCRIPTION="block type MarginTextZone:note"/><OtherTag ID="BT16057" LABEL="DigitizationArtefactZone" DESCRIPTION="block type DigitizationArtefactZone"/><OtherTag ID="BT4" LABEL="Illustration" DESCRIPTION="block type Illustration"/><OtherTag ID="BT3" LABEL="Commentary" DESCRIPTION="block type Commentary"/><OtherTag ID="BT2" LABEL="Main" DESCRIPTION="block type Main"/><OtherTag ID="BT1" LABEL="Title" DESCRIPTION="block type Title"/>
    <OtherTag ID="LT4834" LABEL="DefaultLine" DESCRIPTION="line type DefaultLine"/><OtherTag ID="LT4835" LABEL="HeadingLine:title" DESCRIPTION="line type HeadingLine:title"/>
  </Tags>
  
  <Layout>
    <Page WIDTH="1287"
          HEIGHT="2099"
          PHYSICAL_IMG_NR="29"
          ID="eSc_dummypage_">
      <PrintSpace HPOS="0"
                  VPOS="0"
                  WIDTH="1287"
                  HEIGHT="2099">
        
        <TextBlock HPOS="77"
                   VPOS="251"
                   WIDTH="992"
                   HEIGHT="1643"
                   ID="eSc_textblock_4f80e21c"
                   TAGREFS="BT16060">
          <Shape><Polygon POINTS="119 251 1041 258 1069 991 1048 1014 1034 1271 1069 1355 1020 1887 119 1894 77 1873 84 440 119 251"/></Shape>
          
          
          <TextLine ID="eSc_line_0b5530ff"
                    TAGREFS="LT4834"
                    BASELINE="112 327 1027 334" 
                    HPOS="110"
                    VPOS="279"
                    WIDTH="917"
                    HEIGHT="81">
            <Shape><Polygon POINTS="112 327 110 339 131 355 133 355 134 355 136 355 138 355 176 339 239 349 241 349 336 339 358 356 360 356 362 356 364 356 365 356 406 341 469 356 471 356 472 356 551 341 555 341 570 356 570 358 572 358 574 358 576 360 661 360 661 358 663 358 696 342 698 342 700 342 740 356 742 356 744 356 745 356 768 344 772 342 775 344 796 353 798 353 800 353 801 353 835 344 836 344 838 344 852 358 852 360 854 360 856 360 858 360 926 348 1006 358 1008 358 1010 358 1012 358 1026 348 1027 334 1022 285 970 304 879 304 863 288 863 286 861 286 859 286 858 286 856 286 854 286 826 302 751 302 714 288 696 283 695 283 693 283 647 290 572 300 560 290 551 283 549 283 548 283 546 283 493 292 476 293 455 292 339 279 337 279 336 279 302 293 294 299 243 299 239 295 222 279 220 279 218 279 157 279 155 279 154 279 112 295 112 327"/></Shape>
	    <String CONTENT="نرسيده باشيد و دريدی هم نه چون ديوان باشند ايشان"
                    HPOS="110"
                    VPOS="279"
                    WIDTH="917"
                    HEIGHT="81"
                    WC="0.9201067692289749"></String>
          </TextLine>

          
          
          <TextLine ID="eSc_line_381492ae"
                    TAGREFS="LT4834"
                    BASELINE="112 418 894 425 1005 432" 
                    HPOS="110"
                    VPOS="363"
                    WIDTH="895"
                    HEIGHT="95">
            <Shape><Polygon POINTS="112 418 110 430 194 432 211 449 211 451 213 451 215 451 217 451 329 437 360 446 362 446 364 446 365 446 367 446 379 435 407 453 409 453 411 453 413 453 609 446 653 456 654 456 656 456 658 456 660 456 660 454 668 447 702 456 703 456 705 456 707 456 745 439 828 439 858 439 875 454 875 456 877 456 879 456 952 458 954 458 956 458 1003 439 1005 432 1003 395 942 386 922 370 921 370 919 370 917 370 915 370 914 370 893 388 780 388 761 370 761 369 759 369 758 369 717 369 716 369 714 369 712 369 684 390 658 369 658 367 656 367 654 367 653 367 651 367 579 390 542 367 541 367 539 367 537 367 535 367 534 367 506 386 479 372 478 372 476 372 474 372 472 372 472 374 455 388 409 377 407 377 348 388 343 388 308 363 306 363 304 363 227 363 225 363 224 363 175 386 173 386 112 386 112 418"/></Shape>
	    <String CONTENT="بان خوانند و گروهی که در باطن سخن زياده از آن گويند"
                    HPOS="110"
                    VPOS="363"
                    WIDTH="895"
                    HEIGHT="95"
                    WC="0.9167562230275228"></String>
          </TextLine>

          
          
          <TextLine ID="eSc_line_2b6b753e"
                    TAGREFS="LT4834"
                    BASELINE="113 521 1031 529" 
                    HPOS="112"
                    VPOS="472"
                    WIDTH="919"
                    HEIGHT="91">
            <Shape><Polygon POINTS="113 521 112 533 152 556 154 556 155 556 157 556 196 536 264 536 301 552 302 552 304 552 306 552 362 536 383 556 383 557 385 557 386 557 388 557 520 549 521 549 523 549 535 538 591 556 593 556 595 556 597 556 633 538 703 561 705 561 707 563 789 563 789 561 791 561 793 561 814 543 849 550 850 550 891 542 931 563 933 563 935 563 936 563 978 542 1029 542 1031 529 1027 495 1013 495 1012 493 998 481 998 479 996 479 994 479 963 479 961 479 959 479 957 479 938 493 928 500 915 493 896 482 894 482 893 482 891 482 866 491 863 493 858 491 828 482 826 482 824 482 765 491 756 491 751 491 726 482 724 482 723 482 721 482 705 489 693 495 682 489 658 479 656 479 654 479 653 479 632 489 616 496 605 488 600 484 598 484 597 484 595 484 593 484 591 484 588 488 576 498 485 498 467 486 448 474 446 474 444 474 374 474 372 474 371 474 369 474 369 475 357 486 346 495 259 495 229 484 208 477 206 477 204 477 203 477 189 482 171 491 157 482 140 472 138 472 136 472 134 472 133 472 113 481 113 521"/></Shape>
	    <String CONTENT="در ظاهرانهاهم پری خواند و مردم يا کزه و خوش رد"
                    HPOS="112"
                    VPOS="472"
                    WIDTH="919"
                    HEIGHT="91"
                    WC="0.9254379376121189"></String>
          </TextLine>

          
          
          <TextLine ID="eSc_line_fadad4ca"
                    TAGREFS="LT4834"
                    BASELINE="106 610 1031 627" 
                    HPOS="105"
                    VPOS="550"
                    WIDTH="926"
                    HEIGHT="109">
            <Shape><Polygon POINTS="106 610 105 640 115 647 117 647 119 647 120 647 122 647 155 638 168 648 169 648 171 648 173 648 257 643 288 652 290 652 292 652 294 652 295 652 313 638 320 633 432 633 439 638 446 645 448 645 450 645 451 645 486 640 507 636 534 640 660 659 661 659 663 659 716 641 723 640 749 640 752 641 772 655 773 655 775 655 777 655 779 655 807 641 808 641 819 641 961 659 963 659 1029 643 1031 627 1031 580 992 566 991 566 893 564 891 564 889 564 858 582 842 591 812 591 779 580 712 564 710 564 709 564 707 564 705 564 705 566 688 580 686 584 658 585 646 580 618 570 616 570 614 570 612 570 588 580 576 585 556 580 528 573 527 573 525 573 523 573 521 573 511 580 504 584 386 584 385 580 362 557 362 556 360 556 358 556 357 556 355 556 311 578 287 563 285 563 283 563 281 563 217 573 196 552 196 550 194 550 192 550 134 550 133 550 131 550 129 550 129 552 106 573 106 610"/></Shape>
	    <String CONTENT="از جمله کودکان و بر نارا هم پری خوانند و شاعران هم مشوق"
                    HPOS="105"
                    VPOS="550"
                    WIDTH="926"
                    HEIGHT="109"
                    WC="0.8950410463593222"></String>
          </TextLine>

          
          
          <TextLine ID="eSc_line_fb08bc41"
                    TAGREFS="LT4834"
                    BASELINE="388 717 1017 720" 
                    HPOS="386"
                    VPOS="664"
                    WIDTH="631"
                    HEIGHT="88">
            <Shape><Polygon POINTS="388 717 386 729 425 741 427 741 429 741 476 732 479 732 509 750 511 750 513 750 514 750 516 750 546 738 581 750 583 750 584 752 675 752 675 750 677 750 700 739 702 739 740 752 742 752 744 752 745 752 747 752 763 741 777 734 1013 748 1017 720 1015 664 985 664 984 664 982 664 980 664 950 685 889 668 877 664 875 664 873 664 872 664 858 668 828 678 819 669 814 666 814 664 812 664 810 664 761 664 759 664 758 664 756 664 756 666 749 671 738 683 717 673 707 668 705 668 703 668 702 668 700 668 693 673 679 683 660 675 644 668 642 668 640 668 639 668 637 668 625 675 616 680 611 676 604 669 604 668 602 668 600 668 598 668 597 668 576 676 560 683 518 678 455 671 453 671 388 682 388 717"/></Shape>
	    <String CONTENT="نيكوردى را و نيكوخوى را پرى خواشد"
                    HPOS="386"
                    VPOS="664"
                    WIDTH="631"
                    HEIGHT="88"
                    WC="0.931842717257413"></String>
          </TextLine>

          
          
          <TextLine ID="eSc_line_f3beb714"
                    TAGREFS="LT4834"
                    BASELINE="108 809 894 816" 
                    HPOS="106"
                    VPOS="746"
                    WIDTH="788"
                    HEIGHT="98">
            <Shape><Polygon POINTS="108 809 106 820 166 839 168 839 169 839 171 839 208 823 266 823 280 823 299 839 301 839 302 839 304 839 306 839 308 839 327 825 357 825 406 839 407 839 518 843 520 843 681 829 735 844 737 844 738 844 740 844 772 829 773 829 828 829 831 830 861 844 863 844 865 844 866 844 893 830 894 816 894 776 819 759 817 759 815 759 814 759 791 774 786 780 730 780 726 774 709 760 709 759 707 759 705 759 703 759 702 759 661 774 658 776 654 774 630 759 628 759 626 759 625 759 623 759 621 759 621 760 605 774 604 778 546 778 539 774 502 762 500 762 499 762 434 774 427 774 413 774 392 773 369 750 369 748 367 748 365 748 304 746 259 746 257 746 255 746 203 769 154 746 152 746 150 746 148 746 147 746 108 769 108 809"/></Shape>
	    <String CONTENT="و باباسيد تا قدس اله روچه می گويد که اين ترکا"
                    HPOS="106"
                    VPOS="746"
                    WIDTH="788"
                    HEIGHT="98"
                    WC="0.90518073770735"></String>
          </TextLine>

          
          
          <TextLine ID="eSc_line_6d4dd6a3"
                    TAGREFS="LT4834"
                    BASELINE="106 913 1022 913" 
                    HPOS="106"
                    VPOS="855"
                    WIDTH="916"
                    HEIGHT="87">
            <Shape><Polygon POINTS="106 913 106 930 122 941 124 941 126 941 127 941 129 941 164 927 166 927 169 927 283 941 285 942 351 942 351 941 353 941 355 941 374 927 376 927 436 927 437 927 464 941 465 941 467 942 619 942 619 941 621 941 623 941 637 930 682 935 684 935 686 935 688 935 688 934 695 927 696 927 742 927 752 927 770 941 772 941 773 941 775 941 858 927 865 927 872 927 928 941 929 941 931 941 933 941 952 928 1022 928 1022 913 1022 867 963 867 945 855 943 855 942 855 940 855 938 855 914 867 900 876 847 876 835 869 822 862 821 862 819 862 817 862 794 869 775 874 768 869 758 860 756 860 754 860 752 860 751 860 730 869 719 874 709 869 677 855 675 855 674 855 672 855 626 871 623 871 621 871 553 855 551 855 549 855 493 872 492 872 490 872 464 855 462 855 460 855 418 855 416 855 414 855 413 855 413 857 393 872 392 876 336 876 334 874 320 860 320 858 318 858 316 858 315 858 313 858 283 874 238 857 236 857 234 857 232 857 231 857 204 872 187 857 187 855 185 855 183 855 140 855 138 855 136 855 134 855 106 872 106 913"/></Shape>
	    <String CONTENT="نه از فرزندادمیند و بعضی ترگان را چنيان خوانند بعنی"
                    HPOS="106"
                    VPOS="855"
                    WIDTH="916"
                    HEIGHT="87"
                    WC="0.8590113187537474"></String>
          </TextLine>

          
          
          <TextLine ID="eSc_line_67c8a8e8"
                    TAGREFS="LT4834"
                    BASELINE="106 1000 1008 1016" 
                    HPOS="105"
                    VPOS="944"
                    WIDTH="903"
                    HEIGHT="103">
            <Shape><Polygon POINTS="106 1000 105 1012 206 1035 208 1035 210 1035 239 1021 262 1035 264 1035 266 1035 267 1035 269 1035 295 1021 302 1018 379 1018 388 1025 409 1039 411 1039 413 1039 414 1040 483 1040 483 1039 485 1039 486 1039 497 1028 507 1021 558 1021 572 1032 583 1039 584 1039 586 1039 588 1039 621 1033 632 1032 637 1033 649 1040 651 1040 653 1040 654 1040 668 1035 691 1026 705 1037 716 1044 717 1044 719 1044 721 1044 723 1044 737 1037 749 1032 756 1039 761 1042 761 1044 763 1044 765 1044 766 1046 810 1046 810 1044 812 1044 814 1044 814 1042 815 1040 826 1032 868 1039 870 1039 872 1039 873 1039 887 1030 1005 1047 1008 1016 1008 969 984 955 982 955 980 955 901 953 900 953 898 953 861 970 859 972 859 970 842 955 842 953 840 953 838 953 812 953 810 953 808 953 807 953 786 969 782 972 719 972 712 969 702 960 700 960 698 960 696 960 695 960 677 969 674 970 668 969 637 951 635 951 633 951 632 951 597 965 569 948 567 948 565 948 523 948 521 948 520 948 518 948 518 949 499 965 497 967 492 965 443 956 441 956 402 963 378 951 376 951 374 951 372 951 371 951 351 963 350 965 344 963 308 953 306 953 304 953 302 953 267 963 266 963 238 944 236 944 234 944 232 944 231 944 229 944 199 962 159 949 157 949 155 949 106 960 106 1000"/></Shape>
	    <String CONTENT="ريان گويند پش از حضرت آدم اين جهان را پريان"
                    HPOS="105"
                    VPOS="944"
                    WIDTH="903"
                    HEIGHT="103"
                    WC="0.9483868249438026"></String>
          </TextLine>

          
          
          <TextLine ID="eSc_line_919e8f70"
                    TAGREFS="LT4834"
                    BASELINE="630 1100 1013 1096" 
                    HPOS="628"
                    VPOS="1044"
                    WIDTH="385"
                    HEIGHT="80">
            <Shape><Polygon POINTS="630 1100 630 1114 649 1124 651 1124 653 1124 654 1124 674 1114 675 1114 684 1114 807 1124 808 1124 810 1124 833 1114 836 1112 840 1114 868 1122 870 1122 872 1122 873 1122 891 1114 894 1112 1012 1112 1013 1096 1012 1068 970 1047 968 1047 966 1047 964 1047 963 1047 935 1066 858 1058 856 1058 854 1058 852 1058 842 1066 814 1047 812 1047 810 1047 698 1044 696 1044 695 1044 628 1068 630 1100"/></Shape>
	    <String CONTENT="داشته اند يعنی ترگان"
                    HPOS="628"
                    VPOS="1044"
                    WIDTH="385"
                    HEIGHT="80"
                    WC="0.9039318799972534"></String>
          </TextLine>

          
          
          <TextLine ID="eSc_line_60624f6f"
                    TAGREFS="LT4834"
                    BASELINE="108 1189 891 1192" 
                    HPOS="106"
                    VPOS="1124"
                    WIDTH="785"
                    HEIGHT="91">
            <Shape><Polygon POINTS="108 1189 106 1206 234 1199 246 1210 248 1210 248 1212 250 1212 252 1212 253 1213 299 1213 299 1212 301 1212 306 1210 327 1199 479 1199 521 1210 523 1210 525 1210 527 1210 530 1210 567 1203 574 1210 577 1212 577 1213 579 1213 581 1213 583 1215 658 1215 658 1213 660 1213 661 1213 661 1212 663 1210 674 1201 709 1201 724 1210 728 1213 730 1213 731 1213 733 1213 735 1213 745 1210 775 1201 812 1210 824 1213 826 1213 828 1213 889 1210 891 1192 889 1154 803 1149 754 1126 752 1126 728 1126 726 1126 724 1126 723 1126 696 1147 672 1133 670 1133 668 1133 590 1152 586 1152 572 1142 570 1142 569 1142 567 1142 565 1142 553 1149 528 1126 527 1126 525 1126 523 1126 521 1126 474 1150 414 1142 413 1142 364 1150 362 1150 309 1124 308 1124 229 1124 227 1124 225 1124 190 1138 162 1124 161 1124 159 1124 157 1124 155 1124 124 1150 122 1150 108 1150 108 1189"/></Shape>
	    <String CONTENT="و در ميان خلق در باره ی بهشت و دوزخ گفت و کو"
                    HPOS="106"
                    VPOS="1124"
                    WIDTH="785"
                    HEIGHT="91"
                    WC="0.8818826065822081"></String>
          </TextLine>

          
          
          <TextLine ID="eSc_line_29775097"
                    TAGREFS="LT4834"
                    BASELINE="96 1292 1099 1283" 
                    HPOS="94"
                    VPOS="1210"
                    WIDTH="1005"
                    HEIGHT="115">
            <Shape><Polygon POINTS="96 1292 96 1311 120 1324 122 1324 124 1324 126 1324 127 1324 141 1311 148 1306 204 1306 220 1310 271 1325 273 1325 274 1325 276 1325 322 1308 325 1308 327 1308 358 1318 360 1318 362 1318 364 1318 395 1308 400 1306 406 1308 458 1324 460 1324 462 1324 530 1322 532 1322 534 1322 546 1311 560 1322 562 1322 563 1322 565 1324 654 1324 654 1322 656 1322 658 1322 658 1320 677 1304 679 1301 705 1301 728 1303 845 1318 847 1318 849 1318 850 1318 866 1310 947 1310 949 1310 950 1310 952 1310 964 1299 984 1310 985 1310 987 1310 989 1310 1017 1299 1019 1299 1020 1299 1059 1308 1061 1308 1062 1308 1099 1297 1099 1283 1094 1241 933 1241 822 1210 821 1210 819 1210 817 1210 751 1233 717 1226 716 1226 714 1226 661 1240 626 1231 625 1231 623 1231 621 1231 619 1231 604 1241 530 1234 528 1234 527 1234 525 1234 516 1243 460 1213 458 1213 358 1213 357 1213 355 1213 280 1233 259 1215 257 1215 255 1215 175 1215 173 1215 171 1215 94 1247 96 1292"/></Shape>
	    <String CONTENT="تا مولانا علی ذکره السلام چنين میفر مايد که هر که می خواهد که خص"
                    HPOS="94"
                    VPOS="1210"
                    WIDTH="1005"
                    HEIGHT="115"
                    WC="0.9019705299288034"></String>
          </TextLine>

          
          
          <TextLine ID="eSc_line_eaeb683b"
                    TAGREFS="LT4834"
                    BASELINE="112 1378 1020 1378" 
                    HPOS="112"
                    VPOS="1324"
                    WIDTH="908"
                    HEIGHT="85">
            <Shape><Polygon POINTS="112 1378 112 1404 189 1392 201 1404 204 1406 204 1408 206 1408 208 1408 210 1408 232 1404 259 1397 266 1402 269 1406 269 1408 271 1408 273 1408 274 1408 276 1408 287 1402 309 1392 376 1392 395 1401 407 1408 409 1408 411 1408 413 1408 441 1401 462 1395 471 1401 479 1406 481 1406 483 1406 485 1406 486 1406 513 1399 523 1397 534 1399 567 1408 569 1408 570 1408 572 1408 574 1408 574 1406 583 1399 590 1394 611 1399 626 1401 628 1401 646 1397 674 1392 679 1397 689 1406 689 1408 691 1408 693 1408 695 1408 696 1408 723 1397 724 1395 726 1397 738 1408 740 1408 742 1408 744 1409 814 1409 814 1408 815 1408 817 1408 817 1406 829 1395 833 1392 886 1392 896 1394 936 1408 938 1408 940 1408 1020 1392 1020 1378 1020 1334 1005 1329 1003 1329 1001 1329 999 1329 998 1329 987 1336 984 1339 978 1336 971 1331 970 1331 968 1331 966 1331 938 1336 910 1343 903 1336 889 1325 889 1324 887 1324 886 1324 821 1324 819 1324 817 1324 815 1324 798 1336 777 1324 775 1324 773 1324 772 1324 770 1324 770 1325 756 1338 749 1343 731 1338 709 1332 707 1332 705 1332 703 1332 688 1339 679 1343 672 1339 663 1332 661 1332 660 1332 658 1332 623 1338 548 1324 546 1324 469 1325 467 1325 465 1325 444 1341 439 1345 308 1345 299 1343 199 1324 197 1324 112 1343 112 1378"/></Shape>
	    <String CONTENT="صواب و شخص بشت جاودانی را به بيند در مردی بايدب"
                    HPOS="112"
                    VPOS="1324"
                    WIDTH="908"
                    HEIGHT="85"
                    WC="0.9121920009876819"></String>
          </TextLine>

          
          
          <TextLine ID="eSc_line_ed4feee5"
                    TAGREFS="LT4834"
                    BASELINE="105 1476 1020 1479" 
                    HPOS="103"
                    VPOS="1409"
                    WIDTH="917"
                    HEIGHT="97">
            <Shape><Polygon POINTS="105 1476 103 1486 168 1502 169 1502 248 1490 287 1502 288 1502 290 1502 369 1500 371 1500 372 1500 386 1490 392 1490 483 1502 485 1502 486 1502 513 1492 516 1490 621 1490 623 1492 630 1499 630 1500 632 1500 633 1500 635 1500 688 1493 714 1504 716 1504 717 1506 770 1506 770 1504 772 1504 773 1504 773 1502 782 1493 786 1492 852 1492 856 1495 865 1502 865 1504 866 1504 868 1504 870 1504 1019 1495 1020 1479 1013 1416 992 1434 936 1434 914 1418 908 1415 907 1415 905 1415 903 1415 901 1415 900 1415 893 1420 850 1444 821 1444 803 1429 803 1427 801 1427 800 1427 779 1422 742 1413 740 1413 738 1413 737 1413 723 1422 689 1443 614 1430 612 1430 611 1430 609 1430 609 1432 597 1444 567 1444 544 1425 539 1420 537 1420 535 1420 534 1420 532 1420 530 1420 523 1425 499 1443 478 1443 458 1427 450 1418 448 1418 446 1418 444 1418 443 1418 420 1427 383 1441 337 1436 332 1429 323 1422 323 1420 322 1420 320 1420 318 1420 267 1429 229 1409 227 1409 136 1409 134 1409 133 1409 131 1409 105 1427 105 1476"/></Shape>
	    <String CONTENT="که خلق را بجدای خواند و خدای داند و بردين حريصی نکند"
                    HPOS="103"
                    VPOS="1409"
                    WIDTH="917"
                    HEIGHT="97"
                    WC="0.9084419086575508"></String>
          </TextLine>

          
          
          <TextLine ID="eSc_line_fda970bf"
                    TAGREFS="LT4834"
                    BASELINE="105 1569 1019 1572" 
                    HPOS="103"
                    VPOS="1514"
                    WIDTH="916"
                    HEIGHT="86">
            <Shape><Polygon POINTS="105 1569 103 1588 129 1596 131 1596 133 1596 134 1596 136 1596 148 1588 164 1577 190 1577 215 1588 238 1596 239 1596 241 1596 243 1596 245 1596 245 1595 255 1586 264 1577 292 1586 297 1588 299 1588 301 1588 302 1588 304 1588 306 1586 316 1577 364 1577 372 1586 385 1595 385 1596 386 1596 388 1596 390 1598 446 1598 446 1596 448 1596 450 1596 469 1584 478 1579 528 1577 537 1584 551 1596 553 1596 555 1596 583 1598 584 1598 682 1582 702 1579 705 1581 728 1598 730 1598 731 1598 733 1600 763 1600 763 1598 765 1598 766 1598 766 1596 784 1581 794 1581 819 1579 821 1581 836 1595 836 1596 838 1596 840 1596 842 1596 843 1596 866 1589 886 1598 887 1598 889 1598 891 1598 893 1598 903 1588 928 1598 929 1598 931 1598 1017 1577 1019 1572 1017 1535 942 1520 940 1520 938 1520 910 1530 887 1521 886 1521 884 1521 882 1521 880 1521 880 1523 868 1534 808 1521 807 1521 805 1521 772 1534 744 1516 742 1516 740 1516 738 1516 737 1516 735 1516 709 1534 707 1534 653 1516 651 1516 588 1516 586 1516 584 1516 583 1516 558 1530 542 1516 542 1514 541 1514 539 1514 457 1514 455 1514 453 1514 451 1514 430 1532 357 1520 355 1520 290 1532 288 1532 269 1514 267 1514 266 1514 210 1514 208 1514 206 1514 204 1514 185 1532 183 1532 182 1532 140 1523 138 1523 105 1530 105 1569"/></Shape>
	    <String CONTENT="در اين باب حضرت رسول عليه السلام در حديث می فريا"
                    HPOS="103"
                    VPOS="1514"
                    WIDTH="916"
                    HEIGHT="86"
                    WC="0.9098341229061285"></String>
          </TextLine>

          
          
          <TextLine ID="eSc_line_403c313c"
                    TAGREFS="LT4834"
                    BASELINE="108 1663 1012 1663" 
                    HPOS="108"
                    VPOS="1596"
                    WIDTH="904"
                    HEIGHT="95">
            <Shape><Polygon POINTS="108 1663 108 1679 122 1689 124 1689 126 1689 127 1689 187 1677 294 1677 315 1689 316 1689 318 1689 320 1691 388 1691 388 1689 390 1689 392 1689 402 1680 411 1689 413 1689 414 1689 416 1691 497 1691 497 1689 499 1689 500 1689 518 1677 584 1689 586 1689 633 1680 747 1689 749 1689 751 1689 773 1677 791 1689 793 1689 794 1689 796 1689 798 1689 800 1689 815 1679 828 1687 829 1687 831 1687 833 1687 835 1687 854 1677 856 1677 859 1677 908 1687 910 1687 1012 1677 1012 1663 1012 1612 982 1596 980 1596 978 1596 919 1596 917 1596 915 1596 914 1596 887 1617 877 1626 856 1626 845 1617 835 1609 833 1609 831 1609 829 1609 828 1609 826 1609 815 1617 807 1626 728 1626 721 1619 700 1598 700 1596 698 1596 696 1596 660 1596 658 1596 656 1596 654 1596 630 1619 621 1619 602 1623 597 1621 565 1596 563 1596 562 1596 464 1596 462 1596 460 1596 458 1596 421 1619 386 1623 362 1624 357 1623 294 1596 292 1596 290 1596 288 1596 287 1596 243 1624 239 1626 108 1626 108 1663"/></Shape>
	    <String CONTENT="السلمان باب من ابواب الجنة چون در بشت مردىب"
                    HPOS="108"
                    VPOS="1596"
                    WIDTH="904"
                    HEIGHT="95"
                    WC="0.944093011146368"></String>
          </TextLine>

          
          
          <TextLine ID="eSc_line_53a202d5"
                    TAGREFS="LT4834"
                    BASELINE="96 1761 1017 1768" 
                    HPOS="94"
                    VPOS="1691"
                    WIDTH="923"
                    HEIGHT="105">
            <Shape><Polygon POINTS="96 1761 94 1773 150 1773 152 1775 166 1787 166 1789 168 1789 169 1789 171 1791 271 1791 271 1789 273 1789 274 1789 297 1775 301 1773 306 1775 339 1787 341 1787 343 1787 344 1787 367 1775 369 1775 371 1775 406 1784 407 1784 409 1784 472 1775 481 1775 483 1775 506 1791 507 1791 509 1791 556 1792 558 1792 560 1792 562 1792 577 1780 628 1789 630 1789 632 1789 633 1789 649 1778 682 1792 684 1792 686 1794 763 1794 763 1792 765 1792 766 1792 786 1777 787 1777 814 1777 836 1777 877 1794 879 1794 880 1796 957 1796 957 1794 959 1794 961 1794 961 1792 977 1778 1015 1778 1017 1768 1017 1707 931 1696 929 1696 928 1696 907 1707 905 1708 900 1707 856 1696 854 1696 852 1696 850 1696 849 1696 831 1708 812 1722 786 1722 693 1721 672 1710 663 1707 661 1707 660 1707 658 1707 644 1710 630 1715 621 1712 598 1700 597 1700 595 1700 593 1700 591 1700 572 1712 556 1721 542 1712 537 1710 535 1710 534 1710 532 1710 530 1710 528 1712 520 1721 378 1721 367 1714 329 1691 327 1691 325 1691 253 1691 252 1691 250 1691 248 1691 224 1708 157 1691 155 1691 154 1691 152 1691 150 1691 120 1717 96 1717 96 1761"/></Shape>
	    <String CONTENT="كه پيش گااش هم مردى خواهد بود و در حديث ديگر حضرت"
                    HPOS="94"
                    VPOS="1691"
                    WIDTH="923"
                    HEIGHT="105"
                    WC="0.9032538417650728"></String>
          </TextLine>

          
          
          <TextLine ID="eSc_line_a62817c9"
                    TAGREFS="LT4834"
                    BASELINE="115 1852 1013 1862" 
                    HPOS="113"
                    VPOS="1794"
                    WIDTH="900"
                    HEIGHT="100">
            <Shape><Polygon POINTS="115 1852 113 1883 201 1885 203 1885 204 1885 206 1885 208 1883 222 1873 236 1883 238 1883 239 1883 241 1883 243 1883 281 1871 294 1883 295 1883 295 1885 297 1885 299 1885 301 1885 302 1885 306 1883 330 1871 360 1883 365 1885 367 1885 432 1889 434 1889 436 1889 437 1889 444 1883 446 1880 457 1883 478 1889 479 1889 481 1889 483 1889 495 1882 514 1873 562 1873 663 1873 682 1882 712 1892 714 1892 716 1894 877 1894 877 1892 879 1892 880 1892 893 1883 901 1892 903 1892 905 1892 907 1892 908 1892 936 1880 943 1878 949 1880 984 1894 985 1894 987 1894 989 1894 1012 1880 1013 1862 1013 1817 959 1817 957 1815 938 1801 936 1801 935 1801 933 1801 880 1810 819 1799 817 1799 815 1799 814 1799 798 1812 794 1815 765 1815 758 1810 744 1805 742 1805 740 1805 738 1805 724 1810 719 1812 717 1810 703 1798 702 1798 700 1798 646 1798 644 1798 642 1798 623 1808 614 1812 605 1808 588 1799 586 1799 584 1799 583 1799 581 1799 570 1806 565 1812 558 1806 544 1796 542 1796 541 1796 539 1796 537 1796 535 1796 523 1806 516 1810 441 1805 325 1794 323 1794 285 1801 246 1806 115 1798 115 1852"/></Shape>
	    <String CONTENT="فرموده كه سلمان جان بشت است چون جان بهشت مردى"
                    HPOS="113"
                    VPOS="1794"
                    WIDTH="900"
                    HEIGHT="100"
                    WC="0.9440582871437073"></String>
          </TextLine>

          
        </TextBlock>
        
        <TextBlock HPOS="518"
                   VPOS="160"
                   WIDTH="124"
                   HEIGHT="90"
                   ID="eSc_textblock_cfd62ca4"
                   TAGREFS="BT16059">
          <Shape><Polygon POINTS="560 160 642 174 642 222 546 250 518 188 560 160"/></Shape>
          
          
          <TextLine ID="eSc_line_eba0fb12"
                    TAGREFS="LT4834"
                    BASELINE="548 208 600 204" 
                    HPOS="544"
                    VPOS="164"
                    WIDTH="58"
                    HEIGHT="80">
            <Shape><Polygon POINTS="586 164 562 180 544 178 548 208 549 244 602 243 600 204 591 164 586 164"/></Shape>
	    <String CONTENT=""
                    HPOS="544"
                    VPOS="164"
                    WIDTH="58"
                    HEIGHT="80"></String>
          </TextLine>

          
        </TextBlock>
        
        <TextBlock HPOS="476"
                   VPOS="1903"
                   WIDTH="138"
                   HEIGHT="75"
                   ID="eSc_textblock_bb1fbb78"
                   TAGREFS="BT16061">
          <Shape><Polygon POINTS="518 1903 593 1910 614 1978 490 1964 476 1931 518 1903"/></Shape>
          
          
          <TextLine ID="eSc_line_b6c7b691"
                    TAGREFS="LT4834"
                    BASELINE="506 1953 600 1948" 
                    HPOS="502"
                    VPOS="1913"
                    WIDTH="98"
                    HEIGHT="68">
            <Shape><Polygon POINTS="591 1920 567 1913 565 1913 563 1913 502 1925 506 1953 506 1962 542 1962 558 1973 569 1981 570 1981 572 1981 574 1981 600 1980 600 1948 598 1939 591 1920"/></Shape>
	    <String CONTENT=""
                    HPOS="502"
                    VPOS="1913"
                    WIDTH="98"
                    HEIGHT="68"></String>
          </TextLine>

          
        </TextBlock>
        
        <TextBlock HPOS="1057"
                   VPOS="1217"
                   WIDTH="68"
                   HEIGHT="89"
                   ID="eSc_textblock_f3ec850a"
                   TAGREFS="BT16062">
          <Shape><Polygon POINTS="1085 1217 1118 1224 1125 1271 1104 1306 1057 1306 1064 1224 1085 1217"/></Shape>
          
        </TextBlock>
        

        
      </PrintSpace>
    </Page>
  </Layout>
</alto>
