<?xml version="1.0" encoding="UTF-8"?>
<alto xmlns:xsi="http://www.w3.org/2001/XMLSchema-instance"
      xmlns="http://www.loc.gov/standards/alto/ns-v4#"
      xsi:schemaLocation="http://www.loc.gov/standards/alto/ns-v4# http://www.loc.gov/standards/alto/v4/alto-4-2.xsd">
  <Description>
    <MeasurementUnit>pixel</MeasurementUnit>
    <sourceImageInformation>
      <fileName>TwoIsmailiTreatises012.jpg</fileName>
      
    </sourceImageInformation>
  </Description>
  
  <Tags>
    <OtherTag ID="BT16074" LABEL="MarginTextZone:commentary" DESCRIPTION="block type MarginTextZone:commentary"/><OtherTag ID="BT16073" LABEL="MarginTextZone:note#1" DESCRIPTION="block type MarginTextZone:note#1"/><OtherTag ID="BT16072" LABEL="MainZone:column#2" DESCRIPTION="block type MainZone:column#2"/><OtherTag ID="BT16071" LABEL="MainZone:column#3" DESCRIPTION="block type MainZone:column#3"/><OtherTag ID="BT16070" LABEL="GraphicZone:illustration" DESCRIPTION="block type GraphicZone:illustration"/><OtherTag ID="BT16069" LABEL="MainZone:column#1" DESCRIPTION="block type MainZone:column#1"/><OtherTag ID="BT16068" LABEL="MarginTextZone:note#2" DESCRIPTION="block type MarginTextZone:note#2"/><OtherTag ID="BT16067" LABEL="CustomZone:publication" DESCRIPTION="block type CustomZone:publication"/><OtherTag ID="BT16066" LABEL="RunningTitleZone" DESCRIPTION="block type RunningTitleZone"/><OtherTag ID="BT16065" LABEL="NumberingZone" DESCRIPTION="block type NumberingZone"/><OtherTag ID="BT16064" LABEL="default" DESCRIPTION="block type default"/><OtherTag ID="BT16063" LABEL="TitlePageZone" DESCRIPTION="block type TitlePageZone"/><OtherTag ID="BT16062" LABEL="NumberingZone:other" DESCRIPTION="block type NumberingZone:other"/><OtherTag ID="BT16061" LABEL="QuireMarksZone:catchwords" DESCRIPTION="block type QuireMarksZone:catchwords"/><OtherTag ID="BT16060" LABEL="MainZone" DESCRIPTION="block type MainZone"/><OtherTag ID="BT16059" LABEL="NumberingZone:page" DESCRIPTION="block type NumberingZone:page"/><OtherTag ID="BT16058" LABEL="MarginTextZone:note" DESCRIPTION="block type MarginTextZone:note"/><OtherTag ID="BT16057" LABEL="DigitizationArtefactZone" DESCRIPTION="block type DigitizationArtefactZone"/><OtherTag ID="BT4" LABEL="Illustration" DESCRIPTION="block type Illustration"/><OtherTag ID="BT3" LABEL="Commentary" DESCRIPTION="block type Commentary"/><OtherTag ID="BT2" LABEL="Main" DESCRIPTION="block type Main"/><OtherTag ID="BT1" LABEL="Title" DESCRIPTION="block type Title"/>
    <OtherTag ID="LT4834" LABEL="DefaultLine" DESCRIPTION="line type DefaultLine"/><OtherTag ID="LT4835" LABEL="HeadingLine:title" DESCRIPTION="line type HeadingLine:title"/>
  </Tags>
  
  <Layout>
    <Page WIDTH="1402"
          HEIGHT="2156"
          PHYSICAL_IMG_NR="8"
          ID="eSc_dummypage_">
      <PrintSpace HPOS="0"
                  VPOS="0"
                  WIDTH="1402"
                  HEIGHT="2156">
        
        <TextBlock HPOS="352"
                   VPOS="237"
                   WIDTH="1012"
                   HEIGHT="1586"
                   ID="eSc_textblock_aafc6c79"
                   TAGREFS="BT16060">
          <Shape><Polygon POINTS="819 237 1357 273 1364 1737 1335 1823 352 1809 352 265 395 244 819 237"/></Shape>
          
          
          <TextLine ID="eSc_line_e6d9afdf"
                    TAGREFS="LT4834"
                    BASELINE="354 341 1312 328" 
                    HPOS="352"
                    VPOS="273"
                    WIDTH="960"
                    HEIGHT="102">
            <Shape><Polygon POINTS="354 341 354 359 373 373 375 373 377 373 379 373 479 355 490 353 524 353 569 355 605 375 607 375 609 375 670 373 672 373 674 373 693 361 778 371 780 371 781 371 783 371 783 370 798 357 850 371 851 371 853 371 855 371 857 371 857 370 873 355 907 355 938 370 940 370 941 371 992 371 992 370 993 370 995 370 995 368 1017 348 1055 359 1056 359 1058 359 1060 359 1062 359 1078 346 1162 368 1164 368 1166 368 1312 341 1312 328 1310 278 1292 273 1290 273 1288 273 1286 273 1285 273 1277 278 1252 300 1202 300 1170 282 1153 274 1152 274 1080 274 1078 274 1076 274 1055 287 1028 301 1004 291 1002 291 1001 291 947 301 932 291 929 287 927 287 925 287 923 287 922 287 920 287 914 291 895 303 853 294 851 294 850 294 762 305 749 298 727 280 726 280 724 280 722 280 720 280 638 301 629 303 625 301 593 285 591 285 494 282 492 282 490 282 488 282 488 283 461 307 427 300 425 300 352 310 354 341"/></Shape>
	    <String CONTENT="طلبيد و هزار و يک نام خداوندی و نودو نه نام معروف و شهور"
                    HPOS="352"
                    VPOS="273"
                    WIDTH="960"
                    HEIGHT="102"
                    WC="0.9093726969191006"></String>
          </TextLine>

          
          
          <TextLine ID="eSc_line_9151b7e2"
                    TAGREFS="LT4834"
                    BASELINE="350 443 1321 431" 
                    HPOS="348"
                    VPOS="373"
                    WIDTH="973"
                    HEIGHT="103">
            <Shape><Polygon POINTS="350 443 350 472 375 476 377 476 379 476 381 476 381 474 384 472 402 454 456 467 458 467 460 467 488 452 603 452 616 465 627 474 629 474 630 474 632 474 735 461 787 454 794 459 808 468 810 468 812 468 814 468 880 456 904 452 931 454 934 454 949 468 949 470 950 470 952 470 954 472 1011 472 1011 470 1013 470 1015 470 1040 450 1044 449 1055 450 1091 458 1092 458 1094 458 1096 458 1096 456 1105 449 1109 445 1118 449 1159 465 1161 465 1252 467 1254 467 1256 467 1321 441 1321 431 1313 373 1279 391 1231 379 1229 379 1227 379 1225 379 1224 379 1197 397 1126 397 1082 382 1056 373 1055 373 1053 373 1051 373 1049 373 1037 384 1035 384 1013 384 983 384 981 384 979 384 977 384 977 386 963 400 913 400 900 388 893 382 893 380 891 380 889 380 887 380 886 380 884 380 871 389 834 375 832 375 765 375 763 375 762 375 760 375 738 395 727 404 686 404 675 397 643 380 641 380 639 380 638 380 602 398 593 404 585 400 555 386 553 386 524 382 523 382 521 382 519 382 503 395 411 380 409 380 408 380 406 380 406 382 377 407 348 407 350 443"/></Shape>
	    <String CONTENT="که نام حضرت مولانا نام خداوند ت بارگ و تعالى اهست مولاناه يعی"
                    HPOS="348"
                    VPOS="373"
                    WIDTH="973"
                    HEIGHT="103"
                    WC="0.8677557726375392"></String>
          </TextLine>

          
          
          <TextLine ID="eSc_line_a2f2aab7"
                    TAGREFS="LT4834"
                    BASELINE="370 542 1313 531" 
                    HPOS="368"
                    VPOS="476"
                    WIDTH="945"
                    HEIGHT="98">
            <Shape><Polygon POINTS="370 542 370 574 406 574 406 573 408 573 409 573 409 571 431 553 469 553 487 569 488 571 488 573 490 573 492 573 494 574 514 574 514 573 548 567 593 560 614 565 623 567 625 567 627 567 629 567 641 564 693 549 738 560 751 564 753 564 754 564 774 560 789 556 790 558 803 569 805 569 807 569 808 569 862 567 864 567 866 567 882 556 895 547 927 555 963 562 965 562 967 562 997 551 1006 549 1015 551 1067 565 1069 565 1071 565 1073 565 1074 565 1098 547 1101 546 1110 547 1135 555 1137 555 1139 555 1141 555 1168 547 1198 564 1200 564 1202 564 1204 564 1247 546 1279 551 1281 551 1283 551 1313 540 1313 531 1310 499 1285 499 1267 483 1267 481 1265 481 1263 481 1261 481 1260 481 1258 481 1238 499 1200 499 1155 476 1153 476 1152 476 1044 477 1042 477 1008 495 952 479 950 479 949 479 947 479 945 479 945 481 931 494 913 481 911 481 909 481 907 481 905 481 837 503 807 494 805 494 803 494 801 494 799 494 799 495 790 503 738 495 736 495 665 504 524 483 523 483 521 483 519 483 481 506 451 499 449 499 447 499 368 508 370 542"/></Shape>
	    <String CONTENT="خداوند يا و ديگر آنکه مولانا را ايام خوانده اند در قرآن سفر بايد م"
                    HPOS="368"
                    VPOS="476"
                    WIDTH="945"
                    HEIGHT="98"
                    WC="0.7990462052471498"></String>
          </TextLine>

          
          
          <TextLine ID="eSc_line_f86576aa"
                    TAGREFS="LT4834"
                    BASELINE="346 625 1319 630" 
                    HPOS="345"
                    VPOS="556"
                    WIDTH="974"
                    HEIGHT="108">
            <Shape><Polygon POINTS="346 625 345 639 386 661 388 661 390 661 391 661 424 646 461 646 483 661 485 661 487 661 488 661 546 657 548 657 550 657 550 655 559 648 573 661 575 661 576 661 578 661 634 659 636 659 638 659 657 645 701 662 702 662 704 664 807 664 807 662 808 662 810 662 823 652 875 662 877 662 878 662 920 643 1013 643 1029 657 1031 657 1033 657 1035 657 1089 645 1132 662 1134 662 1135 662 1137 662 1139 662 1168 645 1193 655 1195 655 1197 655 1317 643 1319 630 1319 594 1274 580 1272 580 1270 580 1268 580 1231 591 1197 562 1197 560 1195 560 1193 560 1191 560 1125 569 1103 560 1101 560 1100 560 1098 560 1096 560 1096 562 1062 594 1015 594 993 571 993 569 992 569 990 569 988 569 986 569 984 569 967 583 950 569 950 567 949 567 947 567 945 567 943 567 941 567 941 569 922 589 877 591 853 578 851 578 850 578 848 578 837 583 807 558 805 558 803 558 801 558 799 558 798 558 798 560 763 592 681 592 645 558 645 556 643 556 641 556 639 556 517 573 494 556 492 556 490 556 488 556 433 558 431 558 429 558 388 591 346 591 346 625"/></Shape>
	    <String CONTENT="ندعوا كل أناس بأمامهم وذيكر فرموده وكل شيء أحصينا"
                    HPOS="345"
                    VPOS="556"
                    WIDTH="974"
                    HEIGHT="108"
                    WC="0.9441783118706483"></String>
          </TextLine>

          
          
          <TextLine ID="eSc_line_ebdc0cb5"
                    TAGREFS="LT4834"
                    BASELINE="346 736 1317 736" 
                    HPOS="346"
                    VPOS="670"
                    WIDTH="971"
                    HEIGHT="104">
            <Shape><Polygon POINTS="346 736 346 761 436 770 438 770 440 770 461 761 479 754 589 754 600 759 614 767 616 767 618 767 620 767 621 767 629 759 634 754 683 754 690 759 693 763 695 763 697 763 699 763 701 763 711 758 715 756 717 758 729 770 729 772 731 772 733 772 735 772 736 772 762 758 774 770 774 772 776 772 778 772 780 774 837 774 837 772 839 772 841 772 866 758 869 754 873 758 891 772 893 772 895 772 896 772 898 772 936 758 972 772 974 772 976 772 977 772 979 772 979 770 995 756 997 754 1040 754 1042 756 1062 772 1064 772 1065 772 1067 774 1123 774 1123 772 1125 772 1126 772 1139 761 1164 772 1166 772 1168 772 1170 772 1202 754 1222 767 1224 767 1225 767 1227 767 1229 767 1258 756 1274 770 1276 770 1277 770 1279 770 1281 770 1317 752 1317 736 1317 698 1290 688 1288 688 1286 688 1285 688 1283 688 1270 697 1251 680 1249 680 1247 680 1245 680 1243 680 1242 680 1227 693 1204 671 1204 670 1202 670 1200 670 1198 670 1197 670 1195 670 1161 698 1141 698 1100 682 1098 682 1096 682 1094 682 1067 695 1028 671 1026 671 1024 671 1022 671 938 689 900 677 898 677 896 677 895 677 893 677 855 698 749 698 690 670 688 670 686 670 684 670 683 670 647 700 623 700 530 670 528 670 395 670 393 670 391 670 390 670 346 697 346 736"/></Shape>
	    <String CONTENT="فی امام مبين و نام امام هم در قرآن بسيار است کو يل می کند"
                    HPOS="346"
                    VPOS="670"
                    WIDTH="971"
                    HEIGHT="104"
                    WC="0.8795715416299885"></String>
          </TextLine>

          
          
          <TextLine ID="eSc_line_8e23c31d"
                    TAGREFS="LT4834"
                    BASELINE="350 830 1322 822" 
                    HPOS="348"
                    VPOS="767"
                    WIDTH="974"
                    HEIGHT="100">
            <Shape><Polygon POINTS="350 830 350 848 411 842 417 848 427 857 427 858 429 858 431 858 535 867 537 867 539 867 541 867 569 846 575 840 620 840 629 844 652 862 654 862 656 862 745 865 747 865 749 865 751 865 751 864 772 842 774 842 778 842 821 853 823 853 825 853 826 853 826 851 837 842 841 839 1017 839 1019 840 1047 864 1049 864 1051 864 1053 864 1055 864 1101 851 1112 860 1112 862 1114 862 1116 862 1118 862 1195 853 1247 862 1249 862 1251 862 1252 862 1252 860 1270 842 1321 835 1322 822 1313 767 1281 786 1263 777 1261 777 1260 777 1258 777 1256 777 1243 786 1195 779 1193 779 1062 788 1038 774 1033 768 1031 768 1029 768 1028 768 1026 768 1015 774 992 786 961 776 943 768 941 768 940 768 938 768 918 776 889 788 866 779 864 779 862 779 769 790 753 781 742 772 740 772 738 772 736 772 735 772 718 781 708 770 706 770 704 770 702 770 701 770 679 783 666 790 659 783 654 779 654 777 652 777 650 777 648 777 647 777 630 783 618 788 612 783 598 770 596 770 594 770 593 770 591 770 589 770 589 772 578 781 528 776 526 776 524 776 523 776 523 777 512 786 510 786 508 786 492 774 490 774 488 774 487 774 485 774 452 785 429 772 427 772 361 772 359 772 357 772 355 772 355 774 354 774 348 777 350 830"/></Shape>
	    <String CONTENT="كه نام امام هم نام خدا است و در حديث هم حضرت رسول میفر مايد لس"
                    HPOS="348"
                    VPOS="767"
                    WIDTH="974"
                    HEIGHT="100"
                    WC="0.9199707508087158"></String>
          </TextLine>

          
          
          <TextLine ID="eSc_line_ac63ef64"
                    TAGREFS="LT4834"
                    BASELINE="348 927 1326 919" 
                    HPOS="348"
                    VPOS="853"
                    WIDTH="978"
                    HEIGHT="99">
            <Shape><Polygon POINTS="348 927 348 948 515 950 517 950 519 950 521 950 526 946 539 937 560 945 578 952 580 952 582 952 584 952 585 952 585 950 591 945 600 936 762 941 958 948 959 948 961 948 963 948 963 946 974 937 977 934 984 937 1011 948 1013 948 1015 950 1015 948 1017 948 1046 936 1051 934 1055 936 1078 948 1080 948 1082 950 1082 948 1083 948 1109 936 1110 934 1112 936 1128 943 1130 943 1132 943 1179 934 1189 932 1204 934 1286 943 1288 943 1290 943 1326 930 1326 919 1324 865 1308 853 1306 853 1304 853 1258 853 1256 853 1254 853 1252 853 1229 869 1218 878 1206 871 1189 862 1188 862 1186 862 1184 862 1182 862 1170 871 1166 874 1159 871 1144 865 1143 865 1141 865 1139 865 1137 865 1137 867 1132 873 1123 882 1010 882 1002 874 997 871 997 869 995 869 993 869 992 869 990 869 988 869 979 874 974 880 968 874 950 860 949 860 947 860 945 860 943 860 941 860 941 862 925 876 920 883 889 883 884 876 862 857 862 855 860 855 859 855 857 855 776 857 774 857 731 880 724 883 713 880 690 873 688 873 686 873 684 873 668 882 665 883 661 882 634 867 632 867 630 867 629 867 627 867 605 882 587 867 587 865 585 865 584 865 582 865 580 865 560 876 535 858 533 858 532 858 530 858 528 858 526 858 526 860 501 885 499 887 474 887 474 885 447 860 447 858 445 858 443 858 386 858 384 858 382 858 381 858 355 876 348 927"/></Shape>
	    <String CONTENT="خلت الأرض من امام ساعة لمادت به أهلها و در جای ديگر"
                    HPOS="348"
                    VPOS="853"
                    WIDTH="978"
                    HEIGHT="99"
                    WC="0.9313933107088197"></String>
          </TextLine>

          
          
          <TextLine ID="eSc_line_bcae6f96"
                    TAGREFS="LT4834"
                    BASELINE="348 1013 1322 1018" 
                    HPOS="346"
                    VPOS="963"
                    WIDTH="976"
                    HEIGHT="82">
            <Shape><Polygon POINTS="348 1013 346 1022 411 1042 413 1042 415 1042 417 1042 467 1027 503 1042 505 1042 506 1042 508 1042 510 1042 530 1025 643 1038 645 1038 647 1038 648 1038 648 1036 663 1025 697 1034 699 1034 701 1034 702 1034 704 1034 713 1027 731 1043 733 1043 735 1043 736 1045 868 1045 868 1043 869 1043 889 1033 905 1043 907 1043 909 1043 911 1045 970 1045 970 1043 972 1043 1006 1029 1026 1038 1028 1038 1029 1038 1105 1029 1155 1045 1157 1045 1159 1045 1161 1045 1218 1029 1274 1045 1276 1045 1277 1045 1279 1045 1281 1045 1281 1043 1297 1029 1321 1029 1322 1018 1322 988 1303 977 1301 977 1299 977 1220 984 1209 975 1207 975 1206 975 1204 975 1202 975 1200 975 1184 988 1137 988 1116 968 1116 966 1114 966 1112 966 1110 966 1058 973 997 964 995 964 993 964 938 984 893 968 891 968 889 968 887 968 835 984 814 970 812 970 810 970 808 970 807 970 805 970 805 971 790 986 751 986 724 964 722 964 720 964 718 964 681 971 672 964 672 963 670 963 668 963 605 963 603 963 602 963 600 963 600 964 582 982 537 963 535 963 533 963 532 963 530 963 530 964 510 984 354 984 348 1013"/></Shape>
	    <String CONTENT="فرموده من مات ولم يعرف امام زمانه فقدمات ميته"
                    HPOS="346"
                    VPOS="963"
                    WIDTH="976"
                    HEIGHT="82"
                    WC="0.9673957573042975"></String>
          </TextLine>

          
          
          <TextLine ID="eSc_line_064cc494"
                    TAGREFS="LT4834"
                    BASELINE="379 1117 1321 1113" 
                    HPOS="377"
                    VPOS="1051"
                    WIDTH="944"
                    HEIGHT="97">
            <Shape><Polygon POINTS="379 1117 379 1126 420 1128 438 1146 438 1148 440 1148 442 1148 443 1148 474 1146 476 1146 478 1146 505 1126 544 1142 546 1142 548 1142 550 1142 576 1130 593 1146 593 1148 594 1148 596 1148 598 1148 702 1137 740 1148 742 1148 744 1148 745 1148 794 1135 807 1146 808 1146 810 1146 812 1146 814 1146 816 1146 846 1126 848 1126 895 1126 929 1146 931 1146 932 1146 934 1148 988 1148 988 1146 990 1146 1028 1124 1029 1124 1069 1140 1071 1140 1073 1140 1074 1140 1098 1131 1109 1140 1109 1142 1110 1142 1112 1142 1114 1142 1116 1142 1118 1142 1144 1126 1179 1146 1180 1146 1182 1146 1184 1146 1233 1124 1319 1124 1321 1113 1317 1078 1292 1078 1267 1052 1267 1051 1265 1051 1263 1051 1261 1051 1260 1051 1215 1067 1159 1051 1157 1051 1155 1051 1153 1051 1119 1065 1103 1051 1101 1051 1100 1051 1098 1051 1096 1051 1062 1060 1049 1051 1047 1051 1046 1051 1044 1051 1042 1051 1040 1051 1013 1074 995 1060 993 1060 992 1060 990 1060 988 1060 986 1060 986 1061 968 1078 927 1078 900 1052 900 1051 898 1051 896 1051 895 1051 893 1051 832 1067 817 1054 817 1052 816 1052 814 1052 812 1052 810 1052 769 1065 756 1054 756 1052 754 1052 753 1052 701 1052 699 1052 697 1052 695 1052 695 1054 672 1078 648 1079 609 1079 587 1065 585 1065 584 1065 582 1065 533 1076 512 1058 512 1056 510 1056 508 1056 506 1056 505 1056 503 1056 469 1079 377 1079 379 1117"/></Shape>
	    <String CONTENT="جاهليه والجاهل فی النار بتی اگر انام زمان ساعتی نيا"
                    HPOS="377"
                    VPOS="1051"
                    WIDTH="944"
                    HEIGHT="97"
                    WC="0.9133352415234435"></String>
          </TextLine>

          
          
          <TextLine ID="eSc_line_611f8f26"
                    TAGREFS="LT4834"
                    BASELINE="350 1214 1317 1219" 
                    HPOS="348"
                    VPOS="1153"
                    WIDTH="969"
                    HEIGHT="92">
            <Shape><Polygon POINTS="350 1214 348 1230 390 1239 391 1239 433 1230 451 1227 456 1230 467 1239 469 1239 470 1239 472 1239 474 1239 476 1239 476 1237 485 1230 490 1225 503 1230 514 1234 515 1234 517 1234 519 1234 521 1234 526 1230 537 1225 668 1225 675 1228 690 1241 692 1241 693 1241 695 1243 799 1243 799 1241 801 1241 828 1228 832 1227 835 1228 855 1241 857 1241 859 1241 860 1241 911 1230 1035 1243 1037 1243 1038 1243 1062 1230 1087 1243 1089 1243 1091 1243 1092 1243 1094 1243 1116 1228 1179 1237 1180 1237 1224 1228 1242 1243 1243 1243 1245 1243 1247 1245 1294 1245 1294 1243 1295 1243 1297 1243 1315 1227 1317 1219 1315 1178 1193 1162 1191 1162 1189 1162 1159 1176 1123 1164 1121 1164 1119 1164 1118 1164 1073 1176 1071 1176 1069 1176 1033 1157 1031 1157 992 1155 990 1155 988 1155 986 1155 956 1175 904 1166 902 1166 900 1166 866 1175 839 1155 837 1155 835 1155 834 1155 832 1155 789 1175 763 1166 762 1166 760 1166 758 1166 756 1166 745 1173 724 1155 722 1155 720 1155 718 1155 717 1155 672 1166 657 1153 656 1153 654 1153 652 1153 650 1153 621 1167 593 1153 591 1153 589 1153 587 1153 585 1153 585 1155 567 1171 559 1164 557 1164 555 1164 553 1164 490 1173 458 1153 456 1153 454 1153 381 1153 379 1153 377 1153 375 1153 350 1167 350 1214"/></Shape>
	    <String CONTENT="هر آينه جهان وايل جهان را وجودی نباشد و در حديث ديگر"
                    HPOS="348"
                    VPOS="1153"
                    WIDTH="969"
                    HEIGHT="92"
                    WC="0.9383509755134583"></String>
          </TextLine>

          
          
          <TextLine ID="eSc_line_76178819"
                    TAGREFS="LT4834"
                    BASELINE="348 1307 1322 1313" 
                    HPOS="346"
                    VPOS="1243"
                    WIDTH="976"
                    HEIGHT="102">
            <Shape><Polygon POINTS="348 1307 346 1334 460 1340 461 1340 463 1340 465 1340 472 1334 487 1324 533 1324 544 1333 550 1338 550 1340 551 1340 553 1340 555 1342 596 1342 596 1340 630 1333 672 1324 796 1327 799 1331 812 1342 814 1342 816 1342 817 1342 819 1342 844 1331 850 1327 857 1331 878 1342 880 1342 882 1343 925 1343 925 1342 927 1342 929 1342 929 1340 940 1329 945 1325 988 1325 992 1329 1004 1342 1004 1343 1006 1343 1008 1343 1010 1345 1116 1345 1116 1343 1118 1343 1155 1327 1198 1327 1225 1327 1272 1343 1274 1343 1276 1343 1277 1343 1321 1325 1322 1313 1321 1270 1234 1272 1233 1270 1209 1248 1209 1246 1207 1246 1206 1246 1105 1246 1103 1246 1101 1246 1100 1246 1100 1248 1085 1261 1069 1254 1067 1254 1065 1254 1064 1254 1062 1254 1062 1255 1042 1272 1033 1279 972 1273 970 1272 954 1257 952 1257 950 1257 949 1257 947 1257 916 1272 905 1277 887 1272 848 1261 846 1261 844 1261 842 1261 841 1261 841 1263 830 1273 828 1275 760 1277 756 1273 735 1254 735 1252 733 1252 731 1252 729 1252 675 1259 674 1259 672 1259 672 1261 656 1273 654 1277 576 1277 575 1275 544 1245 544 1243 542 1243 541 1243 467 1243 465 1243 463 1243 461 1243 434 1266 354 1275 348 1307"/></Shape>
	    <String CONTENT="فرموده اند که هر که بمیرد و ايام زمان خود راندانسته باشد مرگ او مر"
                    HPOS="346"
                    VPOS="1243"
                    WIDTH="976"
                    HEIGHT="102"
                    WC="0.8859679382858854"></String>
          </TextLine>

          
          
          <TextLine ID="eSc_line_7f65869f"
                    TAGREFS="LT4834"
                    BASELINE="346 1401 1319 1404" 
                    HPOS="345"
                    VPOS="1345"
                    WIDTH="974"
                    HEIGHT="99">
            <Shape><Polygon POINTS="346 1401 345 1422 372 1442 373 1442 375 1442 377 1444 514 1444 514 1442 515 1442 559 1421 648 1421 670 1440 670 1442 672 1442 674 1442 675 1442 733 1433 789 1442 790 1442 792 1442 794 1442 826 1421 950 1440 952 1440 954 1440 956 1440 956 1439 967 1430 1056 1435 1058 1435 1060 1435 1062 1435 1078 1422 1139 1422 1157 1437 1159 1437 1161 1437 1162 1437 1236 1422 1294 1435 1295 1435 1297 1435 1299 1435 1317 1421 1319 1404 1319 1369 1286 1347 1285 1347 1283 1347 1281 1347 1279 1347 1202 1369 1191 1370 1180 1367 1162 1361 1161 1361 1159 1361 1126 1367 1100 1370 1082 1365 1042 1352 1040 1352 1038 1352 1037 1352 1035 1352 1035 1354 1022 1363 1015 1370 984 1363 947 1354 945 1354 943 1354 923 1361 900 1370 873 1360 860 1356 859 1356 857 1356 855 1356 853 1356 848 1360 830 1370 720 1370 708 1356 701 1351 701 1349 699 1349 697 1349 695 1349 693 1349 674 1356 638 1369 621 1354 611 1345 609 1345 607 1345 605 1345 548 1352 506 1358 346 1349 346 1401"/></Shape>
	    <String CONTENT="جاهلان باشد و جای جابلان آتش دوزخ است اگر نام امام نام خدا"
                    HPOS="345"
                    VPOS="1345"
                    WIDTH="974"
                    HEIGHT="99"
                    WC="0.9284107296143548"></String>
          </TextLine>

          
          
          <TextLine ID="eSc_line_f2f766df"
                    TAGREFS="LT4834"
                    BASELINE="352 1507 1317 1500" 
                    HPOS="352"
                    VPOS="1448"
                    WIDTH="965"
                    HEIGHT="93">
            <Shape><Polygon POINTS="352 1507 352 1519 388 1523 404 1539 404 1541 406 1541 408 1541 409 1541 411 1541 454 1521 551 1530 553 1530 555 1530 594 1519 701 1534 702 1534 704 1534 729 1523 744 1537 744 1539 745 1539 747 1539 749 1541 808 1541 808 1539 810 1539 851 1521 873 1537 875 1537 877 1537 878 1539 920 1539 920 1537 922 1537 923 1537 940 1523 984 1537 986 1537 988 1537 990 1537 1033 1521 1082 1536 1083 1536 1085 1536 1087 1536 1089 1536 1089 1534 1105 1519 1243 1536 1245 1536 1247 1536 1249 1536 1274 1514 1317 1512 1317 1500 1313 1457 1251 1448 1249 1448 1247 1448 1215 1458 1188 1466 1180 1458 1168 1448 1166 1448 1164 1448 1100 1448 1098 1448 1096 1448 1094 1448 1080 1460 1069 1471 1029 1471 1020 1462 1010 1451 1010 1449 1008 1449 1006 1449 950 1449 949 1449 947 1449 920 1464 907 1469 869 1464 814 1457 812 1457 810 1457 783 1466 767 1471 760 1466 738 1451 736 1451 735 1451 733 1451 731 1451 668 1467 656 1471 648 1467 607 1451 605 1451 603 1451 602 1451 600 1451 600 1453 582 1469 578 1473 542 1471 445 1462 443 1462 355 1473 352 1507"/></Shape>
	    <String CONTENT="تعالی نبودی چرا هر که بمیرد و امام زمان خود را نشنا دردورخ رو"
                    HPOS="352"
                    VPOS="1448"
                    WIDTH="965"
                    HEIGHT="93"
                    WC="0.8745595260721738"></String>
          </TextLine>

          
          
          <TextLine ID="eSc_line_1332ebee"
                    TAGREFS="LT4834"
                    BASELINE="350 1593 1179 1597" 
                    HPOS="348"
                    VPOS="1528"
                    WIDTH="831"
                    HEIGHT="101">
            <Shape><Polygon POINTS="350 1593 348 1604 382 1608 400 1624 400 1625 402 1625 404 1625 406 1625 408 1625 409 1625 440 1608 562 1608 580 1624 580 1625 582 1625 584 1625 585 1627 699 1627 699 1625 701 1625 760 1609 794 1627 796 1627 798 1629 853 1629 853 1627 855 1627 857 1627 857 1625 871 1613 1006 1627 1008 1627 1010 1627 1011 1627 1033 1609 1094 1613 1107 1625 1107 1627 1109 1627 1110 1627 1112 1627 1114 1627 1177 1608 1179 1597 1177 1530 1035 1530 1033 1530 1031 1530 1029 1530 1026 1534 1002 1552 977 1536 976 1536 974 1536 972 1536 970 1536 940 1550 923 1536 922 1536 920 1536 918 1536 916 1536 914 1536 914 1537 902 1545 864 1539 862 1539 860 1539 859 1539 859 1541 842 1557 765 1557 709 1546 708 1546 625 1554 614 1545 609 1541 609 1539 607 1539 605 1539 603 1539 602 1539 576 1546 553 1554 546 1546 528 1530 528 1528 526 1528 524 1528 523 1528 521 1528 461 1550 460 1550 458 1550 411 1528 409 1528 408 1528 406 1528 404 1528 404 1530 386 1548 350 1552 350 1593"/></Shape>
	    <String CONTENT="وقتی که شخصی از مولانازين العابدين پرسيد که معرفت"
                    HPOS="348"
                    VPOS="1528"
                    WIDTH="831"
                    HEIGHT="101"
                    WC="0.8612091662932415"></String>
          </TextLine>

          
          
          <TextLine ID="eSc_line_fe594381"
                    TAGREFS="LT4834"
                    BASELINE="361 1696 1324 1692" 
                    HPOS="359"
                    VPOS="1633"
                    WIDTH="965"
                    HEIGHT="95">
            <Shape><Polygon POINTS="361 1696 361 1708 382 1726 384 1726 386 1726 388 1728 456 1728 456 1726 458 1726 460 1726 485 1706 551 1706 571 1724 571 1726 573 1726 575 1726 576 1728 647 1728 647 1726 648 1726 650 1726 650 1724 663 1712 688 1726 690 1726 692 1726 693 1726 727 1710 803 1706 848 1724 850 1724 851 1724 853 1724 855 1724 882 1705 922 1723 923 1723 925 1723 927 1723 929 1723 929 1721 945 1706 970 1721 972 1721 974 1721 976 1721 977 1721 1022 1705 1076 1724 1078 1724 1080 1726 1152 1726 1152 1724 1153 1724 1155 1724 1188 1705 1324 1701 1324 1692 1322 1645 1279 1633 1277 1633 1276 1633 1274 1633 1272 1633 1272 1634 1260 1645 1247 1658 1206 1658 1193 1647 1177 1633 1175 1633 1173 1633 1146 1633 1144 1633 1143 1633 1105 1649 1087 1658 1001 1658 990 1651 963 1633 961 1633 959 1633 958 1633 956 1633 954 1633 954 1634 936 1651 931 1658 902 1658 844 1654 844 1652 825 1636 825 1634 823 1634 821 1634 776 1634 774 1634 772 1634 771 1634 771 1636 756 1651 722 1634 720 1634 718 1634 717 1634 715 1634 701 1647 629 1651 553 1634 551 1634 550 1634 548 1634 548 1636 523 1660 494 1660 476 1642 476 1640 474 1640 472 1640 470 1640 417 1652 395 1638 393 1638 391 1638 390 1638 388 1638 386 1638 359 1656 361 1696"/></Shape>
	    <String CONTENT="خداوند تعالی چيست جواب فرمودند که قول امام عليه اشلام معرفه"
                    HPOS="359"
                    VPOS="1633"
                    WIDTH="965"
                    HEIGHT="95"
                    WC="0.8979560055975186"></String>
          </TextLine>

          
          
          <TextLine ID="eSc_line_fa372aa1"
                    TAGREFS="LT4834"
                    BASELINE="363 1794 1326 1789" 
                    HPOS="361"
                    VPOS="1733"
                    WIDTH="965"
                    HEIGHT="85">
            <Shape><Polygon POINTS="363 1794 364 1818 395 1803 634 1803 647 1814 648 1814 648 1816 650 1816 652 1816 654 1816 656 1816 663 1812 686 1802 706 1812 709 1814 711 1814 713 1816 745 1816 745 1814 747 1814 749 1814 749 1812 751 1812 760 1802 776 1811 781 1814 783 1814 785 1816 970 1816 970 1814 972 1814 990 1807 1015 1800 1040 1807 1053 1811 1055 1811 1056 1811 1101 1805 1159 1800 1166 1805 1173 1811 1173 1812 1175 1812 1177 1812 1179 1812 1180 1812 1207 1805 1225 1800 1322 1802 1326 1789 1324 1753 1286 1735 1285 1735 1283 1735 1281 1735 1236 1753 1162 1753 1135 1735 1134 1735 1132 1735 1130 1735 1128 1735 1126 1735 1107 1749 1085 1733 1083 1733 1082 1733 1046 1733 1044 1733 1042 1733 999 1755 959 1755 934 1735 932 1735 931 1735 855 1735 853 1735 851 1735 850 1735 817 1755 781 1755 754 1737 753 1737 751 1737 749 1737 747 1737 724 1748 686 1735 684 1735 683 1735 681 1735 620 1755 438 1737 436 1737 379 1742 377 1742 375 1742 361 1753 363 1794"/></Shape>
	    <String CONTENT="الته بمعرفة إمام زمانهم الذي يجب عليه الطاعة و در عوام م"
                    HPOS="361"
                    VPOS="1733"
                    WIDTH="965"
                    HEIGHT="85"
                    WC="0.9103799681914481"></String>
          </TextLine>

          
        </TextBlock>
        
        <TextBlock HPOS="769"
                   VPOS="158"
                   WIDTH="113"
                   HEIGHT="84"
                   ID="eSc_textblock_0af8100f"
                   TAGREFS="BT16059">
          <Shape><Polygon POINTS="805 158 868 165 882 206 805 242 769 213 805 158"/></Shape>
          
          
          <TextLine ID="eSc_line_652b2101"
                    TAGREFS="LT4834"
                    BASELINE="799 210 823 210" 
                    HPOS="799"
                    VPOS="172"
                    WIDTH="24"
                    HEIGHT="72">
            <Shape><Polygon POINTS="799 210 799 233 819 244 823 210 823 172 799 172 799 210"/></Shape>
	    <String CONTENT=""
                    HPOS="799"
                    VPOS="172"
                    WIDTH="24"
                    HEIGHT="72"></String>
          </TextLine>

          
        </TextBlock>
        
        <TextBlock HPOS="251"
                   VPOS="1336"
                   WIDTH="63"
                   HEIGHT="85"
                   ID="eSc_textblock_bac6b9a3"
                   TAGREFS="BT16062">
          <Shape><Polygon POINTS="275 1336 314 1365 307 1421 251 1406 275 1336"/></Shape>
          
          
          <TextLine ID="eSc_line_7dcd6bc5"
                    TAGREFS="LT4834"
                    BASELINE="257 1394 305 1394" 
                    HPOS="257"
                    VPOS="1342"
                    WIDTH="48"
                    HEIGHT="116">
            <Shape><Polygon POINTS="292 1351 280 1342 280 1342 278 1342 269 1347 257 1388 257 1394 257 1458 305 1457 305 1394 305 1360 292 1351"/></Shape>
	    <String CONTENT=""
                    HPOS="257"
                    VPOS="1342"
                    WIDTH="48"
                    HEIGHT="116"></String>
          </TextLine>

          
        </TextBlock>
        
        <TextBlock HPOS="323"
                   VPOS="1832"
                   WIDTH="1041"
                   HEIGHT="92"
                   ID="eSc_textblock_ecd54d55"
                   TAGREFS="BT16058">
          <Shape><Polygon POINTS="483 1832 1342 1839 1364 1902 769 1924 352 1917 323 1895 337 1839 483 1832"/></Shape>
          
          
          <TextLine ID="eSc_line_2094fee8"
                    TAGREFS="LT4834"
                    BASELINE="390 1893 1319 1888" 
                    HPOS="388"
                    VPOS="1843"
                    WIDTH="931"
                    HEIGHT="86">
            <Shape><Polygon POINTS="390 1893 391 1929 458 1913 589 1929 600 1929 602 1929 603 1929 605 1929 639 1911 724 1911 774 1927 776 1927 778 1927 785 1927 904 1918 965 1927 976 1927 977 1927 979 1927 983 1926 1008 1915 1033 1926 1035 1926 1037 1926 1038 1926 1073 1909 1198 1922 1200 1922 1202 1922 1238 1909 1317 1924 1319 1888 1315 1855 1026 1855 988 1843 986 1843 984 1843 923 1855 913 1846 913 1845 911 1845 909 1845 821 1843 819 1843 817 1843 816 1843 816 1845 803 1857 772 1857 724 1843 722 1843 720 1843 718 1843 717 1843 702 1854 629 1845 627 1845 562 1857 533 1845 532 1845 530 1845 440 1854 400 1845 399 1845 397 1845 395 1845 393 1845 393 1846 391 1846 388 1850 390 1893"/></Shape>
	    <String CONTENT="آيه لا أزسوره الأسرى لا الإلا آي اسورد "
                    HPOS="388"
                    VPOS="1843"
                    WIDTH="931"
                    HEIGHT="86"
                    WC="0.7206476459448988"></String>
          </TextLine>

          
        </TextBlock>
        
        <TextBlock HPOS="733"
                   VPOS="1940"
                   WIDTH="178"
                   HEIGHT="99"
                   ID="eSc_textblock_846284a6"
                   TAGREFS="BT16061">
          <Shape><Polygon POINTS="776 1940 882 1940 911 2003 875 2039 747 2010 733 1976 776 1940"/></Shape>
          
          
          <TextLine ID="eSc_line_eb67f138"
                    TAGREFS="LT4834"
                    BASELINE="787 1990 873 1985" 
                    HPOS="783"
                    VPOS="1940"
                    WIDTH="90"
                    HEIGHT="75">
            <Shape><Polygon POINTS="812 1940 810 1940 783 1947 787 1990 787 2008 873 2015 873 1985 869 1951 814 1940 812 1940"/></Shape>
	    <String CONTENT="معروف"
                    HPOS="783"
                    VPOS="1940"
                    WIDTH="90"
                    HEIGHT="75"
                    WC="0.9350855112075805"></String>
          </TextLine>

          
        </TextBlock>
        
        <TextBlock HPOS="1394"
                   VPOS="1897"
                   WIDTH="6"
                   HEIGHT="5"
                   ID="eSc_textblock_18719919"
                   TAGREFS="BT16058">
          <Shape><Polygon POINTS="1396 1897 1400 1897 1400 1902 1394 1902 1396 1897"/></Shape>
          
        </TextBlock>
        
        <TextBlock HPOS="835"
                   VPOS="1983"
                   WIDTH="25"
                   HEIGHT="13"
                   ID="eSc_textblock_02baa655"
                   TAGREFS="BT16062">
          <Shape><Polygon POINTS="835 1983 860 1983 860 1988 841 1996 835 1983"/></Shape>
          
        </TextBlock>
        

        
      </PrintSpace>
    </Page>
  </Layout>
</alto>
