<?xml version="1.0" encoding="UTF-8"?>
<alto xmlns:xsi="http://www.w3.org/2001/XMLSchema-instance"
      xmlns="http://www.loc.gov/standards/alto/ns-v4#"
      xsi:schemaLocation="http://www.loc.gov/standards/alto/ns-v4# http://www.loc.gov/standards/alto/v4/alto-4-2.xsd">
  <Description>
    <MeasurementUnit>pixel</MeasurementUnit>
    <sourceImageInformation>
      <fileName>TwoIsmailiTreatises063.jpg</fileName>
      
    </sourceImageInformation>
  </Description>
  
  <Tags>
    <OtherTag ID="BT16074" LABEL="MarginTextZone:commentary" DESCRIPTION="block type MarginTextZone:commentary"/><OtherTag ID="BT16073" LABEL="MarginTextZone:note#1" DESCRIPTION="block type MarginTextZone:note#1"/><OtherTag ID="BT16072" LABEL="MainZone:column#2" DESCRIPTION="block type MainZone:column#2"/><OtherTag ID="BT16071" LABEL="MainZone:column#3" DESCRIPTION="block type MainZone:column#3"/><OtherTag ID="BT16070" LABEL="GraphicZone:illustration" DESCRIPTION="block type GraphicZone:illustration"/><OtherTag ID="BT16069" LABEL="MainZone:column#1" DESCRIPTION="block type MainZone:column#1"/><OtherTag ID="BT16068" LABEL="MarginTextZone:note#2" DESCRIPTION="block type MarginTextZone:note#2"/><OtherTag ID="BT16067" LABEL="CustomZone:publication" DESCRIPTION="block type CustomZone:publication"/><OtherTag ID="BT16066" LABEL="RunningTitleZone" DESCRIPTION="block type RunningTitleZone"/><OtherTag ID="BT16065" LABEL="NumberingZone" DESCRIPTION="block type NumberingZone"/><OtherTag ID="BT16064" LABEL="default" DESCRIPTION="block type default"/><OtherTag ID="BT16063" LABEL="TitlePageZone" DESCRIPTION="block type TitlePageZone"/><OtherTag ID="BT16062" LABEL="NumberingZone:other" DESCRIPTION="block type NumberingZone:other"/><OtherTag ID="BT16061" LABEL="QuireMarksZone:catchwords" DESCRIPTION="block type QuireMarksZone:catchwords"/><OtherTag ID="BT16060" LABEL="MainZone" DESCRIPTION="block type MainZone"/><OtherTag ID="BT16059" LABEL="NumberingZone:page" DESCRIPTION="block type NumberingZone:page"/><OtherTag ID="BT16058" LABEL="MarginTextZone:note" DESCRIPTION="block type MarginTextZone:note"/><OtherTag ID="BT16057" LABEL="DigitizationArtefactZone" DESCRIPTION="block type DigitizationArtefactZone"/><OtherTag ID="BT4" LABEL="Illustration" DESCRIPTION="block type Illustration"/><OtherTag ID="BT3" LABEL="Commentary" DESCRIPTION="block type Commentary"/><OtherTag ID="BT2" LABEL="Main" DESCRIPTION="block type Main"/><OtherTag ID="BT1" LABEL="Title" DESCRIPTION="block type Title"/>
    <OtherTag ID="LT4834" LABEL="DefaultLine" DESCRIPTION="line type DefaultLine"/><OtherTag ID="LT4835" LABEL="HeadingLine:title" DESCRIPTION="line type HeadingLine:title"/>
  </Tags>
  
  <Layout>
    <Page WIDTH="1501"
          HEIGHT="2153"
          PHYSICAL_IMG_NR="59"
          ID="eSc_dummypage_">
      <PrintSpace HPOS="0"
                  VPOS="0"
                  WIDTH="1501"
                  HEIGHT="2153">
        
        <TextBlock HPOS="172"
                   VPOS="251"
                   WIDTH="508"
                   HEIGHT="141"
                   ID="eSc_textblock_0fc988ad"
                   TAGREFS="BT16060">
          <Shape><Polygon POINTS="561 251 673 265 658 306 608 313 658 315 680 385 423 392 172 335 249 308 244 272 561 251"/></Shape>
          
          
          <TextLine ID="eSc_line_72fc8d5d"
                    TAGREFS="LT4834"
                    BASELINE="188 317 624 308" 
                    HPOS="186"
                    VPOS="256"
                    WIDTH="438"
                    HEIGHT="102">
            <Shape><Polygon POINTS="617 306 606 278 572 278 535 256 533 256 531 256 474 258 472 258 470 258 470 260 452 276 391 261 389 261 387 261 348 270 319 265 312 267 294 269 280 269 265 283 251 283 240 310 222 312 219 283 186 283 188 317 188 344 342 358 344 358 346 358 373 344 377 344 420 353 421 353 423 353 441 344 445 342 450 344 481 355 482 355 484 355 486 355 513 344 520 340 526 344 540 353 542 353 544 353 545 353 624 342 624 308 623 306 617 306"/></Shape>
	    <String CONTENT="هيسی دور قيامت رحن صباح"
                    HPOS="186"
                    VPOS="256"
                    WIDTH="438"
                    HEIGHT="102"
                    WC="0.913645071827847"></String>
          </TextLine>

          
        </TextBlock>
        
        <TextBlock HPOS="596"
                   VPOS="157"
                   WIDTH="113"
                   HEIGHT="63"
                   ID="eSc_textblock_865f4a12"
                   TAGREFS="BT16059">
          <Shape><Polygon POINTS="651 157 709 179 702 220 603 206 596 172 651 157"/></Shape>
          
          
          <TextLine ID="eSc_line_4fec17ae"
                    TAGREFS="LT4834"
                    BASELINE="617 197 700 200" 
                    HPOS="615"
                    VPOS="163"
                    WIDTH="85"
                    HEIGHT="66">
            <Shape><Polygon POINTS="689 172 671 165 667 163 623 163 617 165 617 197 615 218 696 229 700 200 700 175 689 172"/></Shape>
	    <String CONTENT=""
                    HPOS="615"
                    VPOS="163"
                    WIDTH="85"
                    HEIGHT="66"></String>
          </TextLine>

          
        </TextBlock>
        
        <TextBlock HPOS="739"
                   VPOS="272"
                   WIDTH="106"
                   HEIGHT="63"
                   ID="eSc_textblock_b9dc3ed8"
                   TAGREFS="BT16059">
          <Shape><Polygon POINTS="746 272 824 279 845 306 739 335 746 272"/></Shape>
          
          
          <TextLine ID="eSc_line_144f8eee"
                    TAGREFS="LT4834"
                    BASELINE="723 313 804 310" 
                    HPOS="721"
                    VPOS="272"
                    WIDTH="83"
                    HEIGHT="68">
            <Shape><Polygon POINTS="793 276 775 274 764 272 754 274 739 294 737 276 721 278 723 313 723 340 804 340 804 310 798 276 793 276"/></Shape>
	    <String CONTENT=""
                    HPOS="721"
                    VPOS="272"
                    WIDTH="83"
                    HEIGHT="68"></String>
          </TextLine>

          
        </TextBlock>
        
        <TextBlock HPOS="746"
                   VPOS="373"
                   WIDTH="379"
                   HEIGHT="278"
                   ID="eSc_textblock_1e676b6d"
                   TAGREFS="BT16064">
          <Shape><Polygon POINTS="1012 373 1082 380 1082 414 1039 428 1118 507 1046 557 1125 615 946 651 782 629 790 588 939 581 991 552 761 522 768 495 897 466 746 409 1012 373"/></Shape>
          
          
          <TextLine ID="eSc_line_2bb917d6"
                    TAGREFS="LT4834"
                    BASELINE="719 409 1152 412" 
                    HPOS="718"
                    VPOS="369"
                    WIDTH="434"
                    HEIGHT="79">
            <Shape><Polygon POINTS="1077 410 1061 376 1043 374 1030 373 1025 374 964 385 949 380 935 382 917 385 899 387 881 389 863 392 845 394 827 396 809 400 791 401 773 403 755 407 754 383 719 383 719 409 718 430 732 439 734 439 736 439 737 439 788 430 851 441 852 441 985 427 1009 446 1010 446 1012 446 1014 446 1016 446 1018 446 1037 430 1057 446 1059 446 1061 446 1062 448 1116 448 1116 446 1118 446 1120 446 1150 425 1152 412 1152 371 1102 369 1100 369 1098 369 1097 369 1097 371 1095 373 1082 383 1080 382 1077 410"/></Shape>
	    <String CONTENT="عالم ب ما"
                    HPOS="718"
                    VPOS="369"
                    WIDTH="434"
                    HEIGHT="79"
                    WC="0.8359459771050347"></String>
          </TextLine>

          
          
          <TextLine ID="eSc_line_911b6ea4"
                    TAGREFS="LT4834"
                    BASELINE="719 516 1158 516" 
                    HPOS="719"
                    VPOS="471"
                    WIDTH="439"
                    HEIGHT="83">
            <Shape><Polygon POINTS="1114 507 1097 488 1088 479 1068 471 1066 471 1003 471 1001 471 1000 471 976 484 908 473 906 473 904 473 903 473 888 486 845 486 834 479 827 480 809 484 791 488 773 493 770 477 719 484 719 516 719 540 867 552 869 552 1014 543 1044 541 1048 543 1059 552 1059 554 1061 554 1062 554 1064 554 1158 543 1158 516 1158 484 1136 473 1134 473 1132 473 1131 473 1120 477 1114 507"/></Shape>
	    <String CONTENT="عالم روحال"
                    HPOS="719"
                    VPOS="471"
                    WIDTH="439"
                    HEIGHT="83"
                    WC="0.9097436666488647"></String>
          </TextLine>

          
          
          <TextLine ID="eSc_line_08b95e4c"
                    TAGREFS="LT4834"
                    BASELINE="948 611 1154 608" 
                    HPOS="946"
                    VPOS="568"
                    WIDTH="208"
                    HEIGHT="85">
            <Shape><Polygon POINTS="1107 604 1089 592 1071 577 1064 572 1059 572 1057 572 1055 572 1053 572 1044 579 1034 570 1034 568 1032 568 1030 568 985 568 983 568 982 568 946 583 948 611 948 620 1048 631 1066 649 1066 651 1068 651 1070 651 1071 653 1116 653 1116 651 1118 651 1120 651 1154 622 1154 608 1150 581 1113 575 1107 604"/></Shape>
	    <String CONTENT="عالم وحدت"
                    HPOS="946"
                    VPOS="568"
                    WIDTH="208"
                    HEIGHT="85"
                    WC="0.9561637838681539"></String>
          </TextLine>

          
        </TextBlock>
        
        <TextBlock HPOS="165"
                   VPOS="915"
                   WIDTH="580"
                   HEIGHT="927"
                   ID="eSc_textblock_c77ba1a7"
                   TAGREFS="BT16060">
          <Shape><Polygon POINTS="206 915 694 918 673 1002 709 1045 673 1096 709 1160 673 1184 702 1218 666 1277 694 1356 673 1498 694 1512 666 1584 716 1679 694 1734 745 1756 687 1772 702 1792 673 1835 452 1842 179 1785 237 1770 186 1756 179 1593 272 1571 165 1548 172 1507 258 1490 179 1469 172 1406 244 1385 179 1368 172 1298 251 1284 179 1268 172 1205 251 1184 179 1175 172 1112 344 1103 193 1089 172 1074 179 1019 387 1002 193 967 206 915"/></Shape>
          
          
          <TextLine ID="eSc_line_8ee3d1fa"
                    TAGREFS="LT4834"
                    BASELINE="188 1196 648 1189" 
                    HPOS="186"
                    VPOS="1139"
                    WIDTH="462"
                    HEIGHT="91">
            <Shape><Polygon POINTS="240 1185 222 1189 204 1194 186 1175 188 1196 188 1209 206 1221 208 1221 210 1221 211 1221 213 1221 254 1205 324 1205 369 1220 371 1220 373 1220 375 1220 398 1212 411 1223 411 1225 412 1225 414 1225 529 1230 531 1230 583 1229 585 1229 587 1229 587 1227 608 1205 648 1198 648 1189 646 1146 628 1139 626 1139 624 1139 623 1139 621 1139 610 1148 605 1153 569 1153 561 1150 544 1139 542 1139 540 1139 538 1139 536 1139 535 1139 517 1153 513 1155 500 1153 418 1141 416 1141 414 1141 366 1160 351 1168 281 1168 278 1166 267 1157 267 1155 265 1155 263 1155 262 1155 245 1157 240 1185"/></Shape>
	    <String CONTENT="فضل امير چيدر سعود"
                    HPOS="186"
                    VPOS="1139"
                    WIDTH="462"
                    HEIGHT="91"
                    WC="0.9165540403789945"></String>
          </TextLine>

          
          
          <TextLine ID="eSc_line_8d2d5de5"
                    TAGREFS="LT4834"
                    BASELINE="184 1286 461 1290 640 1277" 
                    HPOS="183"
                    VPOS="1225"
                    WIDTH="457"
                    HEIGHT="108">
            <Shape><Polygon POINTS="237 1286 219 1284 201 1273 183 1268 184 1286 184 1313 219 1331 220 1331 222 1333 260 1333 260 1331 262 1331 294 1318 323 1327 324 1327 326 1327 328 1327 330 1327 350 1313 375 1324 377 1324 378 1324 430 1315 484 1322 486 1322 488 1322 490 1322 490 1320 491 1320 499 1311 579 1327 581 1327 583 1327 585 1327 608 1309 640 1309 640 1277 639 1230 628 1225 626 1225 624 1225 623 1225 621 1225 614 1232 597 1245 554 1236 544 1234 542 1234 540 1234 538 1234 538 1236 536 1237 517 1255 493 1246 491 1246 490 1246 488 1246 486 1246 486 1248 484 1248 477 1259 447 1259 423 1245 396 1227 395 1227 393 1227 351 1227 350 1227 348 1227 346 1227 346 1229 335 1239 324 1230 324 1229 323 1229 321 1229 283 1229 281 1229 280 1229 278 1229 245 1255 242 1259 237 1286"/></Shape>
	    <String CONTENT="فصل تازی خداوند ذکره اشلام"
                    HPOS="183"
                    VPOS="1225"
                    WIDTH="457"
                    HEIGHT="108"
                    WC="0.9501162469387054"></String>
          </TextLine>

          
          
          <TextLine ID="eSc_line_f1eeff23"
                    TAGREFS="LT4834"
                    BASELINE="359 1494 655 1485" 
                    HPOS="357"
                    VPOS="1438"
                    WIDTH="298"
                    HEIGHT="90">
            <Shape><Polygon POINTS="359 1494 359 1505 405 1521 407 1521 409 1521 411 1521 441 1507 470 1528 472 1528 474 1528 475 1528 477 1528 479 1528 515 1503 538 1525 540 1525 542 1525 544 1526 590 1526 590 1525 592 1525 594 1525 594 1523 615 1499 653 1496 655 1485 651 1447 610 1438 608 1438 556 1451 553 1451 551 1451 527 1442 526 1442 524 1442 522 1442 499 1453 475 1442 474 1442 472 1442 470 1442 468 1442 468 1444 456 1455 456 1456 357 1458 359 1494"/></Shape>
	    <String CONTENT="فصل قاصی مسعود"
                    HPOS="357"
                    VPOS="1438"
                    WIDTH="298"
                    HEIGHT="90"
                    WC="0.9606783773217883"></String>
          </TextLine>

          
          
          <TextLine ID="eSc_line_77faba01"
                    TAGREFS="LT4834"
                    BASELINE="508 1004 655 999" 
                    HPOS="506"
                    VPOS="952"
                    WIDTH="149"
                    HEIGHT="85">
            <Shape><Polygon POINTS="508 1004 508 1019 603 1037 605 1037 606 1037 655 1015 655 999 651 968 554 952 553 952 551 952 506 970 508 1004"/></Shape>
	    <String CONTENT="فرغون"
                    HPOS="506"
                    VPOS="952"
                    WIDTH="149"
                    HEIGHT="85"
                    WC="0.963436758518219"></String>
          </TextLine>

          
          
          <TextLine ID="eSc_line_7442bfe9"
                    TAGREFS="LT4834"
                    BASELINE="506 1101 648 1101" 
                    HPOS="506"
                    VPOS="1053"
                    WIDTH="142"
                    HEIGHT="80">
            <Shape><Polygon POINTS="506 1101 506 1121 554 1119 567 1130 567 1132 569 1132 570 1132 572 1133 606 1133 606 1132 608 1132 648 1114 648 1101 646 1053 506 1054 506 1101"/></Shape>
	    <String CONTENT="فريدون"
                    HPOS="506"
                    VPOS="1053"
                    WIDTH="142"
                    HEIGHT="80"
                    WC="0.966800739367803"></String>
          </TextLine>

          
          
          <TextLine ID="eSc_line_936a025e"
                    TAGREFS="LT4834"
                    BASELINE="439 1397 639 1383" 
                    HPOS="436"
                    VPOS="1329"
                    WIDTH="203"
                    HEIGHT="95">
            <Shape><Polygon POINTS="439 1397 439 1408 477 1424 479 1424 481 1424 482 1424 524 1403 561 1422 563 1422 565 1422 588 1420 590 1420 592 1420 592 1419 615 1397 617 1395 637 1395 639 1383 632 1329 583 1333 581 1333 579 1333 579 1334 578 1334 576 1338 565 1351 549 1342 538 1338 536 1338 535 1338 533 1338 531 1338 531 1340 522 1347 520 1349 518 1347 509 1340 508 1340 506 1340 504 1340 502 1340 500 1340 486 1354 477 1361 436 1361 439 1397"/></Shape>
	    <String CONTENT="فصل قارسی"
                    HPOS="436"
                    VPOS="1329"
                    WIDTH="203"
                    HEIGHT="95"
                    WC="0.9778056078486972"></String>
          </TextLine>

          
          
          <TextLine ID="eSc_line_3ef1c5b3"
                    TAGREFS="LT4834"
                    BASELINE="179 1580 649 1575" 
                    HPOS="177"
                    VPOS="1519"
                    WIDTH="472"
                    HEIGHT="99">
            <Shape><Polygon POINTS="267 1571 249 1575 231 1575 213 1559 195 1555 181 1550 177 1550 179 1580 179 1596 237 1598 263 1612 265 1612 267 1612 353 1596 412 1612 414 1612 416 1612 418 1612 420 1612 438 1598 450 1607 450 1609 452 1609 454 1609 456 1609 486 1603 502 1616 504 1616 506 1616 508 1618 590 1618 590 1616 592 1616 649 1591 649 1575 644 1532 570 1535 567 1534 547 1519 545 1519 544 1519 542 1519 439 1521 438 1521 396 1541 386 1546 362 1542 335 1539 333 1539 332 1539 321 1544 314 1548 301 1546 278 1541 276 1541 267 1541 267 1571"/></Shape>
	    <String CONTENT="فصل مبارک ها"
                    HPOS="177"
                    VPOS="1519"
                    WIDTH="472"
                    HEIGHT="99"
                    WC="0.9262009809414545"></String>
          </TextLine>

          
          
          <TextLine ID="eSc_line_20fd8520"
                    TAGREFS="LT4834"
                    BASELINE="193 1679 280 1673" 
                    HPOS="190"
                    VPOS="1638"
                    WIDTH="90"
                    HEIGHT="66">
            <Shape><Polygon POINTS="193 1679 193 1695 245 1704 247 1704 249 1704 280 1686 280 1673 274 1638 190 1641 193 1679"/></Shape>
	    <String CONTENT="عل"
                    HPOS="190"
                    VPOS="1638"
                    WIDTH="90"
                    HEIGHT="66"
                    WC="0.9459599256515503"></String>
          </TextLine>

          
          
          <TextLine ID="eSc_line_0b60fac4"
                    TAGREFS="LT4834"
                    BASELINE="536 1688 653 1675" 
                    HPOS="531"
                    VPOS="1627"
                    WIDTH="122"
                    HEIGHT="88">
            <Shape><Polygon POINTS="536 1688 540 1715 653 1684 653 1675 648 1632 633 1627 632 1627 630 1627 628 1627 590 1639 561 1630 560 1630 558 1630 556 1630 554 1630 531 1643 536 1688"/></Shape>
	    <String CONTENT="فصول"
                    HPOS="531"
                    VPOS="1627"
                    WIDTH="122"
                    HEIGHT="88"
                    WC="0.9976373314857483"></String>
          </TextLine>

          
          
          <TextLine ID="eSc_line_a12f443e"
                    TAGREFS="LT4834"
                    BASELINE="193 1785 658 1781" 
                    HPOS="192"
                    VPOS="1724"
                    WIDTH="466"
                    HEIGHT="98">
            <Shape><Polygon POINTS="228 1772 210 1776 192 1781 193 1785 193 1804 310 1803 326 1812 328 1812 330 1812 332 1812 333 1812 335 1812 348 1801 355 1795 398 1795 405 1799 416 1806 418 1806 420 1806 421 1808 479 1808 491 1819 491 1821 493 1821 495 1821 497 1822 583 1822 583 1821 585 1821 658 1790 658 1781 657 1745 639 1734 637 1734 635 1734 633 1734 596 1742 583 1731 581 1731 579 1731 578 1731 576 1731 551 1738 535 1724 533 1724 531 1724 468 1724 466 1724 465 1724 463 1724 414 1754 407 1758 350 1758 348 1756 310 1736 308 1736 307 1736 305 1736 271 1754 244 1740 242 1740 240 1740 238 1740 233 1742 228 1772"/></Shape>
	    <String CONTENT="فصول مبارک"
                    HPOS="192"
                    VPOS="1724"
                    WIDTH="466"
                    HEIGHT="98"
                    WC="0.972437572479248"></String>
          </TextLine>

          
        </TextBlock>
        
        <TextBlock HPOS="790"
                   VPOS="681"
                   WIDTH="342"
                   HEIGHT="56"
                   ID="eSc_textblock_f166892f"
                   TAGREFS="BT16064">
          <Shape><Polygon POINTS="904 681 1046 681 1132 708 1046 737 790 723 818 688 904 681"/></Shape>
          
          
          <TextLine ID="eSc_line_e0afe519"
                    TAGREFS="LT4834"
                    BASELINE="901 708 1158 705" 
                    HPOS="899"
                    VPOS="674"
                    WIDTH="259"
                    HEIGHT="63">
            <Shape><Polygon POINTS="1114 703 1097 697 1079 692 1061 687 1043 681 1025 681 1007 681 989 681 971 681 953 681 948 681 899 681 901 708 901 719 922 719 924 719 940 735 940 737 942 737 944 737 946 737 948 737 1005 719 1025 733 1027 733 1028 733 1120 735 1122 735 1123 735 1125 735 1158 715 1158 705 1152 674 1118 674 1114 703"/></Shape>
	    <String CONTENT="عميد اگهد سبا"
                    HPOS="899"
                    VPOS="674"
                    WIDTH="259"
                    HEIGHT="63"
                    WC="0.8299597478829898"></String>
          </TextLine>

          
        </TextBlock>
        
        <TextBlock HPOS="790"
                   VPOS="782"
                   WIDTH="335"
                   HEIGHT="48"
                   ID="eSc_textblock_6de42356"
                   TAGREFS="BT16064">
          <Shape><Polygon POINTS="897 782 1082 782 1125 809 1061 830 790 816 797 789 897 782"/></Shape>
          
          
          <TextLine ID="eSc_line_598ddea5"
                    TAGREFS="LT4834"
                    BASELINE="741 805 1147 803" 
                    HPOS="739"
                    VPOS="771"
                    WIDTH="408"
                    HEIGHT="74">
            <Shape><Polygon POINTS="1116 800 1098 794 1080 782 1062 782 1044 782 1027 782 1009 782 991 782 973 782 955 782 937 782 919 782 901 782 883 782 865 784 847 784 829 785 811 787 793 796 788 775 739 775 741 805 741 823 842 823 843 825 879 843 881 843 883 843 919 841 921 841 922 841 922 839 939 825 969 843 971 843 973 843 974 845 1035 845 1035 843 1037 843 1039 843 1062 825 1064 823 1068 825 1113 843 1114 843 1116 843 1118 843 1120 843 1147 825 1147 803 1140 771 1120 776 1116 800"/></Shape>
	    <String CONTENT="غنداکند غباگ"
                    HPOS="739"
                    VPOS="771"
                    WIDTH="408"
                    HEIGHT="74"
                    WC="0.9586497396230698"></String>
          </TextLine>

          
        </TextBlock>
        
        <TextBlock HPOS="761"
                   VPOS="1069"
                   WIDTH="91"
                   HEIGHT="48"
                   ID="eSc_textblock_1d898922"
                   TAGREFS="BT16059">
          <Shape><Polygon POINTS="797 1069 852 1090 845 1110 761 1117 761 1083 797 1069"/></Shape>
          
          
          <TextLine ID="eSc_line_a9aad0b5"
                    TAGREFS="LT4834"
                    BASELINE="748 1098 791 1094" 
                    HPOS="745"
                    VPOS="1065"
                    WIDTH="46"
                    HEIGHT="42">
            <Shape><Polygon POINTS="781 1072 764 1080 759 1065 745 1065 748 1098 748 1107 791 1103 791 1094 786 1071 781 1072"/></Shape>
	    <String CONTENT=""
                    HPOS="745"
                    VPOS="1065"
                    WIDTH="46"
                    HEIGHT="42"></String>
          </TextLine>

          
        </TextBlock>
        
        <TextBlock HPOS="790"
                   VPOS="911"
                   WIDTH="400"
                   HEIGHT="457"
                   ID="eSc_textblock_10c6ae8a"
                   TAGREFS="BT16060">
          <Shape><Polygon POINTS="1021 911 1161 911 1190 940 1190 1368 983 1368 790 1333 982 1320 962 1298 1005 1290 818 1227 1005 1189 890 1160 883 1126 1041 1090 890 1067 883 1033 1010 1011 940 968 1021 911"/></Shape>
          
          
          <TextLine ID="eSc_line_24830083"
                    TAGREFS="LT4834"
                    BASELINE="1023 1006 1158 1002" 
                    HPOS="1021"
                    VPOS="943"
                    WIDTH="137"
                    HEIGHT="85">
            <Shape><Polygon POINTS="1023 1006 1023 1019 1082 1028 1084 1028 1156 1015 1158 1002 1156 968 1089 943 1088 943 1086 943 1084 943 1082 943 1050 972 1048 974 1021 974 1023 1006"/></Shape>
	    <String CONTENT="عراق"
                    HPOS="1021"
                    VPOS="943"
                    WIDTH="137"
                    HEIGHT="85"
                    WC="0.9233767986297607"></String>
          </TextLine>

          
          
          <TextLine ID="eSc_line_a79e8367"
                    TAGREFS="LT4834"
                    BASELINE="1010 1096 1159 1096" 
                    HPOS="1010"
                    VPOS="1044"
                    WIDTH="149"
                    HEIGHT="79">
            <Shape><Polygon POINTS="1028 1092 1012 1092 1010 1096 1010 1107 1043 1121 1044 1121 1046 1123 1131 1123 1131 1121 1132 1121 1159 1107 1159 1096 1159 1060 1097 1044 1095 1044 1093 1044 1034 1062 1028 1092"/></Shape>
	    <String CONTENT="عرفات"
                    HPOS="1010"
                    VPOS="1044"
                    WIDTH="149"
                    HEIGHT="79"
                    WC="0.9609044432640076"></String>
          </TextLine>

          
          
          <TextLine ID="eSc_line_215866f6"
                    TAGREFS="LT4834"
                    BASELINE="994 1212 1118 1194" 
                    HPOS="991"
                    VPOS="1133"
                    WIDTH="129"
                    HEIGHT="101">
            <Shape><Polygon POINTS="991 1191 994 1212 996 1230 1059 1223 1062 1225 1077 1234 1079 1234 1080 1234 1082 1234 1084 1234 1120 1218 1118 1194 1106 1133 1043 1168 1027 1162 1023 1160 1021 1160 1019 1160 1018 1160 991 1173 991 1191"/></Shape>
	    <String CONTENT="کم سرخ"
                    HPOS="991"
                    VPOS="1133"
                    WIDTH="129"
                    HEIGHT="101"
                    WC="0.9331326882044474"></String>
          </TextLine>

          
          
          <TextLine ID="eSc_line_b9b660cb"
                    TAGREFS="LT4834"
                    BASELINE="960 1290 1156 1282" 
                    HPOS="958"
                    VPOS="1230"
                    WIDTH="198"
                    HEIGHT="104">
            <Shape><Polygon POINTS="994 1286 976 1281 958 1273 960 1290 960 1302 1030 1302 1034 1304 1075 1334 1077 1334 1079 1334 1080 1334 1123 1333 1125 1333 1127 1333 1156 1307 1156 1282 1152 1230 1116 1230 1114 1230 1113 1230 1111 1230 1111 1232 1104 1237 1093 1250 1079 1243 1068 1237 1066 1237 1064 1237 1062 1237 1061 1237 1041 1250 1019 1263 998 1263 994 1286"/></Shape>
	    <String CONTENT="علم قيامت"
                    HPOS="958"
                    VPOS="1230"
                    WIDTH="198"
                    HEIGHT="104"
                    WC="0.9410335620244344"></String>
          </TextLine>

          
        </TextBlock>
        
        <TextBlock HPOS="754"
                   VPOS="1162"
                   WIDTH="106"
                   HEIGHT="56"
                   ID="eSc_textblock_a9e4c32b"
                   TAGREFS="BT16059">
          <Shape><Polygon POINTS="775 1162 838 1169 860 1196 768 1218 754 1176 775 1162"/></Shape>
          
          
          <TextLine ID="eSc_line_8cb60c3f"
                    TAGREFS="LT4834"
                    BASELINE="739 1198 802 1191" 
                    HPOS="736"
                    VPOS="1162"
                    WIDTH="68"
                    HEIGHT="49">
            <Shape><Polygon POINTS="790 1164 781 1162 768 1166 755 1194 752 1168 736 1171 739 1198 739 1211 804 1211 802 1191 797 1164 790 1164"/></Shape>
	    <String CONTENT=""
                    HPOS="736"
                    VPOS="1162"
                    WIDTH="68"
                    HEIGHT="49"></String>
          </TextLine>

          
        </TextBlock>
        
        <TextBlock HPOS="768"
                   VPOS="1255"
                   WIDTH="99"
                   HEIGHT="63"
                   ID="eSc_textblock_b062f51d"
                   TAGREFS="BT16059">
          <Shape><Polygon POINTS="775 1255 824 1255 867 1282 768 1318 775 1255"/></Shape>
          
          
          <TextLine ID="eSc_line_85c7a12d"
                    TAGREFS="LT4834"
                    BASELINE="739 1288 815 1291" 
                    HPOS="737"
                    VPOS="1252"
                    WIDTH="78"
                    HEIGHT="61">
            <Shape><Polygon POINTS="811 1255 793 1255 775 1255 773 1252 739 1254 739 1288 737 1297 775 1313 777 1313 779 1313 781 1313 813 1298 815 1291 813 1255 811 1255"/></Shape>
	    <String CONTENT=""
                    HPOS="737"
                    VPOS="1252"
                    WIDTH="78"
                    HEIGHT="61"></String>
          </TextLine>

          
        </TextBlock>
        
        <TextBlock HPOS="790"
                   VPOS="1370"
                   WIDTH="328"
                   HEIGHT="56"
                   ID="eSc_textblock_dc70c661"
                   TAGREFS="BT16064">
          <Shape><Polygon POINTS="912 1370 1061 1370 1118 1397 1010 1426 790 1397 912 1370"/></Shape>
          
          
          <TextLine ID="eSc_line_b6f847c6"
                    TAGREFS="LT4834"
                    BASELINE="734 1397 1156 1386" 
                    HPOS="732"
                    VPOS="1345"
                    WIDTH="424"
                    HEIGHT="81">
            <Shape><Polygon POINTS="1091 1385 1073 1377 1055 1370 1037 1370 1019 1370 1001 1370 983 1370 965 1370 948 1370 930 1370 912 1370 894 1372 876 1377 858 1381 840 1385 822 1388 804 1394 797 1363 791 1358 791 1356 790 1356 788 1356 755 1356 754 1356 752 1356 750 1356 732 1367 734 1397 734 1410 834 1419 836 1419 890 1406 894 1406 895 1406 931 1426 933 1426 935 1426 937 1426 939 1426 939 1424 958 1404 960 1404 1009 1424 1010 1424 1012 1424 1129 1420 1131 1420 1132 1420 1156 1401 1156 1386 1150 1345 1100 1347 1098 1347 1097 1347 1091 1385"/></Shape>
	    <String CONTENT="ی طاکب"
                    HPOS="732"
                    VPOS="1345"
                    WIDTH="424"
                    HEIGHT="81"
                    WC="0.8736227552096049"></String>
          </TextLine>

          
        </TextBlock>
        
        <TextBlock HPOS="818"
                   VPOS="1471"
                   WIDTH="300"
                   HEIGHT="48"
                   ID="eSc_textblock_e1271ec7"
                   TAGREFS="BT16064">
          <Shape><Polygon POINTS="869 1471 1104 1471 1118 1498 1053 1519 818 1498 869 1471"/></Shape>
          
          
          <TextLine ID="eSc_line_6f3df67c"
                    TAGREFS="LT4834"
                    BASELINE="734 1496 1161 1487" 
                    HPOS="732"
                    VPOS="1446"
                    WIDTH="429"
                    HEIGHT="77">
            <Shape><Polygon POINTS="1109 1481 1091 1471 1073 1471 1055 1471 1037 1471 1019 1471 1001 1471 983 1471 965 1471 948 1471 930 1471 912 1471 894 1471 876 1471 858 1474 840 1483 822 1489 816 1469 802 1467 757 1455 755 1455 754 1455 752 1455 750 1455 732 1465 734 1496 734 1510 820 1523 822 1523 824 1523 856 1512 861 1510 894 1510 897 1512 908 1521 908 1523 910 1523 912 1523 913 1523 1161 1512 1161 1487 1154 1446 1113 1456 1109 1481"/></Shape>
	    <String CONTENT="علی و گره آخودوک"
                    HPOS="732"
                    VPOS="1446"
                    WIDTH="429"
                    HEIGHT="77"
                    WC="0.8625210786567015"></String>
          </TextLine>

          
        </TextBlock>
        
        <TextBlock HPOS="897"
                   VPOS="1621"
                   WIDTH="286"
                   HEIGHT="178"
                   ID="eSc_textblock_4bed1772"
                   TAGREFS="BT16060">
          <Shape><Polygon POINTS="1084 1621 1183 1629 1176 1799 976 1799 897 1756 940 1708 1041 1699 1039 1677 926 1670 912 1643 1084 1621"/></Shape>
          
          
          <TextLine ID="eSc_line_a5616e14"
                    TAGREFS="LT4834"
                    BASELINE="978 1682 1168 1675" 
                    HPOS="978"
                    VPOS="1627"
                    WIDTH="190"
                    HEIGHT="81">
            <Shape><Polygon POINTS="1030 1675 1012 1675 994 1673 991 1672 978 1682 978 1691 1016 1708 1018 1708 1019 1708 1021 1708 1023 1708 1043 1691 1118 1706 1120 1706 1122 1706 1168 1684 1168 1675 1165 1629 1104 1627 1102 1627 1100 1627 1098 1627 1098 1629 1086 1639 1075 1630 1075 1629 1073 1629 1071 1629 1070 1629 1068 1629 1039 1641 1030 1675"/></Shape>
	    <String CONTENT="على أمولانا"
                    HPOS="978"
                    VPOS="1627"
                    WIDTH="190"
                    HEIGHT="81"
                    WC="0.8776807337999344"></String>
          </TextLine>

          
          
          <TextLine ID="eSc_line_1f67893b"
                    TAGREFS="LT4834"
                    BASELINE="894 1792 1172 1783" 
                    HPOS="892"
                    VPOS="1722"
                    WIDTH="280"
                    HEIGHT="109">
            <Shape><Polygon POINTS="946 1783 928 1774 910 1763 908 1760 892 1760 894 1792 894 1815 1003 1831 1005 1831 1007 1831 1009 1831 1025 1819 1048 1830 1050 1830 1052 1830 1136 1824 1138 1824 1172 1806 1172 1783 1170 1742 1138 1722 1136 1722 1134 1722 1132 1722 1131 1722 1086 1738 1066 1724 1064 1724 1062 1724 1061 1724 1018 1725 1016 1725 1014 1725 969 1756 964 1760 949 1760 946 1783"/></Shape>
	    <String CONTENT="عمر خيام نشايوری"
                    HPOS="892"
                    VPOS="1722"
                    WIDTH="280"
                    HEIGHT="109"
                    WC="0.9416003525257111"></String>
          </TextLine>

          
        </TextBlock>
        
        <TextBlock HPOS="746"
                   VPOS="1858"
                   WIDTH="106"
                   HEIGHT="34"
                   ID="eSc_textblock_26760e69"
                   TAGREFS="BT16061">
          <Shape><Polygon POINTS="763 1858 845 1865 852 1885 746 1892 763 1858"/></Shape>
          
          
          <TextLine ID="eSc_line_a5aefd62"
                    TAGREFS="LT4834"
                    BASELINE="736 1882 860 1878" 
                    HPOS="734"
                    VPOS="1849"
                    WIDTH="126"
                    HEIGHT="61">
            <Shape><Polygon POINTS="842 1867 824 1864 806 1862 788 1860 770 1858 752 1874 750 1849 734 1849 736 1882 736 1910 860 1910 860 1878 856 1855 842 1853 842 1867"/></Shape>
	    <String CONTENT="ت"
                    HPOS="734"
                    VPOS="1849"
                    WIDTH="126"
                    HEIGHT="61"
                    WC="0.9622940421104431"></String>
          </TextLine>

          
        </TextBlock>
        
        <TextBlock HPOS="1027"
                   VPOS="1858"
                   WIDTH="120"
                   HEIGHT="42"
                   ID="eSc_textblock_40fc8d7c"
                   TAGREFS="BT16061">
          <Shape><Polygon POINTS="1064 1858 1147 1858 1147 1871 1082 1900 1027 1885 1064 1858"/></Shape>
          
          
          <TextLine ID="eSc_line_d7191f9b"
                    TAGREFS="LT4834"
                    BASELINE="1057 1894 1150 1883" 
                    HPOS="1052"
                    VPOS="1828"
                    WIDTH="100"
                    HEIGHT="84">
            <Shape><Polygon POINTS="1057 1894 1059 1912 1152 1901 1150 1883 1140 1828 1052 1860 1057 1894"/></Shape>
	    <String CONTENT="ى"
                    HPOS="1052"
                    VPOS="1828"
                    WIDTH="100"
                    HEIGHT="84"
                    WC="0.9625985026359558"></String>
          </TextLine>

          
        </TextBlock>
        
        <TextBlock HPOS="237"
                   VPOS="523"
                   WIDTH="450"
                   HEIGHT="78"
                   ID="eSc_textblock_c108f0ec"
                   TAGREFS="BT16060">
          <Shape><Polygon POINTS="411 523 680 523 687 572 588 601 272 579 237 550 244 531 411 523"/></Shape>
          
        </TextBlock>
        
        <TextBlock HPOS="1077"
                   VPOS="315"
                   WIDTH="91"
                   HEIGHT="56"
                   ID="eSc_textblock_a13ac366"
                   TAGREFS="BT16060">
          <Shape><Polygon POINTS="1114 315 1168 315 1154 371 1077 371 1114 315"/></Shape>
          
        </TextBlock>
        
        <TextBlock HPOS="1120"
                   VPOS="875"
                   WIDTH="5"
                   HEIGHT="5"
                   ID="eSc_textblock_4732e5f1"
                   TAGREFS="BT16060">
          <Shape><Polygon POINTS="1125 877 1125 880 1120 880 1120 875 1125 877"/></Shape>
          
        </TextBlock>
        
        <TextBlock HPOS="1093"
                   VPOS="667"
                   WIDTH="75"
                   HEIGHT="12"
                   ID="eSc_textblock_05152665"
                   TAGREFS="BT16060">
          <Shape><Polygon POINTS="1093 667 1168 667 1168 672 1098 679 1093 667"/></Shape>
          
        </TextBlock>
        
        <TextBlock HPOS="1120"
                   VPOS="889"
                   WIDTH="27"
                   HEIGHT="6"
                   ID="eSc_textblock_30472d05"
                   TAGREFS="BT16060">
          <Shape><Polygon POINTS="1129 889 1147 889 1147 895 1120 895 1129 889"/></Shape>
          
        </TextBlock>
        
        <TextBlock HPOS="201"
                   VPOS="983"
                   WIDTH="12"
                   HEIGHT="5"
                   ID="eSc_textblock_43efca68"
                   TAGREFS="BT16060">
          <Shape><Polygon POINTS="208 983 213 988 201 988 201 983 208 983"/></Shape>
          
        </TextBlock>
        
        <TextBlock HPOS="272"
                   VPOS="1887"
                   WIDTH="6"
                   HEIGHT="5"
                   ID="eSc_textblock_14019db5"
                   TAGREFS="BT16060">
          <Shape><Polygon POINTS="278 1891 272 1892 272 1887 278 1887 278 1891"/></Shape>
          
        </TextBlock>
        
        <TextBlock HPOS="395"
                   VPOS="1874"
                   WIDTH="263"
                   HEIGHT="26"
                   ID="eSc_textblock_835939d3"
                   TAGREFS="BT16060">
          <Shape><Polygon POINTS="630 1874 658 1900 395 1892 395 1880 630 1874"/></Shape>
          
        </TextBlock>
        
        <TextBlock HPOS="711"
                   VPOS="1708"
                   WIDTH="5"
                   HEIGHT="5"
                   ID="eSc_textblock_835cdc98"
                   TAGREFS="BT16060">
          <Shape><Polygon POINTS="716 1711 711 1713 711 1708 716 1708 716 1711"/></Shape>
          
        </TextBlock>
        
        <TextBlock HPOS="739"
                   VPOS="1672"
                   WIDTH="13"
                   HEIGHT="12"
                   ID="eSc_textblock_801d35f6"
                   TAGREFS="BT16060">
          <Shape><Polygon POINTS="748 1672 752 1684 739 1684 739 1672 748 1672"/></Shape>
          
        </TextBlock>
        
        <TextBlock HPOS="847"
                   VPOS="1033"
                   WIDTH="20"
                   HEIGHT="27"
                   ID="eSc_textblock_bd6f58b4"
                   TAGREFS="BT16060">
          <Shape><Polygon POINTS="854 1033 867 1033 867 1060 847 1045 854 1033"/></Shape>
          
        </TextBlock>
        
        <TextBlock HPOS="847"
                   VPOS="1126"
                   WIDTH="27"
                   HEIGHT="27"
                   ID="eSc_textblock_de053e9d"
                   TAGREFS="BT16060">
          <Shape><Polygon POINTS="856 1126 874 1133 867 1153 847 1146 856 1126"/></Shape>
          
        </TextBlock>
        
        <TextBlock HPOS="955"
                   VPOS="1428"
                   WIDTH="228"
                   HEIGHT="34"
                   ID="eSc_textblock_40cc53ee"
                   TAGREFS="BT16060">
          <Shape><Polygon POINTS="1100 1428 1168 1428 1183 1462 955 1455 1100 1428"/></Shape>
          
        </TextBlock>
        
        <TextBlock HPOS="998"
                   VPOS="1521"
                   WIDTH="185"
                   HEIGHT="56"
                   ID="eSc_textblock_b6a0ae9a"
                   TAGREFS="BT16060">
          <Shape><Polygon POINTS="1114 1521 1183 1535 1168 1577 998 1541 1114 1521"/></Shape>
          
        </TextBlock>
        
        <TextBlock HPOS="691"
                   VPOS="200"
                   WIDTH="18"
                   HEIGHT="20"
                   ID="eSc_textblock_7c8f02e6"
                   TAGREFS="BT16062">
          <Shape><Polygon POINTS="691 200 709 200 702 220 696 220 691 200"/></Shape>
          
        </TextBlock>
        
        <TextBlock HPOS="777"
                   VPOS="322"
                   WIDTH="25"
                   HEIGHT="20"
                   ID="eSc_textblock_52aae870"
                   TAGREFS="BT16062">
          <Shape><Polygon POINTS="777 322 795 322 802 335 782 342 777 322"/></Shape>
          
        </TextBlock>
        
        <TextBlock HPOS="265"
                   VPOS="523"
                   WIDTH="63"
                   HEIGHT="13"
                   ID="eSc_textblock_7c0076c0"
                   TAGREFS="BT16064">
          <Shape><Polygon POINTS="272 523 328 523 328 529 265 536 272 523"/></Shape>
          
        </TextBlock>
        
        <TextBlock HPOS="265"
                   VPOS="495"
                   WIDTH="92"
                   HEIGHT="12"
                   ID="eSc_textblock_28e2b6ea"
                   TAGREFS="BT16064">
          <Shape><Polygon POINTS="287 495 357 495 357 507 265 507 287 495"/></Shape>
          
        </TextBlock>
        
        <TextBlock HPOS="258"
                   VPOS="394"
                   WIDTH="113"
                   HEIGHT="63"
                   ID="eSc_textblock_00c493b1"
                   TAGREFS="BT16064">
          <Shape><Polygon POINTS="280 394 364 394 342 414 371 457 258 435 280 394"/></Shape>
          
        </TextBlock>
        
        <TextBlock HPOS="802"
                   VPOS="992"
                   WIDTH="172"
                   HEIGHT="25"
                   ID="eSc_textblock_4d7edfac"
                   TAGREFS="BT16064">
          <Shape><Polygon POINTS="802 992 974 997 974 1010 825 1017 802 992"/></Shape>
          
        </TextBlock>
        
        <TextBlock HPOS="782"
                   VPOS="882"
                   WIDTH="214"
                   HEIGHT="41"
                   ID="eSc_textblock_a3fee569"
                   TAGREFS="BT16064">
          <Shape><Polygon POINTS="804 882 967 882 996 902 833 923 782 902 804 882"/></Shape>
          
        </TextBlock>
        
        <TextBlock HPOS="818"
                   VPOS="1564"
                   WIDTH="63"
                   HEIGHT="34"
                   ID="eSc_textblock_f01f42af"
                   TAGREFS="BT16064">
          <Shape><Polygon POINTS="840 1564 874 1571 881 1598 818 1591 840 1564"/></Shape>
          
        </TextBlock>
        
        <TextBlock HPOS="790"
                   VPOS="1270"
                   WIDTH="141"
                   HEIGHT="41"
                   ID="eSc_textblock_7cd18415"
                   TAGREFS="BT16064">
          <Shape><Polygon POINTS="840 1270 903 1270 931 1290 867 1311 790 1297 840 1270"/></Shape>
          
        </TextBlock>
        
        <TextBlock HPOS="840"
                   VPOS="1184"
                   WIDTH="91"
                   HEIGHT="12"
                   ID="eSc_textblock_698d67a7"
                   TAGREFS="BT16064">
          <Shape><Polygon POINTS="847 1184 931 1184 931 1196 840 1196 847 1184"/></Shape>
          
        </TextBlock>
        
        <TextBlock HPOS="847"
                   VPOS="1090"
                   WIDTH="113"
                   HEIGHT="20"
                   ID="eSc_textblock_1de3b35d"
                   TAGREFS="BT16064">
          <Shape><Polygon POINTS="854 1090 960 1090 960 1103 847 1110 854 1090"/></Shape>
          
        </TextBlock>
        
        <TextBlock HPOS="948"
                   VPOS="1600"
                   WIDTH="41"
                   HEIGHT="12"
                   ID="eSc_textblock_f9b65fc6"
                   TAGREFS="BT16064">
          <Shape><Polygon POINTS="948 1600 989 1600 989 1605 962 1612 948 1600"/></Shape>
          
        </TextBlock>
        
        <TextBlock HPOS="208"
                   VPOS="1837"
                   WIDTH="34"
                   HEIGHT="5"
                   ID="eSc_textblock_34ba2854"
                   TAGREFS="BT16058">
          <Shape><Polygon POINTS="208 1837 242 1837 242 1842 208 1842 208 1837"/></Shape>
          
        </TextBlock>
        
        <TextBlock HPOS="940"
                   VPOS="1557"
                   WIDTH="99"
                   HEIGHT="34"
                   ID="eSc_textblock_e53fa579"
                   TAGREFS="BT16064">
          <Shape><Polygon POINTS="948 1557 1010 1557 1039 1569 940 1591 948 1557"/></Shape>
          
        </TextBlock>
        
        <TextBlock HPOS="768"
                   VPOS="624"
                   WIDTH="13"
                   HEIGHT="5"
                   ID="eSc_textblock_a5e1e8d2"
                   TAGREFS="BT16059">
          <Shape><Polygon POINTS="775 624 781 629 768 629 768 624 775 624"/></Shape>
          
        </TextBlock>
        
        <TextBlock HPOS="768"
                   VPOS="588"
                   WIDTH="34"
                   HEIGHT="13"
                   ID="eSc_textblock_54cd29e9"
                   TAGREFS="BT16059">
          <Shape><Polygon POINTS="768 588 802 588 802 593 782 601 768 588"/></Shape>
          
        </TextBlock>
        
        <TextBlock HPOS="768"
                   VPOS="776"
                   WIDTH="63"
                   HEIGHT="18"
                   ID="eSc_textblock_290ee144"
                   TAGREFS="BT16059">
          <Shape><Polygon POINTS="802 776 831 794 768 787 768 782 802 776"/></Shape>
          
        </TextBlock>
        
        <TextBlock HPOS="775"
                   VPOS="681"
                   WIDTH="56"
                   HEIGHT="13"
                   ID="eSc_textblock_a2b7998a"
                   TAGREFS="BT16059">
          <Shape><Polygon POINTS="790 681 831 688 831 694 775 694 790 681"/></Shape>
          
        </TextBlock>
        
        <TextBlock HPOS="804"
                   VPOS="724"
                   WIDTH="12"
                   HEIGHT="6"
                   ID="eSc_textblock_e80fac2e"
                   TAGREFS="BT16059">
          <Shape><Polygon POINTS="811 724 816 730 804 730 804 724 811 724"/></Shape>
          
        </TextBlock>
        
        <TextBlock HPOS="775"
                   VPOS="810"
                   WIDTH="41"
                   HEIGHT="13"
                   ID="eSc_textblock_92fcb327"
                   TAGREFS="BT16059">
          <Shape><Polygon POINTS="795 810 816 810 816 823 775 823 795 810"/></Shape>
          
        </TextBlock>
        
        <TextBlock HPOS="761"
                   VPOS="875"
                   WIDTH="70"
                   HEIGHT="63"
                   ID="eSc_textblock_f283ae83"
                   TAGREFS="BT16059">
          <Shape><Polygon POINTS="797 875 831 897 809 938 761 923 797 875"/></Shape>
          
        </TextBlock>
        
        <TextBlock HPOS="790"
                   VPOS="1564"
                   WIDTH="12"
                   HEIGHT="5"
                   ID="eSc_textblock_e5186c1c"
                   TAGREFS="BT16059">
          <Shape><Polygon POINTS="797 1564 802 1569 790 1569 790 1564 797 1564"/></Shape>
          
        </TextBlock>
        
        <TextBlock HPOS="768"
                   VPOS="976"
                   WIDTH="77"
                   HEIGHT="48"
                   ID="eSc_textblock_dc9b2b99"
                   TAGREFS="BT16059">
          <Shape><Polygon POINTS="797 976 831 983 845 1017 768 1024 797 976"/></Shape>
          
        </TextBlock>
        
        <TextBlock HPOS="193"
                   VPOS="631"
                   WIDTH="13"
                   HEIGHT="5"
                   ID="eSc_textblock_de3aa0ba"
                   TAGREFS="BT16060">
          <Shape><Polygon POINTS="201 631 206 636 193 636 193 631 201 631"/></Shape>
          
        </TextBlock>
        
        <TextBlock HPOS="193"
                   VPOS="728"
                   WIDTH="27"
                   HEIGHT="38"
                   ID="eSc_textblock_8393b07f"
                   TAGREFS="BT16060">
          <Shape><Polygon POINTS="206 728 220 737 193 766 193 732 206 728"/></Shape>
          
        </TextBlock>
        
        <TextBlock HPOS="186"
                   VPOS="810"
                   WIDTH="487"
                   HEIGHT="78"
                   ID="eSc_textblock_ef8705b6"
                   TAGREFS="BT16060">
          <Shape><Polygon POINTS="610 810 673 818 658 880 402 888 258 859 314 830 186 830 610 810"/></Shape>
          
        </TextBlock>
        
        <TextBlock HPOS="237"
                   VPOS="624"
                   WIDTH="443"
                   HEIGHT="55"
                   ID="eSc_textblock_12902b5b"
                   TAGREFS="BT16060">
          <Shape><Polygon POINTS="339 624 658 624 680 679 251 679 272 653 237 631 339 624"/></Shape>
          
        </TextBlock>
        
        <TextBlock HPOS="229"
                   VPOS="724"
                   WIDTH="458"
                   HEIGHT="70"
                   ID="eSc_textblock_2c883883"
                   TAGREFS="BT16060">
          <Shape><Polygon POINTS="253 724 666 724 687 744 637 794 395 787 287 766 308 758 292 737 229 737 253 724"/></Shape>
          
        </TextBlock>
        
        <TextBlock HPOS="237"
                   VPOS="423"
                   WIDTH="450"
                   HEIGHT="84"
                   ID="eSc_textblock_24a1ffca"
                   TAGREFS="BT16060">
          <Shape><Polygon POINTS="359 423 680 423 687 493 495 507 387 486 350 450 237 443 359 423"/></Shape>
          
        </TextBlock>
        

        
        <TextBlock ID="eSc_dummyblock_">
          
          
          <TextLine ID="eSc_line_7085120f"
                    TAGREFS="LT4834"
                    BASELINE="190 414 267 414" 
                    HPOS="190"
                    VPOS="371"
                    WIDTH="77"
                    HEIGHT="70">
            <Shape><Polygon POINTS="190 414 190 430 226 441 228 441 229 441 231 441 267 427 267 414 267 380 217 371 215 371 213 371 190 380 190 414"/></Shape>
	    <String CONTENT=""
                    HPOS="190"
                    VPOS="371"
                    WIDTH="77"
                    HEIGHT="70"></String>
          </TextLine>

          
          
          <TextLine ID="eSc_line_b426df1d"
                    TAGREFS="LT4834"
                    BASELINE="190 520 260 514" 
                    HPOS="186"
                    VPOS="482"
                    WIDTH="74"
                    HEIGHT="68">
            <Shape><Polygon POINTS="190 520 192 550 260 531 260 514 254 482 186 484 190 520"/></Shape>
	    <String CONTENT=""
                    HPOS="186"
                    VPOS="482"
                    WIDTH="74"
                    HEIGHT="68"></String>
          </TextLine>

          
          
          <TextLine ID="eSc_line_f933012c"
                    TAGREFS="LT4834"
                    BASELINE="474 419 640 414" 
                    HPOS="472"
                    VPOS="378"
                    WIDTH="168"
                    HEIGHT="86">
            <Shape><Polygon POINTS="474 419 474 453 517 464 518 464 520 464 522 464 522 462 524 462 535 448 556 457 558 457 560 457 561 457 594 439 601 435 639 434 640 414 635 389 558 389 531 378 529 378 527 378 526 378 472 392 474 419"/></Shape>
	    <String CONTENT="عدير خم"
                    HPOS="472"
                    VPOS="378"
                    WIDTH="168"
                    HEIGHT="86"
                    WC="0.8671811606202807"></String>
          </TextLine>

          
          
          <TextLine ID="eSc_line_e5f2406b"
                    TAGREFS="LT4834"
                    BASELINE="188 615 265 613" 
                    HPOS="186"
                    VPOS="572"
                    WIDTH="79"
                    HEIGHT="66">
            <Shape><Polygon POINTS="188 615 188 638 263 629 265 613 260 572 186 575 188 615"/></Shape>
	    <String CONTENT="ع"
                    HPOS="186"
                    VPOS="572"
                    WIDTH="79"
                    HEIGHT="66"
                    WC="0.9940525889396667"></String>
          </TextLine>

          
          
          <TextLine ID="eSc_line_323b445b"
                    TAGREFS="LT4834"
                    BASELINE="380 613 646 610" 
                    HPOS="378"
                    VPOS="552"
                    WIDTH="268"
                    HEIGHT="97">
            <Shape><Polygon POINTS="380 613 380 631 400 631 416 645 416 647 418 647 420 647 421 647 423 647 447 636 524 649 526 649 587 640 605 649 606 649 608 649 610 649 612 649 646 627 646 610 642 568 538 552 536 552 535 552 533 552 502 570 438 563 436 563 434 563 378 577 380 613"/></Shape>
	    <String CONTENT="ابوالفتح به سطامی"
                    HPOS="378"
                    VPOS="552"
                    WIDTH="268"
                    HEIGHT="97"
                    WC="0.9084343138863059"></String>
          </TextLine>

          
          
          <TextLine ID="eSc_line_835eadec"
                    TAGREFS="LT4834"
                    BASELINE="547 523 628 520" 
                    HPOS="544"
                    VPOS="473"
                    WIDTH="84"
                    HEIGHT="77">
            <Shape><Polygon POINTS="547 523 549 550 574 540 581 543 594 549 596 549 597 549 599 549 628 532 628 520 624 482 561 473 560 473 558 473 556 473 544 479 547 523"/></Shape>
	    <String CONTENT="غول"
                    HPOS="544"
                    VPOS="473"
                    WIDTH="84"
                    HEIGHT="77"
                    WC="0.9661073287328085"></String>
          </TextLine>

          
          
          <TextLine ID="eSc_line_c6e0ae90"
                    TAGREFS="LT4834"
                    BASELINE="192 717 278 717" 
                    HPOS="192"
                    VPOS="671"
                    WIDTH="86"
                    HEIGHT="73">
            <Shape><Polygon POINTS="192 717 192 733 228 744 229 744 231 744 233 744 235 744 235 742 253 728 254 726 278 726 278 717 278 683 220 671 219 671 217 671 192 683 192 717"/></Shape>
	    <String CONTENT=""
                    HPOS="192"
                    VPOS="671"
                    WIDTH="86"
                    HEIGHT="73"></String>
          </TextLine>

          
          
          <TextLine ID="eSc_line_d425c4dd"
                    TAGREFS="LT4834"
                    BASELINE="337 714 649 715" 
                    HPOS="335"
                    VPOS="660"
                    WIDTH="314"
                    HEIGHT="89">
            <Shape><Polygon POINTS="337 714 335 730 364 732 364 733 380 748 380 749 382 749 384 749 386 749 452 739 463 737 472 739 490 746 491 746 493 746 495 746 506 742 526 733 646 749 649 715 648 674 558 660 556 660 554 660 553 660 553 662 538 674 535 678 527 674 509 669 508 669 506 669 504 669 482 676 479 676 475 676 439 660 438 660 391 660 389 660 387 660 386 660 386 662 368 676 366 678 337 678 337 714"/></Shape>
	    <String CONTENT="فرزند ل حديث"
                    HPOS="335"
                    VPOS="660"
                    WIDTH="314"
                    HEIGHT="89"
                    WC="0.9540624469518661"></String>
          </TextLine>

          
          
          <TextLine ID="eSc_line_65b5dfbc"
                    TAGREFS="LT4834"
                    BASELINE="994 308 1154 305" 
                    HPOS="992"
                    VPOS="249"
                    WIDTH="162"
                    HEIGHT="100">
            <Shape><Polygon POINTS="994 308 994 331 1048 330 1066 346 1066 348 1068 348 1070 348 1071 349 1107 349 1107 348 1109 348 1154 321 1154 305 1152 269 1116 249 1114 249 1070 249 1068 249 1066 249 1025 272 992 272 994 308"/></Shape>
	    <String CONTENT="عالم تضاد"
                    HPOS="992"
                    VPOS="249"
                    WIDTH="162"
                    HEIGHT="100"
                    WC="0.9286751084857516"></String>
          </TextLine>

          
          
          <TextLine ID="eSc_line_64d1f6b0"
                    TAGREFS="LT4834"
                    BASELINE="725 610 798 606" 
                    HPOS="721"
                    VPOS="566"
                    WIDTH="77"
                    HEIGHT="63">
            <Shape><Polygon POINTS="725 610 725 618 748 629 750 629 752 629 754 629 798 613 798 606 793 566 721 568 725 610"/></Shape>
	    <String CONTENT=""
                    HPOS="721"
                    VPOS="566"
                    WIDTH="77"
                    HEIGHT="63"></String>
          </TextLine>

          
          
          <TextLine ID="eSc_line_b9ae01b6"
                    TAGREFS="LT4834"
                    BASELINE="190 810 357 805" 
                    HPOS="188"
                    VPOS="767"
                    WIDTH="169"
                    HEIGHT="72">
            <Shape><Polygon POINTS="190 810 190 828 220 839 222 839 224 839 226 839 271 828 296 839 298 839 299 839 357 827 357 805 353 773 237 767 235 767 188 776 190 810"/></Shape>
	    <String CONTENT=""
                    HPOS="188"
                    VPOS="767"
                    WIDTH="169"
                    HEIGHT="72"></String>
          </TextLine>

          
          
          <TextLine ID="eSc_line_86dacf53"
                    TAGREFS="LT4834"
                    BASELINE="468 807 649 803" 
                    HPOS="466"
                    VPOS="771"
                    WIDTH="183"
                    HEIGHT="61">
            <Shape><Polygon POINTS="468 807 468 816 536 832 538 832 540 832 542 832 561 819 617 830 619 830 621 830 623 830 649 812 649 803 646 780 588 771 587 771 466 782 468 807"/></Shape>
	    <String CONTENT="فرشته"
                    HPOS="466"
                    VPOS="771"
                    WIDTH="183"
                    HEIGHT="61"
                    WC="0.9944554448127747"></String>
          </TextLine>

          
          
          <TextLine ID="eSc_line_06385333"
                    TAGREFS="LT4834"
                    BASELINE="725 714 822 708" 
                    HPOS="721"
                    VPOS="662"
                    WIDTH="101"
                    HEIGHT="75">
            <Shape><Polygon POINTS="725 714 725 728 786 737 788 737 790 737 822 723 822 708 818 669 773 662 772 662 721 672 725 714"/></Shape>
	    <String CONTENT=""
                    HPOS="721"
                    VPOS="662"
                    WIDTH="101"
                    HEIGHT="75"></String>
          </TextLine>

          
          
          <TextLine ID="eSc_line_a7f53964"
                    TAGREFS="LT4834"
                    BASELINE="193 902 301 906" 
                    HPOS="192"
                    VPOS="873"
                    WIDTH="109"
                    HEIGHT="79">
            <Shape><Polygon POINTS="193 902 192 934 256 952 258 952 260 952 262 952 299 938 301 906 301 873 193 873 193 902"/></Shape>
	    <String CONTENT=""
                    HPOS="192"
                    VPOS="873"
                    WIDTH="109"
                    HEIGHT="79"></String>
          </TextLine>

          
          
          <TextLine ID="eSc_line_70c1b556"
                    TAGREFS="LT4834"
                    BASELINE="425 906 657 906" 
                    HPOS="425"
                    VPOS="841"
                    WIDTH="232"
                    HEIGHT="93">
            <Shape><Polygon POINTS="425 906 425 922 452 934 454 934 456 934 540 923 608 934 610 934 612 934 657 922 657 906 657 861 626 846 624 846 623 846 621 846 597 854 579 841 578 841 576 841 520 841 518 841 517 841 515 841 491 861 425 861 425 906"/></Shape>
	    <String CONTENT="فرشتگان"
                    HPOS="425"
                    VPOS="841"
                    WIDTH="232"
                    HEIGHT="93"
                    WC="0.9344338263784137"></String>
          </TextLine>

          
          
          <TextLine ID="eSc_line_02ee8ac5"
                    TAGREFS="LT4834"
                    BASELINE="202 1001 260 1004" 
                    HPOS="201"
                    VPOS="968"
                    WIDTH="59"
                    HEIGHT="60">
            <Shape><Polygon POINTS="202 1001 201 1011 229 1028 231 1028 233 1028 235 1028 258 1013 260 1004 260 970 202 968 202 1001"/></Shape>
	    <String CONTENT=""
                    HPOS="201"
                    VPOS="968"
                    WIDTH="59"
                    HEIGHT="60"></String>
          </TextLine>

          
          
          <TextLine ID="eSc_line_46fb5e88"
                    TAGREFS="LT4834"
                    BASELINE="730 906 802 902" 
                    HPOS="727"
                    VPOS="862"
                    WIDTH="75"
                    HEIGHT="65">
            <Shape><Polygon POINTS="730 906 730 922 800 927 802 902 797 862 727 864 730 906"/></Shape>
	    <String CONTENT=""
                    HPOS="727"
                    VPOS="862"
                    WIDTH="75"
                    HEIGHT="65"></String>
          </TextLine>

          
          
          <TextLine ID="eSc_line_72be836e"
                    TAGREFS="LT4834"
                    BASELINE="192 1098 263 1101" 
                    HPOS="190"
                    VPOS="1062"
                    WIDTH="73"
                    HEIGHT="57">
            <Shape><Polygon POINTS="192 1098 190 1119 262 1119 263 1101 262 1062 192 1067 192 1098"/></Shape>
	    <String CONTENT=""
                    HPOS="190"
                    VPOS="1062"
                    WIDTH="73"
                    HEIGHT="57"></String>
          </TextLine>

          
          
          <TextLine ID="eSc_line_9430ec19"
                    TAGREFS="LT4834"
                    BASELINE="730 1002 816 1002" 
                    HPOS="730"
                    VPOS="961"
                    WIDTH="86"
                    HEIGHT="79">
            <Shape><Polygon POINTS="730 1002 730 1024 815 1040 816 1002 816 968 730 961 730 1002"/></Shape>
	    <String CONTENT="ع"
                    HPOS="730"
                    VPOS="961"
                    WIDTH="86"
                    HEIGHT="79"
                    WC="0.9892528653144836"></String>
          </TextLine>

          
          
          <TextLine ID="eSc_line_354c4c22"
                    TAGREFS="LT4834"
                    BASELINE="1010 916 1125 904" 
                    HPOS="1009"
                    VPOS="866"
                    WIDTH="116"
                    HEIGHT="86">
            <Shape><Polygon POINTS="1080 907 1062 907 1044 911 1027 911 1009 911 1010 916 1016 952 1125 916 1125 904 1118 866 1082 875 1080 907"/></Shape>
	    <String CONTENT=""
                    HPOS="1009"
                    VPOS="866"
                    WIDTH="116"
                    HEIGHT="86"></String>
          </TextLine>

          
          
          <TextLine ID="eSc_line_a7d2163c"
                    TAGREFS="LT4834"
                    BASELINE="190 1386 272 1390" 
                    HPOS="188"
                    VPOS="1354"
                    WIDTH="84"
                    HEIGHT="63">
            <Shape><Polygon POINTS="226 1385 208 1376 190 1370 190 1386 188 1417 271 1399 272 1390 272 1365 235 1354 233 1354 231 1354 226 1385"/></Shape>
	    <String CONTENT=""
                    HPOS="188"
                    VPOS="1354"
                    WIDTH="84"
                    HEIGHT="63"></String>
          </TextLine>

          
          
          <TextLine ID="eSc_line_6a7a7c97"
                    TAGREFS="LT4834"
                    BASELINE="193 1492 276 1496" 
                    HPOS="192"
                    VPOS="1467"
                    WIDTH="84"
                    HEIGHT="50">
            <Shape><Polygon POINTS="247 1490 229 1490 211 1478 193 1473 193 1492 192 1501 206 1516 206 1517 208 1517 210 1517 211 1517 274 1501 276 1496 272 1467 251 1473 247 1490"/></Shape>
	    <String CONTENT=""
                    HPOS="192"
                    VPOS="1467"
                    WIDTH="84"
                    HEIGHT="50"></String>
          </TextLine>

          
          
          <TextLine ID="eSc_line_11310ae7"
                    TAGREFS="LT4834"
                    BASELINE="743 1584 813 1580" 
                    HPOS="739"
                    VPOS="1537"
                    WIDTH="74"
                    HEIGHT="74">
            <Shape><Polygon POINTS="743 1584 743 1600 772 1611 773 1611 775 1611 777 1611 813 1589 813 1580 809 1544 739 1537 743 1584"/></Shape>
	    <String CONTENT=""
                    HPOS="739"
                    VPOS="1537"
                    WIDTH="74"
                    HEIGHT="74"></String>
          </TextLine>

          
          
          <TextLine ID="eSc_line_668b42f6"
                    TAGREFS="LT4834"
                    BASELINE="899 1587 1163 1578" 
                    HPOS="897"
                    VPOS="1519"
                    WIDTH="266"
                    HEIGHT="104">
            <Shape><Polygon POINTS="899 1587 899 1612 949 1623 951 1623 953 1623 955 1623 955 1621 973 1607 982 1596 1027 1596 1035 1600 1059 1616 1061 1616 1062 1616 1064 1616 1066 1616 1068 1616 1068 1614 1082 1603 1129 1616 1131 1616 1132 1616 1134 1616 1136 1616 1136 1614 1163 1589 1163 1578 1159 1530 1089 1519 1088 1519 1086 1519 1084 1519 1061 1537 1050 1544 1043 1539 1027 1525 1027 1523 1025 1523 1023 1523 1021 1523 960 1530 958 1530 956 1530 956 1532 940 1546 937 1551 897 1551 899 1587"/></Shape>
	    <String CONTENT="علی ذکره التلام"
                    HPOS="897"
                    VPOS="1519"
                    WIDTH="266"
                    HEIGHT="104"
                    WC="0.8854258219401042"></String>
          </TextLine>

          
          
          <TextLine ID="eSc_line_68f41cd1"
                    TAGREFS="LT4834"
                    BASELINE="739 1681 824 1677" 
                    HPOS="736"
                    VPOS="1616"
                    WIDTH="88"
                    HEIGHT="83">
            <Shape><Polygon POINTS="739 1681 739 1699 824 1691 824 1677 820 1632 736 1616 739 1681"/></Shape>
	    <String CONTENT="ع"
                    HPOS="736"
                    VPOS="1616"
                    WIDTH="88"
                    HEIGHT="83"
                    WC="0.9859240055084229"></String>
          </TextLine>

          
          
          <TextLine ID="eSc_line_df01f5bf"
                    TAGREFS="LT4834"
                    BASELINE="199 1878 269 1878" 
                    HPOS="199"
                    VPOS="1833"
                    WIDTH="70"
                    HEIGHT="86">
            <Shape><Polygon POINTS="199 1878 199 1907 231 1919 233 1919 235 1919 237 1919 269 1905 269 1878 269 1844 235 1833 233 1833 231 1833 229 1833 199 1844 199 1878"/></Shape>
	    <String CONTENT=""
                    HPOS="199"
                    VPOS="1833"
                    WIDTH="70"
                    HEIGHT="86"></String>
          </TextLine>

          
          
          <TextLine ID="eSc_line_f56360f7"
                    TAGREFS="LT4834"
                    BASELINE="387 1876 648 1869" 
                    HPOS="386"
                    VPOS="1821"
                    WIDTH="262"
                    HEIGHT="98">
            <Shape><Polygon POINTS="387 1876 387 1896 454 1898 509 1919 511 1919 513 1919 578 1917 579 1917 581 1917 610 1896 617 1892 646 1896 648 1869 642 1821 500 1842 486 1835 468 1826 466 1826 465 1826 463 1826 461 1826 439 1839 430 1846 386 1846 387 1876"/></Shape>
	    <String CONTENT="فضل ده خداوند"
                    HPOS="386"
                    VPOS="1821"
                    WIDTH="262"
                    HEIGHT="98"
                    WC="0.9476839028871976"></String>
          </TextLine>

          
          
          <TextLine ID="eSc_line_14a8455f"
                    TAGREFS="LT4834"
                    BASELINE="737 1788 825 1785" 
                    HPOS="734"
                    VPOS="1715"
                    WIDTH="91"
                    HEIGHT="84">
            <Shape><Polygon POINTS="737 1788 737 1799 825 1797 825 1785 822 1725 734 1715 737 1788"/></Shape>
	    <String CONTENT=""
                    HPOS="734"
                    VPOS="1715"
                    WIDTH="91"
                    HEIGHT="84"></String>
          </TextLine>

          
        </TextBlock>
        
      </PrintSpace>
    </Page>
  </Layout>
</alto>
