<?xml version="1.0" encoding="UTF-8"?>
<alto xmlns:xsi="http://www.w3.org/2001/XMLSchema-instance"
      xmlns="http://www.loc.gov/standards/alto/ns-v4#"
      xsi:schemaLocation="http://www.loc.gov/standards/alto/ns-v4# http://www.loc.gov/standards/alto/v4/alto-4-2.xsd">
  <Description>
    <MeasurementUnit>pixel</MeasurementUnit>
    <sourceImageInformation>
      <fileName>TwoIsmailiTreatises050.jpg</fileName>
      
    </sourceImageInformation>
  </Description>
  
  <Tags>
    <OtherTag ID="BT16074" LABEL="MarginTextZone:commentary" DESCRIPTION="block type MarginTextZone:commentary"/><OtherTag ID="BT16073" LABEL="MarginTextZone:note#1" DESCRIPTION="block type MarginTextZone:note#1"/><OtherTag ID="BT16072" LABEL="MainZone:column#2" DESCRIPTION="block type MainZone:column#2"/><OtherTag ID="BT16071" LABEL="MainZone:column#3" DESCRIPTION="block type MainZone:column#3"/><OtherTag ID="BT16070" LABEL="GraphicZone:illustration" DESCRIPTION="block type GraphicZone:illustration"/><OtherTag ID="BT16069" LABEL="MainZone:column#1" DESCRIPTION="block type MainZone:column#1"/><OtherTag ID="BT16068" LABEL="MarginTextZone:note#2" DESCRIPTION="block type MarginTextZone:note#2"/><OtherTag ID="BT16067" LABEL="CustomZone:publication" DESCRIPTION="block type CustomZone:publication"/><OtherTag ID="BT16066" LABEL="RunningTitleZone" DESCRIPTION="block type RunningTitleZone"/><OtherTag ID="BT16065" LABEL="NumberingZone" DESCRIPTION="block type NumberingZone"/><OtherTag ID="BT16064" LABEL="default" DESCRIPTION="block type default"/><OtherTag ID="BT16063" LABEL="TitlePageZone" DESCRIPTION="block type TitlePageZone"/><OtherTag ID="BT16062" LABEL="NumberingZone:other" DESCRIPTION="block type NumberingZone:other"/><OtherTag ID="BT16061" LABEL="QuireMarksZone:catchwords" DESCRIPTION="block type QuireMarksZone:catchwords"/><OtherTag ID="BT16060" LABEL="MainZone" DESCRIPTION="block type MainZone"/><OtherTag ID="BT16059" LABEL="NumberingZone:page" DESCRIPTION="block type NumberingZone:page"/><OtherTag ID="BT16058" LABEL="MarginTextZone:note" DESCRIPTION="block type MarginTextZone:note"/><OtherTag ID="BT16057" LABEL="DigitizationArtefactZone" DESCRIPTION="block type DigitizationArtefactZone"/><OtherTag ID="BT4" LABEL="Illustration" DESCRIPTION="block type Illustration"/><OtherTag ID="BT3" LABEL="Commentary" DESCRIPTION="block type Commentary"/><OtherTag ID="BT2" LABEL="Main" DESCRIPTION="block type Main"/><OtherTag ID="BT1" LABEL="Title" DESCRIPTION="block type Title"/>
    <OtherTag ID="LT4834" LABEL="DefaultLine" DESCRIPTION="line type DefaultLine"/><OtherTag ID="LT4835" LABEL="HeadingLine:title" DESCRIPTION="line type HeadingLine:title"/>
  </Tags>
  
  <Layout>
    <Page WIDTH="1486"
          HEIGHT="2179"
          PHYSICAL_IMG_NR="46"
          ID="eSc_dummypage_">
      <PrintSpace HPOS="0"
                  VPOS="0"
                  WIDTH="1486"
                  HEIGHT="2179">
        
        <TextBlock HPOS="356"
                   VPOS="246"
                   WIDTH="1050"
                   HEIGHT="1604"
                   ID="eSc_textblock_246a6083"
                   TAGREFS="BT16060">
          <Shape><Polygon POINTS="870 246 1260 254 1384 290 1406 675 1384 1843 363 1850 356 871 385 276 414 254 870 246"/></Shape>
          
          
          <TextLine ID="eSc_line_6f9e96c6"
                    TAGREFS="LT4834"
                    BASELINE="412 339 1184 337 1326 326" 
                    HPOS="410"
                    VPOS="272"
                    WIDTH="916"
                    HEIGHT="107">
            <Shape><Polygon POINTS="412 339 412 354 437 357 455 375 455 377 457 377 459 377 461 379 515 379 515 377 517 377 519 377 519 375 543 355 666 377 668 377 670 377 672 377 703 357 724 372 726 372 728 372 730 372 732 372 790 354 819 368 821 368 822 368 824 368 826 368 846 354 873 355 890 372 890 374 891 374 893 374 895 374 897 374 950 355 999 366 1000 366 1002 366 1004 366 1026 354 1100 355 1166 375 1168 375 1169 375 1171 375 1211 366 1278 374 1280 374 1282 374 1326 350 1326 326 1324 288 1295 274 1293 274 1291 274 1289 274 1287 274 1271 285 1258 274 1258 272 1257 272 1255 272 1253 272 1251 272 1226 285 1213 279 1211 279 1209 279 1208 279 1206 279 1206 281 1198 286 1188 297 1091 297 1077 285 1064 274 1062 274 1060 274 1030 274 1028 274 1026 274 1000 285 968 297 937 283 915 274 913 274 866 274 864 274 862 274 861 274 861 276 853 283 837 299 681 299 661 279 659 279 659 277 657 277 655 277 653 277 652 277 644 279 612 290 601 279 599 279 599 277 597 277 595 277 594 277 592 277 590 277 588 279 552 301 515 301 495 283 495 281 494 281 492 281 410 277 412 339"/></Shape>
	    <String CONTENT="حليم به معلمی رسد که او را ب کتاب معرفت هيچ احياج نا"
                    HPOS="410"
                    VPOS="272"
                    WIDTH="916"
                    HEIGHT="107"
                    WC="0.8610167675293409"></String>
          </TextLine>

          
          
          <TextLine ID="eSc_line_1dc2cddd"
                    TAGREFS="LT4834"
                    BASELINE="379 443 1059 443" 
                    HPOS="379"
                    VPOS="388"
                    WIDTH="680"
                    HEIGHT="95">
            <Shape><Polygon POINTS="379 443 379 461 421 461 441 479 441 481 443 481 445 481 446 483 517 483 517 481 519 481 521 481 521 479 539 464 557 481 559 481 561 481 563 483 639 483 639 481 641 481 643 481 643 479 657 466 664 461 686 468 717 475 719 475 721 475 723 475 741 468 764 461 808 470 833 475 835 475 837 475 846 472 866 461 1057 475 1059 443 1059 404 1042 397 1040 397 1039 397 1037 397 1019 406 1017 408 1015 406 988 388 986 388 984 388 928 388 926 388 844 406 837 410 773 410 772 408 730 388 728 388 726 388 724 388 723 388 692 408 688 408 623 394 621 394 619 394 570 406 543 388 541 388 539 388 503 388 501 388 379 408 379 443"/></Shape>
	    <String CONTENT="جوهری که مقصود افريش اين عالم او بوده"
                    HPOS="379"
                    VPOS="388"
                    WIDTH="680"
                    HEIGHT="95"
                    WC="0.8689737505203968"></String>
          </TextLine>

          
          
          <TextLine ID="eSc_line_812b9e5b"
                    TAGREFS="LT4834"
                    BASELINE="1086 443 1166 437" 
                    HPOS="1082"
                    VPOS="394"
                    WIDTH="84"
                    HEIGHT="81">
            <Shape><Polygon POINTS="1086 443 1088 475 1119 461 1164 472 1166 437 1160 394 1082 399 1086 443"/></Shape>
	    <String CONTENT=""
                    HPOS="1082"
                    VPOS="394"
                    WIDTH="84"
                    HEIGHT="81"></String>
          </TextLine>

          
          
          <TextLine ID="eSc_line_8de38da9"
                    TAGREFS="LT4834"
                    BASELINE="374 544 1355 533" 
                    HPOS="372"
                    VPOS="468"
                    WIDTH="983"
                    HEIGHT="105">
            <Shape><Polygon POINTS="372 506 374 544 374 559 392 573 394 573 396 573 397 573 399 573 445 557 503 566 505 566 506 566 537 555 681 571 683 571 684 571 723 557 741 570 743 570 744 570 746 571 835 571 835 570 837 570 839 570 839 568 853 555 873 568 875 568 877 568 879 570 959 570 959 568 960 568 962 568 988 550 1050 550 1066 559 1068 559 1069 559 1071 559 1073 559 1097 550 1126 564 1128 564 1129 564 1195 550 1258 564 1260 564 1262 564 1264 564 1264 562 1282 548 1326 561 1327 561 1329 561 1331 561 1333 561 1355 546 1355 533 1353 499 1318 486 1317 486 1315 486 1313 486 1291 495 1266 470 1266 468 1264 468 1262 468 1204 468 1202 468 1200 468 1198 468 1166 492 1131 470 1129 470 1128 470 1099 470 1097 470 1095 470 1030 497 1020 501 970 497 937 495 926 484 926 483 924 483 922 483 921 483 919 483 886 495 848 477 846 477 844 477 842 477 841 477 817 497 815 499 813 497 781 473 779 473 777 473 775 473 773 473 772 473 737 497 726 504 695 506 619 506 608 497 583 475 581 475 579 475 577 475 575 475 574 475 541 495 490 493 475 479 475 477 474 477 472 477 399 477 397 477 396 477 394 477 376 488 372 506"/></Shape>
	    <String CONTENT="واجب نکند که نماند چيوان بخورد و بجيد و بلذات نفسانی"
                    HPOS="372"
                    VPOS="468"
                    WIDTH="983"
                    HEIGHT="105"
                    WC="0.9333580824045035"></String>
          </TextLine>

          
          
          <TextLine ID="eSc_line_34be2b28"
                    TAGREFS="LT4834"
                    BASELINE="374 640 1349 630" 
                    HPOS="372"
                    VPOS="575"
                    WIDTH="977"
                    HEIGHT="93">
            <Shape><Polygon POINTS="374 640 374 664 546 653 557 662 563 666 563 668 564 668 566 668 568 668 570 668 592 662 606 659 621 660 653 668 655 668 657 668 659 668 670 660 683 653 699 659 706 662 708 662 710 662 712 662 721 659 743 651 777 657 824 666 826 666 828 666 851 657 868 650 882 655 904 664 906 664 908 666 1022 666 1022 664 1024 664 1048 651 1050 651 1057 651 1159 662 1160 662 1162 662 1191 648 1198 646 1208 648 1249 660 1251 660 1253 660 1347 644 1349 630 1344 593 1293 599 1287 593 1268 577 1268 575 1266 575 1264 575 1262 575 1260 575 1258 575 1258 577 1238 595 1229 602 1159 597 1131 595 1129 595 1128 595 1120 597 1104 604 1088 599 1062 590 1060 590 1059 590 1057 590 1031 601 1015 606 988 601 950 593 933 577 933 575 931 575 930 575 859 575 857 575 813 577 812 577 810 577 810 579 793 593 775 581 773 581 772 581 770 581 768 581 766 581 737 606 733 610 719 610 717 608 703 595 703 593 701 593 699 593 697 593 695 593 670 606 653 590 653 588 652 588 650 588 648 588 646 588 626 593 615 584 615 582 614 582 612 582 610 582 608 582 570 604 541 579 539 579 537 579 535 579 503 581 501 581 499 581 461 611 412 595 410 595 408 595 406 595 372 611 374 640"/></Shape>
	    <String CONTENT="مشغول شود و درآمر و تواهی تقصير کند از حيوان بازيستر بود"
                    HPOS="372"
                    VPOS="575"
                    WIDTH="977"
                    HEIGHT="93"
                    WC="0.9031788084590644"></String>
          </TextLine>

          
          
          <TextLine ID="eSc_line_a9eb50d2"
                    TAGREFS="LT4834"
                    BASELINE="377 739 1351 744" 
                    HPOS="376"
                    VPOS="662"
                    WIDTH="975"
                    HEIGHT="109">
            <Shape><Polygon POINTS="377 739 376 751 416 769 417 769 419 771 479 771 479 769 481 769 483 769 483 768 499 755 521 769 523 769 525 769 526 769 528 769 561 753 595 753 612 768 612 769 614 769 615 769 617 769 681 762 703 771 704 771 706 771 708 771 735 760 766 771 768 771 770 771 772 771 773 771 773 769 788 757 862 766 864 766 926 755 951 771 953 771 955 771 957 771 1073 757 1113 768 1115 768 1117 768 1119 768 1140 757 1195 766 1197 766 1260 757 1264 757 1266 757 1295 771 1297 771 1298 771 1300 771 1349 757 1351 744 1351 697 1253 693 1226 668 1226 666 1224 666 1222 666 1200 666 1198 666 1197 666 1195 666 1195 668 1168 693 1166 697 1068 697 1060 691 1028 675 1026 675 1024 675 1022 675 991 691 986 693 982 691 930 664 928 664 926 664 837 673 793 664 792 664 790 664 788 664 788 666 768 684 750 668 750 666 748 666 746 666 744 666 679 677 664 664 664 662 663 662 661 662 659 662 657 662 655 662 639 675 626 664 626 662 624 662 623 662 532 662 530 662 528 662 526 662 526 664 505 684 497 693 428 693 419 682 405 670 405 668 403 668 401 668 399 668 397 668 396 668 377 679 377 739"/></Shape>
	    <String CONTENT="بدين معنى که قوله تعالى إلا كالانعام بلهم أضل سبيلا"
                    HPOS="376"
                    VPOS="662"
                    WIDTH="975"
                    HEIGHT="109"
                    WC="0.9442779073175395"></String>
          </TextLine>

          
          
          <TextLine ID="eSc_line_e50f8c5a"
                    TAGREFS="LT4834"
                    BASELINE="374 838 1358 829" 
                    HPOS="372"
                    VPOS="780"
                    WIDTH="986"
                    HEIGHT="93">
            <Shape><Polygon POINTS="374 838 374 851 426 871 428 871 430 871 523 853 541 869 541 871 543 871 544 871 546 873 568 873 568 871 668 855 684 867 684 869 686 869 688 869 690 871 723 871 723 869 724 869 726 869 726 867 744 851 782 862 784 862 786 862 861 857 882 867 884 867 886 867 939 858 953 867 955 867 957 867 959 867 1088 866 1089 866 1162 846 1226 855 1228 855 1358 842 1358 829 1355 795 1282 788 1280 788 1228 795 1218 797 1217 795 1204 786 1204 784 1202 784 1200 784 1198 784 1133 797 1122 798 1120 797 1104 782 1104 780 1102 780 1100 780 1071 780 1069 780 1068 780 1066 780 1046 798 1044 798 1024 798 966 795 951 782 950 782 948 782 946 782 804 795 766 782 764 782 762 782 719 784 717 784 715 784 693 802 692 802 690 802 597 786 595 786 594 786 592 786 566 804 564 804 563 804 521 788 519 788 517 788 515 788 479 804 463 788 463 786 461 786 459 786 406 786 405 786 403 786 372 800 374 838"/></Shape>
	    <String CONTENT="افتاده باشد پس به هر وفتی که مرد عاقل پر موجب آمرد فرمان"
                    HPOS="372"
                    VPOS="780"
                    WIDTH="986"
                    HEIGHT="93"
                    WC="0.9196877239043253"></String>
          </TextLine>

          
          
          <TextLine ID="eSc_line_ba8dac0c"
                    TAGREFS="LT4834"
                    BASELINE="368 940 1360 929" 
                    HPOS="366"
                    VPOS="878"
                    WIDTH="994"
                    HEIGHT="98">
            <Shape><Polygon POINTS="368 940 368 958 392 975 394 975 396 975 397 975 399 975 401 975 419 962 454 976 455 976 457 976 523 962 572 975 574 975 575 975 577 975 579 975 604 953 655 960 657 960 706 951 777 973 779 973 781 973 782 973 821 953 859 973 861 973 862 973 937 971 939 971 941 971 941 969 962 949 982 960 984 960 986 960 988 960 1026 951 1048 960 1050 960 1051 960 1140 947 1168 964 1169 964 1171 964 1173 964 1175 964 1211 946 1278 967 1280 967 1282 967 1284 967 1286 967 1286 966 1306 946 1360 942 1360 929 1358 895 1315 882 1313 882 1311 882 1309 882 1307 882 1307 884 1295 895 1295 897 1248 897 1248 895 1231 882 1231 880 1229 880 1228 880 1226 880 1224 880 1178 897 1177 897 1164 886 1164 884 1162 884 1160 884 1159 884 1077 893 1059 878 1057 878 1055 878 1026 878 1024 878 964 880 962 880 960 880 939 898 886 882 884 882 882 882 881 882 879 882 879 884 864 897 850 887 848 887 846 887 844 887 842 887 821 900 817 902 764 902 764 900 739 887 737 887 735 887 733 887 708 900 706 902 623 902 621 902 572 884 570 884 568 884 566 884 564 884 564 886 552 897 465 886 463 886 461 886 459 886 459 887 441 904 441 906 366 906 368 940"/></Shape>
	    <String CONTENT="ايام زمان ما مور با مر معلم صادق باشد بال و عيال وجا"
                    HPOS="366"
                    VPOS="878"
                    WIDTH="994"
                    HEIGHT="98"
                    WC="0.9015804087886443"></String>
          </TextLine>

          
          
          <TextLine ID="eSc_line_05fe16be"
                    TAGREFS="LT4834"
                    BASELINE="374 1038 1357 1031" 
                    HPOS="372"
                    VPOS="969"
                    WIDTH="985"
                    HEIGHT="93">
            <Shape><Polygon POINTS="374 1038 374 1049 862 1062 864 1062 955 1047 1048 1047 1082 1060 1084 1060 1086 1060 1088 1060 1120 1045 1189 1058 1191 1058 1249 1045 1284 1058 1286 1058 1287 1058 1357 1042 1357 1031 1353 996 1307 987 1291 971 1291 969 1289 969 1287 969 1251 969 1249 969 1248 969 1197 996 1142 976 1140 976 1139 976 1137 976 1135 976 1104 998 1102 998 1013 973 1011 973 1010 973 1008 973 960 998 908 987 906 987 904 987 870 998 846 980 844 980 842 980 841 980 839 980 802 1000 786 984 786 982 784 982 782 982 781 982 779 982 777 982 768 991 755 982 755 980 753 980 752 980 750 980 748 980 708 1000 683 975 683 973 681 973 679 973 617 973 615 973 614 973 612 973 568 1004 543 1004 528 989 528 987 526 987 525 987 523 987 521 987 519 987 519 989 505 1002 475 1002 454 984 452 984 450 984 448 984 446 984 372 1004 374 1038"/></Shape>
	    <String CONTENT="و تن که همه عارت است همه را در راه حق بذل کنند و وجود"
                    HPOS="372"
                    VPOS="969"
                    WIDTH="985"
                    HEIGHT="93"
                    WC="0.9103251122078806"></String>
          </TextLine>

          
          
          <TextLine ID="eSc_line_f53f6735"
                    TAGREFS="LT4834"
                    BASELINE="372 1129 1351 1124" 
                    HPOS="370"
                    VPOS="1062"
                    WIDTH="981"
                    HEIGHT="101">
            <Shape><Polygon POINTS="372 1129 372 1142 450 1142 452 1142 485 1160 486 1160 488 1160 490 1160 492 1160 492 1158 510 1142 512 1142 537 1142 557 1160 557 1162 559 1162 561 1162 563 1163 601 1163 601 1162 603 1162 604 1162 604 1160 624 1143 693 1162 695 1162 697 1162 699 1162 750 1140 753 1140 755 1140 797 1154 799 1154 801 1154 851 1147 881 1160 882 1160 884 1162 1020 1162 1020 1160 1022 1160 1024 1160 1044 1143 1115 1158 1117 1158 1119 1158 1120 1158 1120 1156 1139 1140 1200 1158 1202 1158 1204 1158 1206 1158 1208 1158 1229 1138 1271 1149 1273 1149 1275 1149 1349 1136 1351 1124 1349 1087 1315 1062 1313 1062 1311 1062 1293 1062 1291 1062 1289 1062 1287 1062 1287 1064 1260 1091 1208 1091 1177 1064 1177 1062 1175 1062 1173 1062 1100 1062 1099 1062 1097 1062 1095 1062 1079 1074 1042 1062 1040 1062 1039 1062 1037 1062 982 1091 942 1093 879 1093 859 1078 857 1078 855 1078 853 1078 851 1078 850 1078 850 1080 837 1093 786 1093 759 1065 759 1064 757 1064 755 1064 699 1064 697 1064 695 1064 693 1064 693 1065 681 1078 626 1073 624 1073 623 1073 621 1073 590 1093 555 1071 554 1071 552 1071 550 1071 548 1071 490 1093 465 1069 465 1067 463 1067 461 1067 439 1065 437 1065 435 1065 370 1093 372 1129"/></Shape>
	    <String CONTENT="خويش را گلى از پيش بردارند چنانچه از امر واجب الوجود"
                    HPOS="370"
                    VPOS="1062"
                    WIDTH="981"
                    HEIGHT="101"
                    WC="0.8824519904760214"></String>
          </TextLine>

          
          
          <TextLine ID="eSc_line_2673f46a"
                    TAGREFS="LT4834"
                    BASELINE="376 1232 1355 1225" 
                    HPOS="374"
                    VPOS="1167"
                    WIDTH="981"
                    HEIGHT="98">
            <Shape><Polygon POINTS="376 1232 376 1240 435 1263 437 1263 439 1265 570 1265 570 1263 572 1263 574 1263 584 1252 615 1263 617 1263 619 1263 735 1245 773 1262 775 1262 777 1263 828 1263 828 1262 830 1262 832 1262 832 1260 850 1242 890 1258 891 1258 893 1258 895 1258 897 1258 924 1238 1186 1247 1188 1247 1189 1247 1191 1247 1208 1236 1313 1243 1315 1243 1317 1243 1355 1232 1355 1225 1351 1194 1289 1180 1287 1180 1286 1180 1284 1180 1268 1194 1128 1194 1093 1178 1091 1178 1089 1178 1088 1178 1044 1196 997 1196 962 1169 960 1169 959 1169 957 1169 955 1169 875 1194 795 1169 793 1169 792 1169 724 1171 723 1171 721 1171 721 1173 697 1196 639 1196 615 1176 614 1176 612 1176 561 1167 417 1167 416 1167 414 1167 412 1167 374 1196 376 1232"/></Shape>
	    <String CONTENT="موجود شده است از اين عالم مجازی بيز به عالم حقيقی باز کرد"
                    HPOS="374"
                    VPOS="1167"
                    WIDTH="981"
                    HEIGHT="98"
                    WC="0.9099346655502654"></String>
          </TextLine>

          
          
          <TextLine ID="eSc_line_a34849db"
                    TAGREFS="LT4834"
                    BASELINE="376 1325 1351 1329" 
                    HPOS="374"
                    VPOS="1251"
                    WIDTH="977"
                    HEIGHT="109">
            <Shape><Polygon POINTS="376 1325 374 1334 394 1345 396 1345 397 1345 461 1338 497 1354 499 1354 501 1354 503 1354 505 1354 528 1340 563 1340 626 1356 628 1356 630 1356 632 1356 663 1345 673 1354 673 1356 675 1356 677 1356 862 1358 864 1358 866 1358 868 1358 891 1340 915 1358 917 1358 919 1358 921 1360 946 1360 946 1358 948 1358 950 1358 970 1340 991 1356 993 1356 995 1356 997 1356 999 1356 1037 1338 1135 1338 1193 1358 1195 1358 1197 1358 1198 1358 1200 1358 1200 1356 1220 1338 1253 1338 1266 1349 1266 1350 1268 1350 1269 1350 1271 1350 1349 1336 1351 1329 1349 1283 1262 1283 1262 1281 1226 1252 1224 1252 1222 1252 1180 1252 1178 1252 1177 1252 1175 1252 1175 1254 1144 1281 1106 1267 1104 1267 1102 1267 1100 1267 1099 1267 1082 1281 1080 1283 1048 1283 1046 1281 1013 1252 1011 1252 1010 1252 926 1252 924 1252 922 1252 868 1281 850 1262 850 1260 848 1260 846 1260 844 1260 799 1267 782 1252 782 1251 781 1251 779 1251 723 1251 721 1251 719 1251 717 1251 693 1271 579 1251 577 1251 575 1251 574 1251 535 1280 519 1271 517 1271 515 1271 514 1271 512 1271 499 1280 497 1280 376 1280 376 1325"/></Shape>
	    <String CONTENT="بدين معنی که قوله تعالی گلشی پرجع آتی اصله با معا"
                    HPOS="374"
                    VPOS="1251"
                    WIDTH="977"
                    HEIGHT="109"
                    WC="0.8850384420156479"></String>
          </TextLine>

          
          
          <TextLine ID="eSc_line_52937e76"
                    TAGREFS="LT4834"
                    BASELINE="377 1427 1357 1421" 
                    HPOS="376"
                    VPOS="1369"
                    WIDTH="981"
                    HEIGHT="81">
            <Shape><Polygon POINTS="377 1427 377 1450 443 1436 610 1447 655 1449 657 1449 699 1445 793 1434 890 1441 986 1447 988 1447 990 1447 1013 1438 1030 1432 1051 1438 1086 1445 1088 1447 1140 1447 1140 1445 1142 1445 1160 1434 1166 1432 1195 1434 1317 1445 1318 1445 1320 1445 1357 1430 1357 1421 1353 1390 1284 1390 1282 1389 1260 1370 1258 1370 1257 1370 1255 1370 1253 1370 1220 1387 1217 1389 1122 1389 1117 1385 1099 1372 1097 1372 1095 1372 1093 1372 1091 1372 1089 1372 1077 1383 1069 1390 1015 1390 1004 1383 993 1372 991 1372 990 1372 988 1372 904 1380 870 1383 853 1380 817 1369 815 1369 813 1369 812 1369 810 1369 795 1378 773 1392 721 1392 704 1376 699 1372 699 1370 697 1370 695 1370 693 1370 692 1370 690 1370 690 1372 684 1376 677 1383 668 1376 666 1376 664 1376 663 1376 661 1376 628 1389 621 1381 621 1380 619 1380 617 1380 615 1380 563 1387 548 1378 546 1378 544 1378 543 1378 541 1378 539 1378 530 1385 512 1372 508 1369 506 1369 505 1369 503 1369 376 1369 377 1427"/></Shape>
	    <String CONTENT="خود رسيده باشد ايناست شرط مند و معاد باز كرد"
                    HPOS="376"
                    VPOS="1369"
                    WIDTH="981"
                    HEIGHT="81"
                    WC="0.9364452626217495"></String>
          </TextLine>

          
          
          <TextLine ID="eSc_line_3bf87e62"
                    TAGREFS="LT4834"
                    BASELINE="512 1532 1344 1523" 
                    HPOS="510"
                    VPOS="1461"
                    WIDTH="834"
                    HEIGHT="98">
            <Shape><Polygon POINTS="512 1532 512 1543 535 1559 537 1559 539 1559 541 1559 543 1559 581 1545 648 1541 673 1554 675 1554 677 1554 744 1539 842 1557 844 1557 939 1541 1017 1554 1019 1554 1020 1554 1022 1554 1040 1539 1057 1554 1059 1554 1060 1554 1062 1554 1064 1554 1093 1538 1109 1552 1109 1554 1111 1554 1113 1554 1115 1554 1117 1554 1159 1543 1251 1552 1253 1552 1255 1552 1257 1552 1282 1532 1344 1530 1344 1523 1337 1461 1264 1483 1244 1467 1242 1467 1240 1467 1238 1467 1237 1467 1217 1474 1198 1467 1188 1461 1186 1461 1184 1461 1182 1461 1180 1461 1180 1463 1175 1467 1155 1487 1113 1470 1093 1463 1091 1463 1089 1463 1088 1463 1059 1472 1004 1490 926 1490 904 1479 875 1465 873 1465 871 1465 786 1467 784 1467 782 1467 752 1485 741 1492 673 1492 653 1488 574 1472 572 1472 570 1472 568 1472 544 1494 510 1494 512 1532"/></Shape>
	    <String CONTENT="صل خود همه چير رر صافی و نفره وارزير"
                    HPOS="510"
                    VPOS="1461"
                    WIDTH="834"
                    HEIGHT="98"
                    WC="0.9273528224892087"></String>
          </TextLine>

          
          
          <TextLine ID="eSc_line_70a8f296"
                    TAGREFS="LT4834"
                    BASELINE="368 1614 950 1619" 
                    HPOS="366"
                    VPOS="1550"
                    WIDTH="584"
                    HEIGHT="96">
            <Shape><Polygon POINTS="368 1614 366 1623 439 1643 441 1643 443 1643 445 1643 488 1626 494 1626 530 1626 532 1626 557 1645 559 1645 561 1645 563 1646 614 1646 614 1645 615 1645 657 1628 659 1628 697 1645 699 1645 701 1646 726 1646 726 1645 728 1645 730 1645 730 1643 744 1630 746 1628 748 1630 770 1637 772 1637 773 1637 775 1637 802 1630 804 1630 822 1646 824 1646 826 1646 828 1646 948 1632 950 1619 942 1568 928 1577 895 1568 879 1565 877 1565 875 1565 853 1568 821 1577 812 1570 797 1556 797 1554 795 1554 793 1554 768 1554 766 1554 764 1554 762 1554 741 1570 732 1577 692 1577 659 1574 655 1570 632 1552 630 1552 628 1552 626 1552 515 1567 495 1550 494 1550 492 1550 439 1550 437 1550 435 1550 434 1550 434 1552 410 1572 410 1574 368 1574 368 1614"/></Shape>
	    <String CONTENT="در بيان مومن اسما عيلى جماعتی که ط"
                    HPOS="366"
                    VPOS="1550"
                    WIDTH="584"
                    HEIGHT="96"
                    WC="0.9088298240128685"></String>
          </TextLine>

          
          
          <TextLine ID="eSc_line_233bd555"
                    TAGREFS="LT4834"
                    BASELINE="368 1708 911 1717 1217 1705" 
                    HPOS="366"
                    VPOS="1654"
                    WIDTH="851"
                    HEIGHT="92">
            <Shape><Polygon POINTS="366 1719 423 1723 450 1743 452 1743 454 1743 544 1745 546 1745 548 1745 617 1725 708 1741 710 1741 712 1741 713 1741 733 1728 812 1745 813 1746 859 1746 859 1745 861 1745 862 1745 875 1734 935 1745 937 1745 939 1745 941 1745 975 1723 1000 1743 1002 1743 1004 1743 1006 1743 1008 1743 1010 1743 1037 1723 1122 1723 1180 1741 1182 1741 1184 1741 1186 1741 1188 1741 1215 1721 1217 1705 1213 1656 1139 1656 1137 1656 1135 1656 1133 1656 1102 1676 1004 1656 999 1656 997 1656 995 1656 993 1656 993 1657 973 1677 937 1656 935 1656 933 1656 931 1656 930 1656 928 1656 908 1672 853 1679 710 1679 666 1657 664 1657 663 1657 659 1657 612 1668 583 1657 575 1656 574 1656 572 1656 570 1656 564 1657 534 1676 494 1676 474 1657 468 1654 466 1654 465 1654 463 1654 461 1654 448 1659 410 1672 370 1659 368 1708 366 1719"/></Shape>
	    <String CONTENT="دين خن اند و جود را اسما عيلی می دانند"
                    HPOS="366"
                    VPOS="1654"
                    WIDTH="851"
                    HEIGHT="92"
                    WC="0.9545768640543285"></String>
          </TextLine>

          
          
          <TextLine ID="eSc_line_12f2787d"
                    TAGREFS="LT4834"
                    BASELINE="1135 1650 1148 1646" 
                    HPOS="1128"
                    VPOS="1625"
                    WIDTH="23"
                    HEIGHT="41">
            <Shape><Polygon POINTS="1135 1650 1142 1666 1151 1659 1148 1646 1140 1625 1128 1625 1135 1650"/></Shape>
	    <String CONTENT=""
                    HPOS="1128"
                    VPOS="1625"
                    WIDTH="23"
                    HEIGHT="41"></String>
          </TextLine>

          
          
          <TextLine ID="eSc_line_3cd4b35a"
                    TAGREFS="LT4834"
                    BASELINE="1226 1636 1338 1625" 
                    HPOS="1224"
                    VPOS="1563"
                    WIDTH="114"
                    HEIGHT="93">
            <Shape><Polygon POINTS="1228 1656 1338 1634 1338 1625 1327 1563 1269 1592 1244 1592 1224 1577 1226 1636 1228 1656"/></Shape>
	    <String CONTENT="كص"
                    HPOS="1224"
                    VPOS="1563"
                    WIDTH="114"
                    HEIGHT="93"
                    WC="0.9881342649459839"></String>
          </TextLine>

          
          
          <TextLine ID="eSc_line_31b80ed2"
                    TAGREFS="LT4834"
                    BASELINE="361 1828 1344 1817" 
                    HPOS="359"
                    VPOS="1745"
                    WIDTH="985"
                    HEIGHT="108">
            <Shape><Polygon POINTS="361 1828 361 1848 397 1853 399 1853 401 1853 403 1853 408 1848 414 1843 428 1848 441 1853 443 1853 445 1853 446 1853 466 1848 506 1835 597 1835 628 1848 639 1852 641 1852 643 1852 644 1852 663 1848 684 1843 728 1846 762 1850 764 1850 766 1850 768 1850 768 1848 770 1846 784 1833 833 1833 857 1846 859 1848 861 1848 862 1848 864 1848 866 1848 871 1846 908 1833 982 1846 1002 1848 1004 1848 1006 1848 1015 1844 1057 1830 1106 1841 1108 1841 1178 1828 1244 1844 1249 1844 1251 1844 1342 1843 1344 1817 1340 1763 1255 1745 1253 1745 1251 1745 1211 1761 1193 1770 1097 1770 1077 1761 1048 1746 1046 1746 1044 1746 995 1755 993 1755 991 1755 991 1757 988 1759 973 1772 895 1759 888 1759 886 1759 884 1759 882 1759 844 1774 799 1759 772 1750 770 1750 768 1750 766 1750 764 1750 764 1752 757 1759 755 1761 752 1759 743 1754 741 1754 739 1754 737 1754 735 1754 735 1755 732 1759 715 1774 670 1759 668 1759 666 1759 561 1775 541 1757 537 1755 537 1754 535 1754 534 1754 532 1754 359 1755 361 1828"/></Shape>
	    <String CONTENT="بيبايد که شرط مومنی و معنی اسما عيلی را بدانند مغی معيل"
                    HPOS="359"
                    VPOS="1745"
                    WIDTH="985"
                    HEIGHT="108"
                    WC="0.8918326746333729"></String>
          </TextLine>

          
        </TextBlock>
        
        <TextBlock HPOS="761"
                   VPOS="159"
                   WIDTH="165"
                   HEIGHT="93"
                   ID="eSc_textblock_a30759c6"
                   TAGREFS="BT16059">
          <Shape><Polygon POINTS="790 159 926 167 926 230 868 252 775 237 761 196 790 159"/></Shape>
          
          
          <TextLine ID="eSc_line_c94775a8"
                    TAGREFS="LT4834"
                    BASELINE="802 216 881 216" 
                    HPOS="802"
                    VPOS="172"
                    WIDTH="79"
                    HEIGHT="71">
            <Shape><Polygon POINTS="802 216 802 234 815 243 817 243 819 243 821 243 822 243 824 243 835 236 839 234 879 239 881 216 881 185 842 172 841 172 839 172 837 172 802 187 802 216"/></Shape>
	    <String CONTENT=""
                    HPOS="802"
                    VPOS="172"
                    WIDTH="79"
                    HEIGHT="71"></String>
          </TextLine>

          
        </TextBlock>
        
        <TextBlock HPOS="305"
                   VPOS="1532"
                   WIDTH="34"
                   HEIGHT="93"
                   ID="eSc_textblock_1fdc5dab"
                   TAGREFS="BT16062">
          <Shape><Polygon POINTS="319 1532 339 1539 339 1625 305 1610 319 1532"/></Shape>
          
          
          <TextLine ID="eSc_line_2b2ffd15"
                    TAGREFS="LT4834"
                    BASELINE="310 1605 336 1607" 
                    HPOS="305"
                    VPOS="1579"
                    WIDTH="31"
                    HEIGHT="113">
            <Shape><Polygon POINTS="310 1605 305 1692 328 1681 336 1607 334 1579 310 1583 310 1605"/></Shape>
	    <String CONTENT=""
                    HPOS="305"
                    VPOS="1579"
                    WIDTH="31"
                    HEIGHT="113"></String>
          </TextLine>

          
        </TextBlock>
        
        <TextBlock HPOS="443"
                   VPOS="1859"
                   WIDTH="963"
                   HEIGHT="93"
                   ID="eSc_textblock_ba2069ec"
                   TAGREFS="BT16058">
          <Shape><Polygon POINTS="835 1859 1355 1866 1391 1881 1377 1915 1406 1930 833 1952 752 1922 443 1915 501 1881 835 1859"/></Shape>
          
          
          <TextLine ID="eSc_line_ee8ed9c0"
                    TAGREFS="LT4834"
                    BASELINE="812 1921 1344 1908" 
                    HPOS="810"
                    VPOS="1866"
                    WIDTH="534"
                    HEIGHT="89">
            <Shape><Polygon POINTS="812 1921 812 1942 833 1955 835 1955 837 1955 839 1955 870 1942 902 1953 904 1953 906 1953 1024 1952 1026 1952 1066 1935 1069 1935 1198 1944 1200 1944 1202 1944 1229 1932 1262 1946 1264 1946 1266 1946 1342 1928 1344 1908 1338 1868 1235 1877 1217 1873 1191 1866 1189 1866 1188 1866 1186 1866 1164 1875 1155 1881 1088 1881 1082 1879 1060 1868 1059 1868 1057 1868 1006 1879 970 1870 968 1870 966 1870 964 1870 962 1870 946 1883 933 1872 931 1872 930 1872 928 1872 871 1881 853 1873 851 1873 850 1873 819 1875 817 1875 815 1875 815 1877 813 1877 810 1881 812 1921"/></Shape>
	    <String CONTENT="سهآيه عا از سوره الفرقان الا بدهد"
                    HPOS="810"
                    VPOS="1866"
                    WIDTH="534"
                    HEIGHT="89"
                    WC="0.8543828936184154"></String>
          </TextLine>

          
        </TextBlock>
        
        <TextBlock HPOS="768"
                   VPOS="1946"
                   WIDTH="158"
                   HEIGHT="122"
                   ID="eSc_textblock_93f7d8cf"
                   TAGREFS="BT16061">
          <Shape><Polygon POINTS="826 1946 926 1975 897 2068 768 2024 826 1946"/></Shape>
          
          
          <TextLine ID="eSc_line_c20e37bf"
                    TAGREFS="LT4834"
                    BASELINE="812 2015 899 2019" 
                    HPOS="810"
                    VPOS="1966"
                    WIDTH="89"
                    HEIGHT="74">
            <Shape><Polygon POINTS="895 1966 812 1982 812 2015 810 2033 895 2040 899 2019 897 1966 895 1966"/></Shape>
	    <String CONTENT="بداند"
                    HPOS="810"
                    VPOS="1966"
                    WIDTH="89"
                    HEIGHT="74"
                    WC="0.8929785132408142"></String>
          </TextLine>

          
        </TextBlock>
        
        <TextBlock HPOS="370"
                   VPOS="1910"
                   WIDTH="6"
                   HEIGHT="5"
                   ID="eSc_textblock_831efaaf"
                   TAGREFS="BT16058">
          <Shape><Polygon POINTS="372 1910 376 1910 376 1915 370 1915 372 1910"/></Shape>
          
        </TextBlock>
        

        
      </PrintSpace>
    </Page>
  </Layout>
</alto>
