<?xml version="1.0" encoding="UTF-8"?>
<alto xmlns:xsi="http://www.w3.org/2001/XMLSchema-instance"
      xmlns="http://www.loc.gov/standards/alto/ns-v4#"
      xsi:schemaLocation="http://www.loc.gov/standards/alto/ns-v4# http://www.loc.gov/standards/alto/v4/alto-4-2.xsd">
  <Description>
    <MeasurementUnit>pixel</MeasurementUnit>
    <sourceImageInformation>
      <fileName>TwoIsmailiTreatises053.jpg</fileName>
      
    </sourceImageInformation>
  </Description>
  
  <Tags>
    <OtherTag ID="BT16074" LABEL="MarginTextZone:commentary" DESCRIPTION="block type MarginTextZone:commentary"/><OtherTag ID="BT16073" LABEL="MarginTextZone:note#1" DESCRIPTION="block type MarginTextZone:note#1"/><OtherTag ID="BT16072" LABEL="MainZone:column#2" DESCRIPTION="block type MainZone:column#2"/><OtherTag ID="BT16071" LABEL="MainZone:column#3" DESCRIPTION="block type MainZone:column#3"/><OtherTag ID="BT16070" LABEL="GraphicZone:illustration" DESCRIPTION="block type GraphicZone:illustration"/><OtherTag ID="BT16069" LABEL="MainZone:column#1" DESCRIPTION="block type MainZone:column#1"/><OtherTag ID="BT16068" LABEL="MarginTextZone:note#2" DESCRIPTION="block type MarginTextZone:note#2"/><OtherTag ID="BT16067" LABEL="CustomZone:publication" DESCRIPTION="block type CustomZone:publication"/><OtherTag ID="BT16066" LABEL="RunningTitleZone" DESCRIPTION="block type RunningTitleZone"/><OtherTag ID="BT16065" LABEL="NumberingZone" DESCRIPTION="block type NumberingZone"/><OtherTag ID="BT16064" LABEL="default" DESCRIPTION="block type default"/><OtherTag ID="BT16063" LABEL="TitlePageZone" DESCRIPTION="block type TitlePageZone"/><OtherTag ID="BT16062" LABEL="NumberingZone:other" DESCRIPTION="block type NumberingZone:other"/><OtherTag ID="BT16061" LABEL="QuireMarksZone:catchwords" DESCRIPTION="block type QuireMarksZone:catchwords"/><OtherTag ID="BT16060" LABEL="MainZone" DESCRIPTION="block type MainZone"/><OtherTag ID="BT16059" LABEL="NumberingZone:page" DESCRIPTION="block type NumberingZone:page"/><OtherTag ID="BT16058" LABEL="MarginTextZone:note" DESCRIPTION="block type MarginTextZone:note"/><OtherTag ID="BT16057" LABEL="DigitizationArtefactZone" DESCRIPTION="block type DigitizationArtefactZone"/><OtherTag ID="BT4" LABEL="Illustration" DESCRIPTION="block type Illustration"/><OtherTag ID="BT3" LABEL="Commentary" DESCRIPTION="block type Commentary"/><OtherTag ID="BT2" LABEL="Main" DESCRIPTION="block type Main"/><OtherTag ID="BT1" LABEL="Title" DESCRIPTION="block type Title"/>
    <OtherTag ID="LT4834" LABEL="DefaultLine" DESCRIPTION="line type DefaultLine"/><OtherTag ID="LT4835" LABEL="HeadingLine:title" DESCRIPTION="line type HeadingLine:title"/>
  </Tags>
  
  <Layout>
    <Page WIDTH="1516"
          HEIGHT="2192"
          PHYSICAL_IMG_NR="49"
          ID="eSc_dummypage_">
      <PrintSpace HPOS="0"
                  VPOS="0"
                  WIDTH="1516"
                  HEIGHT="2192">
        
        <TextBlock HPOS="58"
                   VPOS="255"
                   WIDTH="1084"
                   HEIGHT="1701"
                   ID="eSc_textblock_2e3e4e69"
                   TAGREFS="BT16060">
          <Shape><Polygon POINTS="117 255 1113 270 1113 670 1135 723 1113 1233 1142 1298 1135 1700 1099 1956 58 1956 58 467 65 299 117 255"/></Shape>
          
          
          <TextLine ID="eSc_line_fab3cf22"
                    TAGREFS="LT4834"
                    BASELINE="107 343 1082 350" 
                    HPOS="106"
                    VPOS="277"
                    WIDTH="976"
                    HEIGHT="106">
            <Shape><Polygon POINTS="107 343 106 359 126 372 128 372 129 372 131 372 133 372 164 359 192 376 193 376 195 376 197 378 245 378 245 376 246 376 276 359 301 376 303 376 305 376 307 376 438 361 471 378 473 378 475 378 477 378 506 363 530 378 532 378 533 378 535 378 599 363 643 372 645 372 718 363 742 379 744 379 746 379 837 381 839 381 841 381 843 381 861 365 914 381 916 381 918 381 982 367 998 381 1000 381 1002 381 1003 383 1044 383 1044 381 1046 381 1080 363 1082 350 1080 284 1025 281 1024 281 1022 281 1020 281 1013 284 972 310 939 288 932 281 930 281 928 281 806 279 804 279 802 279 773 292 740 306 713 299 711 299 709 299 707 299 705 299 682 316 608 316 592 297 574 279 574 277 572 277 570 277 533 277 532 277 530 277 484 299 460 312 446 301 446 299 444 299 442 299 413 299 411 299 409 299 407 299 407 301 405 301 395 312 329 312 321 303 307 290 307 288 305 288 303 288 301 288 259 290 257 290 228 306 221 310 212 306 197 301 195 301 193 301 192 301 190 301 182 306 177 310 107 310 107 343"/></Shape>
	    <String CONTENT="تولی روی با کسی کردن است و حقيقت ترا از غير اونرا"
                    HPOS="106"
                    VPOS="277"
                    WIDTH="976"
                    HEIGHT="106"
                    WC="0.8402706591450438"></String>
          </TextLine>

          
          
          <TextLine ID="eSc_line_7ee43497"
                    TAGREFS="LT4834"
                    BASELINE="894 438 1086 442" 
                    HPOS="892"
                    VPOS="401"
                    WIDTH="194"
                    HEIGHT="70">
            <Shape><Polygon POINTS="894 438 892 458 916 469 918 469 919 469 958 462 965 460 971 462 989 471 991 471 992 471 1084 469 1086 442 1082 403 1040 414 1003 407 978 401 976 401 894 411 894 438"/></Shape>
	    <String CONTENT="ششدن"
                    HPOS="892"
                    VPOS="401"
                    WIDTH="194"
                    HEIGHT="70"
                    WC="0.9875136017799377"></String>
          </TextLine>

          
          
          <TextLine ID="eSc_line_2f960613"
                    TAGREFS="LT4834"
                    BASELINE="93 540 943 548" 
                    HPOS="91"
                    VPOS="485"
                    WIDTH="852"
                    HEIGHT="94">
            <Shape><Polygon POINTS="93 540 91 557 124 571 126 571 128 571 235 558 305 573 307 573 490 569 491 569 493 569 493 568 502 560 532 571 533 571 535 571 597 562 610 573 610 575 612 575 614 575 616 575 804 564 819 575 819 577 821 577 822 577 824 579 866 579 866 577 941 564 943 548 939 507 888 511 879 507 861 493 859 493 857 493 855 493 854 493 813 507 793 515 731 515 718 507 680 487 678 487 581 487 579 487 577 487 541 507 523 507 510 507 488 489 486 489 484 489 482 489 480 489 479 489 459 504 435 495 433 495 431 495 429 495 427 495 427 496 415 507 411 511 373 511 369 507 341 485 340 485 338 485 309 485 307 485 305 485 241 507 239 507 199 493 197 493 195 493 193 493 151 505 111 495 109 495 107 495 106 495 104 495 93 502 93 540"/></Shape>
	    <String CONTENT="و تولی دمسرارا هري ظاهری و باطنی هست تولا"
                    HPOS="91"
                    VPOS="485"
                    WIDTH="852"
                    HEIGHT="94"
                    WC="0.8981076900551959"></String>
          </TextLine>

          
          
          <TextLine ID="eSc_line_47b35530"
                    TAGREFS="LT4834"
                    BASELINE="95 641 1088 648" 
                    HPOS="93"
                    VPOS="575"
                    WIDTH="995"
                    HEIGHT="99">
            <Shape><Polygon POINTS="95 641 93 653 135 668 137 668 138 668 140 668 179 655 202 668 204 668 206 670 250 670 250 668 252 668 254 668 270 657 283 666 283 668 285 668 287 668 288 670 343 670 343 668 345 668 347 668 360 657 374 670 376 670 378 670 380 670 502 657 521 670 523 670 524 670 526 670 579 663 592 672 594 672 596 672 597 674 672 674 672 672 674 672 676 672 696 659 713 659 729 659 742 670 742 672 744 672 746 672 747 672 835 664 844 672 844 674 846 674 848 674 850 674 852 674 881 661 892 670 894 670 896 670 897 670 978 661 982 661 1007 674 1009 674 1011 674 1086 661 1088 648 1088 588 1069 580 1067 580 1066 580 1064 580 1049 588 1005 613 963 613 941 590 936 586 936 584 934 584 932 584 886 580 885 580 883 580 881 580 870 591 844 611 788 599 786 599 784 599 746 610 729 593 715 580 715 579 713 579 711 579 709 579 707 579 667 593 652 580 652 579 651 579 649 579 608 579 607 579 605 579 603 579 583 597 568 610 464 610 448 599 411 577 409 577 407 577 405 577 404 577 325 600 309 606 299 600 256 575 254 575 252 575 175 575 173 575 171 575 170 575 170 577 144 602 95 604 95 641"/></Shape>
	    <String CONTENT="ظاهر آنکه روى ما نيكان کند و تولای باطن آنکه رو"
                    HPOS="93"
                    VPOS="575"
                    WIDTH="995"
                    HEIGHT="99"
                    WC="0.9318403674631702"></String>
          </TextLine>

          
          
          <TextLine ID="eSc_line_f6012019"
                    TAGREFS="LT4834"
                    BASELINE="98 743 1086 750" 
                    HPOS="96"
                    VPOS="685"
                    WIDTH="990"
                    HEIGHT="93">
            <Shape><Polygon POINTS="98 743 96 758 212 772 213 772 215 772 241 759 243 758 246 759 287 772 288 772 290 772 343 765 363 774 365 774 367 774 453 759 466 758 532 758 537 759 570 774 572 774 574 774 576 774 607 759 640 776 641 776 643 776 724 765 764 776 766 776 768 776 769 776 806 759 808 759 810 759 861 776 863 776 864 776 866 776 908 761 998 761 1014 776 1014 778 1016 778 1018 778 1020 778 1022 778 1084 759 1086 750 1082 710 1042 714 1036 710 1018 692 1018 690 1016 690 1014 690 923 690 921 690 919 690 918 690 918 692 899 710 890 719 857 719 850 710 839 699 839 697 837 697 835 697 795 688 793 688 791 688 790 688 790 690 768 710 762 716 749 710 709 694 707 694 705 694 704 694 702 694 683 710 676 717 638 717 632 710 621 701 621 699 619 699 618 699 616 699 544 710 521 714 515 710 497 694 497 692 495 692 493 692 491 692 490 692 449 710 442 716 376 716 371 710 349 694 347 694 345 694 343 694 341 694 340 694 318 710 287 688 285 688 283 688 281 688 279 688 235 706 206 685 204 685 202 685 148 685 146 685 144 685 142 685 142 686 113 712 111 712 98 712 98 743"/></Shape>
	    <String CONTENT="با مر خدا كند يعتى امام زمان و تير اى ظاهر آنکه"
                    HPOS="96"
                    VPOS="685"
                    WIDTH="990"
                    HEIGHT="93"
                    WC="0.9067046667138735"></String>
          </TextLine>

          
          
          <TextLine ID="eSc_line_0ceaf7c2"
                    TAGREFS="LT4834"
                    BASELINE="95 845 1088 845" 
                    HPOS="95"
                    VPOS="787"
                    WIDTH="993"
                    HEIGHT="86">
            <Shape><Polygon POINTS="95 862 107 871 109 871 111 871 113 873 173 873 173 871 175 871 177 871 190 860 266 871 268 871 270 871 303 862 382 871 384 871 385 871 387 871 405 860 552 869 554 869 555 869 574 862 585 871 587 871 588 871 590 871 592 871 616 860 643 871 645 871 647 871 649 871 685 860 720 871 722 871 724 871 866 860 890 871 892 871 894 871 896 871 921 860 947 871 949 871 950 871 952 871 976 860 1049 871 1051 871 1053 871 1088 858 1088 845 1088 805 965 796 963 796 961 796 943 803 936 807 928 803 908 794 907 794 905 794 903 794 877 803 846 816 683 816 671 803 661 796 661 794 660 794 658 794 656 794 654 794 636 801 610 816 524 816 504 801 493 794 491 794 490 794 488 794 486 794 468 801 444 812 429 801 416 792 415 792 413 792 411 792 409 792 376 801 351 809 341 801 327 789 327 787 325 787 323 787 193 787 192 787 190 787 166 800 155 807 148 800 140 794 138 794 137 794 135 794 133 794 120 800 107 807 98 800 95 845 95 862"/></Shape>
	    <String CONTENT="از بدان ببريد و بزار شوند و نرای باطن آنکه از هرچه"
                    HPOS="95"
                    VPOS="787"
                    WIDTH="993"
                    HEIGHT="86"
                    WC="0.9014562964439392"></String>
          </TextLine>

          
          
          <TextLine ID="eSc_line_5ff9d158"
                    TAGREFS="LT4834"
                    BASELINE="107 942 1086 942" 
                    HPOS="107"
                    VPOS="889"
                    WIDTH="979"
                    HEIGHT="80">
            <Shape><Polygon POINTS="107 942 107 953 142 968 144 968 146 968 230 955 237 955 243 955 288 969 290 969 292 969 347 968 349 968 351 968 365 957 371 955 484 955 495 960 524 969 526 969 528 969 530 969 532 969 532 968 541 960 543 959 555 960 614 969 616 969 618 969 640 962 656 957 671 962 693 969 694 969 696 969 736 964 757 960 793 964 846 969 848 969 850 969 852 969 852 968 855 966 868 955 1084 968 1086 942 1086 900 1038 889 1036 889 1035 889 976 902 954 907 945 904 923 891 921 891 919 891 918 891 916 891 896 904 894 906 764 911 749 906 718 891 716 891 715 891 713 891 667 906 652 911 647 907 627 889 625 889 623 889 588 889 587 889 585 889 583 889 583 891 565 907 563 911 557 907 541 898 539 898 537 898 535 898 512 907 502 913 402 913 400 909 380 891 380 889 378 889 376 889 299 889 298 889 296 889 221 911 221 913 195 913 162 913 140 895 138 895 137 895 135 895 133 895 131 895 107 909 107 942"/></Shape>
	    <String CONTENT="جزادست ببرندو ببزار نتوند و تولى و بيرا"
                    HPOS="107"
                    VPOS="889"
                    WIDTH="979"
                    HEIGHT="80"
                    WC="0.9520239539635487"></String>
          </TextLine>

          
          
          <TextLine ID="eSc_line_e1d56d05"
                    TAGREFS="LT4834"
                    BASELINE="100 1035 1078 1043" 
                    HPOS="98"
                    VPOS="980"
                    WIDTH="980"
                    HEIGHT="95">
            <Shape><Polygon POINTS="100 1035 98 1068 146 1070 148 1070 149 1070 151 1070 153 1068 186 1046 208 1061 210 1061 212 1061 213 1061 215 1061 266 1046 294 1066 299 1070 301 1070 303 1070 343 1072 345 1072 347 1072 363 1064 402 1048 491 1050 508 1063 519 1070 521 1070 523 1070 524 1070 526 1070 548 1061 570 1052 579 1061 590 1072 590 1074 592 1074 594 1074 596 1074 597 1074 651 1059 689 1050 720 1059 740 1064 742 1064 744 1064 746 1064 747 1064 757 1057 760 1055 764 1057 779 1072 779 1074 780 1074 782 1074 784 1074 846 1059 863 1074 863 1075 864 1075 866 1075 868 1075 870 1075 872 1075 903 1055 910 1052 918 1055 941 1064 943 1064 945 1064 947 1064 949 1064 961 1055 965 1052 976 1053 1007 1063 1009 1063 1011 1063 1013 1063 1014 1063 1027 1053 1033 1052 1075 1052 1078 1043 1075 986 1022 1010 1005 1010 983 988 983 986 982 986 980 986 978 986 976 986 974 986 972 988 941 1006 918 999 916 999 914 999 912 999 879 1008 850 990 848 988 846 988 844 988 843 988 841 988 837 990 824 997 813 990 806 984 804 984 802 984 753 984 751 984 749 984 747 984 747 986 742 991 725 1008 694 1008 680 993 680 991 678 991 676 991 674 991 672 991 671 991 656 1001 645 993 636 986 634 986 632 986 630 986 629 986 614 993 594 1004 550 1004 532 995 506 982 504 982 502 982 501 982 499 982 480 995 466 1006 400 1006 380 997 334 980 332 980 299 980 298 980 296 980 294 980 263 999 256 1004 210 1004 206 1001 186 982 186 980 184 980 182 980 181 980 179 980 100 1001 100 1035"/></Shape>
	    <String CONTENT="چهار چيز مام شود اذل معرفت دويم بجشت نيوم"
                    HPOS="98"
                    VPOS="980"
                    WIDTH="980"
                    HEIGHT="95"
                    WC="0.9531554085452382"></String>
          </TextLine>

          
          
          <TextLine ID="eSc_line_92ab10a9"
                    TAGREFS="LT4834"
                    BASELINE="87 1130 1073 1138" 
                    HPOS="85"
                    VPOS="1077"
                    WIDTH="988"
                    HEIGHT="88">
            <Shape><Polygon POINTS="87 1130 85 1139 135 1156 137 1156 138 1156 215 1147 234 1159 235 1159 237 1159 239 1161 318 1161 318 1159 320 1159 321 1159 321 1158 329 1152 336 1159 336 1161 338 1161 340 1161 341 1163 382 1163 382 1161 384 1161 413 1147 422 1143 438 1148 469 1158 471 1158 473 1158 475 1158 491 1150 506 1143 521 1150 544 1161 546 1161 548 1161 550 1161 552 1161 566 1152 579 1143 693 1154 694 1154 696 1154 733 1145 746 1156 751 1161 751 1163 753 1163 755 1163 757 1165 791 1165 791 1163 793 1163 795 1163 802 1158 824 1145 852 1159 854 1159 855 1159 857 1159 883 1147 965 1147 1069 1165 1073 1138 1067 1083 1014 1105 950 1105 928 1085 927 1083 925 1083 923 1083 921 1083 919 1083 914 1085 879 1105 850 1086 848 1086 846 1086 844 1086 841 1086 760 1103 725 1088 709 1081 707 1081 705 1081 704 1081 702 1081 689 1088 663 1105 623 1105 605 1090 594 1081 592 1081 590 1081 588 1081 587 1081 554 1092 524 1101 499 1092 473 1083 471 1083 469 1083 468 1083 448 1094 433 1101 418 1094 400 1085 398 1085 396 1085 395 1085 393 1085 393 1086 384 1094 378 1101 367 1094 332 1077 330 1077 261 1077 259 1077 257 1077 256 1077 256 1079 237 1097 234 1101 197 1101 193 1097 171 1077 170 1077 168 1077 126 1077 124 1077 122 1077 87 1096 87 1130"/></Shape>
	    <String CONTENT="بحرت چيارم جهاد واين چهار خيز را هريك راظار"
                    HPOS="85"
                    VPOS="1077"
                    WIDTH="988"
                    HEIGHT="88"
                    WC="0.8935984373092651"></String>
          </TextLine>

          
          
          <TextLine ID="eSc_line_5fbc45b4"
                    TAGREFS="LT4834"
                    BASELINE="104 1231 1172 1238" 
                    HPOS="102"
                    VPOS="1165"
                    WIDTH="1070"
                    HEIGHT="102">
            <Shape><Polygon POINTS="1110 1233 1108 1198 1075 1198 1051 1180 1044 1172 1042 1172 1040 1172 996 1172 994 1172 992 1172 980 1178 950 1192 855 1176 839 1174 837 1174 835 1174 832 1176 788 1196 722 1196 676 1174 669 1170 667 1170 619 1169 618 1169 616 1169 614 1169 610 1172 583 1192 517 1181 515 1181 513 1181 490 1192 475 1180 475 1178 473 1178 471 1178 469 1178 468 1178 466 1178 451 1190 374 1192 330 1167 329 1167 327 1167 268 1167 266 1167 265 1167 263 1167 263 1169 246 1183 219 1174 217 1174 215 1174 213 1174 212 1174 190 1187 170 1169 170 1167 168 1167 166 1167 104 1165 104 1231 102 1243 149 1262 151 1262 153 1262 237 1251 252 1262 254 1262 256 1262 257 1262 307 1260 309 1260 310 1260 332 1245 338 1245 365 1247 378 1262 378 1264 380 1264 382 1264 384 1265 415 1265 415 1264 416 1264 418 1264 437 1247 462 1264 464 1264 466 1264 468 1264 614 1249 632 1247 658 1249 696 1253 707 1264 707 1265 709 1265 711 1265 713 1265 715 1265 716 1265 729 1256 749 1265 751 1265 753 1265 833 1262 835 1262 837 1262 850 1251 855 1249 954 1249 958 1253 978 1267 980 1267 982 1267 983 1267 985 1267 1024 1256 1056 1267 1058 1267 1060 1267 1062 1267 1064 1267 1064 1265 1077 1254 1080 1251 1168 1254 1172 1238 1168 1181 1131 1198 1110 1198 1110 1233"/></Shape>
	    <String CONTENT="دباظی هست ظاهر معرفت آنکه خدایرا بمرد خدا ينی امام زمان"
                    HPOS="102"
                    VPOS="1165"
                    WIDTH="1070"
                    HEIGHT="102"
                    WC="0.8572194246309144"></String>
          </TextLine>

          
          
          <TextLine ID="eSc_line_b9e12625"
                    TAGREFS="LT4834"
                    BASELINE="91 1331 1095 1327" 
                    HPOS="89"
                    VPOS="1276"
                    WIDTH="1006"
                    HEIGHT="84">
            <Shape><Polygon POINTS="91 1331 91 1342 118 1357 120 1357 122 1357 188 1342 215 1359 217 1359 219 1359 221 1360 272 1360 272 1359 274 1359 276 1359 296 1344 402 1359 404 1359 405 1359 407 1359 435 1342 651 1357 652 1357 654 1357 656 1357 676 1340 731 1351 733 1351 824 1342 841 1355 843 1355 844 1355 846 1355 967 1340 985 1355 985 1357 987 1357 989 1357 991 1359 1060 1359 1060 1357 1062 1357 1095 1338 1095 1327 1088 1276 1060 1285 1029 1280 1027 1280 1025 1280 1024 1280 1024 1282 1009 1296 978 1278 976 1278 974 1278 972 1278 971 1278 969 1278 952 1293 941 1284 939 1284 938 1284 936 1284 897 1291 885 1282 883 1280 883 1278 881 1278 879 1278 877 1278 875 1278 874 1278 870 1282 846 1296 824 1282 815 1276 813 1276 811 1276 810 1276 808 1276 806 1276 799 1284 782 1298 758 1298 746 1285 738 1278 738 1276 736 1276 735 1276 704 1276 702 1276 700 1276 698 1276 683 1285 667 1296 583 1289 577 1289 576 1289 574 1289 572 1289 561 1298 548 1289 532 1278 530 1278 528 1278 473 1278 471 1278 469 1278 435 1293 420 1298 407 1293 367 1278 365 1278 363 1278 281 1295 270 1285 270 1284 268 1284 266 1284 265 1284 237 1289 204 1278 202 1278 201 1278 199 1278 197 1278 173 1298 133 1287 131 1287 129 1287 128 1287 89 1300 91 1331"/></Shape>
	    <String CONTENT="كه حليفه ادست بشناسند و باش آنکه غير اورا نشنا"
                    HPOS="89"
                    VPOS="1276"
                    WIDTH="1006"
                    HEIGHT="84"
                    WC="0.9260772339841152"></String>
          </TextLine>

          
          
          <TextLine ID="eSc_line_ded90b4f"
                    TAGREFS="LT4834"
                    BASELINE="87 1432 1091 1435" 
                    HPOS="85"
                    VPOS="1370"
                    WIDTH="1006"
                    HEIGHT="93">
            <Shape><Polygon POINTS="87 1432 85 1454 118 1459 120 1459 122 1459 124 1459 129 1454 148 1443 179 1443 192 1454 197 1457 197 1459 199 1459 201 1459 202 1459 246 1452 312 1443 453 1443 510 1450 581 1459 583 1459 585 1459 621 1448 636 1444 640 1448 656 1461 658 1461 660 1461 661 1463 720 1463 720 1461 722 1461 777 1446 788 1444 790 1446 804 1457 806 1457 808 1457 810 1457 879 1446 888 1444 894 1446 950 1461 952 1461 954 1463 1031 1463 1031 1461 1033 1461 1089 1443 1091 1435 1091 1379 987 1371 985 1371 983 1371 982 1371 972 1380 950 1399 925 1380 910 1371 908 1371 907 1371 826 1371 824 1371 822 1371 797 1384 784 1390 758 1384 738 1380 736 1380 735 1380 733 1380 727 1384 716 1395 704 1386 691 1377 689 1377 687 1377 685 1377 683 1377 682 1377 671 1386 656 1399 590 1401 493 1397 486 1390 473 1379 471 1379 469 1379 468 1379 466 1379 440 1391 422 1401 376 1401 363 1391 338 1375 336 1375 334 1375 332 1375 330 1375 329 1375 329 1377 310 1393 305 1401 266 1401 261 1395 234 1371 234 1370 232 1370 230 1370 182 1370 181 1370 179 1370 120 1397 117 1399 87 1399 87 1432"/></Shape>
	    <String CONTENT="و ظاهر محبت آنکه اد را بپرسند و دوست دارند و باتش"
                    HPOS="85"
                    VPOS="1370"
                    WIDTH="1006"
                    HEIGHT="93"
                    WC="0.879503702223301"></String>
          </TextLine>

          
          
          <TextLine ID="eSc_line_b2a13e1f"
                    TAGREFS="LT4834"
                    BASELINE="95 1528 1084 1532" 
                    HPOS="93"
                    VPOS="1468"
                    WIDTH="991"
                    HEIGHT="93">
            <Shape><Polygon POINTS="95 1528 93 1536 142 1538 182 1558 184 1558 186 1558 363 1554 365 1554 389 1541 431 1550 433 1550 435 1550 437 1550 453 1539 559 1550 561 1550 563 1550 588 1539 612 1550 614 1550 616 1550 658 1541 671 1552 671 1554 672 1554 674 1554 676 1554 678 1554 729 1541 751 1556 753 1556 755 1556 757 1556 844 1541 875 1559 877 1559 879 1559 881 1561 1009 1561 1009 1559 1011 1559 1082 1539 1084 1532 1082 1470 1035 1470 1033 1470 1031 1470 1029 1470 1000 1494 938 1490 916 1472 914 1470 912 1470 910 1470 908 1470 907 1470 901 1472 872 1481 848 1474 846 1474 844 1474 843 1474 841 1474 811 1494 724 1485 722 1485 720 1485 694 1494 669 1475 669 1474 667 1474 665 1474 663 1474 661 1474 660 1474 658 1475 632 1492 548 1479 546 1479 544 1479 493 1492 477 1477 469 1472 468 1472 466 1472 464 1472 462 1472 449 1477 437 1485 424 1479 405 1470 404 1470 402 1470 400 1470 369 1479 360 1481 354 1479 327 1472 325 1472 323 1472 321 1472 320 1472 309 1479 292 1492 268 1481 257 1475 256 1475 254 1475 252 1475 239 1481 224 1488 215 1481 199 1468 197 1468 195 1468 117 1468 115 1468 113 1468 111 1468 95 1479 95 1528"/></Shape>
	    <String CONTENT="آنچه هر چه جزادست ادراددست ندارند و ظاهر به حرت آنكه"
                    HPOS="93"
                    VPOS="1468"
                    WIDTH="991"
                    HEIGHT="93"
                    WC="0.9191121663208361"></String>
          </TextLine>

          
          
          <TextLine ID="eSc_line_e5914c77"
                    TAGREFS="LT4834"
                    BASELINE="89 1629 1082 1623" 
                    HPOS="87"
                    VPOS="1561"
                    WIDTH="995"
                    HEIGHT="95">
            <Shape><Polygon POINTS="89 1629 89 1654 151 1656 153 1656 155 1656 157 1656 159 1654 170 1647 210 1653 234 1656 235 1656 237 1656 239 1656 239 1654 243 1653 259 1636 409 1647 411 1647 552 1634 570 1647 579 1654 581 1654 583 1654 585 1654 638 1645 667 1642 687 1645 715 1651 716 1651 718 1651 733 1645 751 1636 793 1644 806 1645 808 1645 810 1645 811 1645 811 1644 813 1644 824 1633 846 1644 848 1644 850 1644 852 1644 854 1644 855 1642 874 1633 883 1642 894 1651 894 1653 896 1653 897 1653 899 1653 901 1653 934 1642 938 1640 941 1642 963 1651 965 1651 967 1651 969 1651 989 1640 1003 1633 1020 1640 1036 1647 1038 1647 1040 1647 1082 1638 1082 1623 1078 1576 992 1561 991 1561 989 1561 952 1578 941 1583 932 1578 923 1572 921 1572 919 1572 918 1572 916 1572 914 1572 905 1580 897 1583 890 1580 870 1569 868 1569 866 1569 864 1569 848 1578 832 1563 830 1563 828 1563 826 1563 824 1563 822 1563 793 1581 782 1589 616 1591 610 1585 601 1578 601 1576 599 1576 597 1576 596 1576 594 1576 570 1587 565 1589 561 1587 532 1567 530 1567 528 1567 526 1567 524 1567 482 1589 475 1592 387 1592 384 1591 351 1565 349 1565 347 1565 162 1565 160 1565 159 1565 157 1565 157 1567 140 1581 120 1574 118 1574 117 1574 115 1574 113 1574 87 1591 89 1629"/></Shape>
	    <String CONTENT="از دشمنان او ببرند و بزار باشند و باخش آنکه هر چه"
                    HPOS="87"
                    VPOS="1561"
                    WIDTH="995"
                    HEIGHT="95"
                    WC="0.8983692169189453"></String>
          </TextLine>

          
          
          <TextLine ID="eSc_line_64ec0483"
                    TAGREFS="LT4834"
                    BASELINE="102 1720 1084 1724" 
                    HPOS="100"
                    VPOS="1662"
                    WIDTH="984"
                    HEIGHT="91">
            <Shape><Polygon POINTS="100 1733 124 1749 126 1749 128 1749 129 1751 168 1751 168 1749 170 1749 171 1749 171 1748 190 1733 250 1733 288 1749 290 1749 292 1749 385 1733 418 1749 420 1749 422 1749 424 1749 451 1738 464 1749 466 1749 468 1749 469 1751 519 1751 519 1749 521 1749 523 1749 523 1748 537 1735 590 1751 592 1751 594 1753 634 1753 634 1751 636 1751 638 1751 654 1738 671 1751 672 1751 674 1751 676 1753 727 1753 727 1751 729 1751 768 1735 808 1751 810 1751 811 1751 813 1751 846 1740 885 1751 886 1751 888 1751 890 1751 892 1751 916 1735 1013 1735 1031 1748 1033 1748 1035 1748 1036 1748 1038 1748 1082 1733 1084 1724 1084 1680 1058 1667 1056 1667 1055 1667 967 1678 950 1680 947 1678 938 1669 936 1669 934 1669 932 1669 894 1676 892 1676 850 1667 848 1667 846 1667 844 1667 835 1676 824 1667 822 1667 821 1667 819 1667 817 1667 815 1667 804 1676 799 1680 779 1675 733 1664 731 1664 729 1664 727 1664 725 1664 713 1675 698 1686 627 1686 618 1676 618 1675 616 1675 614 1675 612 1675 610 1675 577 1684 565 1673 554 1664 554 1662 552 1662 550 1662 477 1662 475 1662 473 1662 448 1671 411 1684 382 1669 373 1665 371 1665 369 1665 367 1665 365 1665 360 1669 343 1682 323 1669 314 1662 312 1662 310 1662 309 1662 307 1662 294 1669 266 1684 232 1673 230 1673 228 1673 226 1673 202 1686 140 1686 104 1665 102 1720 100 1733"/></Shape>
	    <String CONTENT="جزادست چون عيال و جان وتن که همه عارت است"
                    HPOS="100"
                    VPOS="1662"
                    WIDTH="984"
                    HEIGHT="91"
                    WC="0.8844914131048249"></String>
          </TextLine>

          
          
          <TextLine ID="eSc_line_087e94ec"
                    TAGREFS="LT4834"
                    BASELINE="102 1832 1075 1828" 
                    HPOS="100"
                    VPOS="1762"
                    WIDTH="975"
                    HEIGHT="95">
            <Shape><Polygon POINTS="102 1832 102 1846 177 1855 179 1855 181 1855 182 1855 193 1848 199 1844 212 1848 232 1854 234 1854 235 1854 266 1848 298 1843 330 1848 369 1855 371 1855 409 1848 446 1843 466 1850 482 1855 484 1855 486 1857 572 1857 572 1855 574 1855 585 1850 603 1841 667 1841 678 1850 680 1852 680 1854 682 1854 683 1854 685 1854 713 1850 786 1841 799 1852 800 1852 800 1854 802 1854 804 1854 806 1854 808 1854 810 1854 811 1852 830 1841 901 1841 918 1852 919 1854 921 1854 923 1854 925 1854 1075 1852 1075 1828 1073 1784 1044 1764 1042 1764 1040 1764 1038 1764 1036 1764 994 1786 982 1793 932 1793 923 1786 908 1773 907 1773 905 1773 903 1773 901 1773 899 1773 899 1775 888 1784 886 1788 828 1791 819 1784 804 1771 804 1770 802 1770 800 1770 799 1770 797 1770 795 1770 779 1784 771 1790 762 1784 760 1782 758 1782 757 1782 755 1782 753 1782 751 1782 749 1784 738 1793 645 1793 630 1782 603 1764 601 1764 599 1764 597 1764 596 1764 594 1764 570 1782 554 1793 506 1788 501 1782 479 1762 477 1762 475 1762 389 1762 387 1762 385 1762 384 1762 365 1775 354 1768 352 1768 351 1768 349 1768 347 1768 345 1768 345 1770 332 1781 329 1782 314 1781 298 1779 296 1779 294 1779 292 1779 292 1781 283 1790 261 1781 241 1771 239 1771 237 1771 235 1771 219 1779 204 1764 204 1762 202 1762 201 1762 133 1762 131 1762 129 1762 100 1775 102 1832"/></Shape>
	    <String CONTENT="مه ببرند و بزار شوند و ظاهر چهاد آنكه با دشمنان حقدى"
                    HPOS="100"
                    VPOS="1762"
                    WIDTH="975"
                    HEIGHT="95"
                    WC="0.8965397505265362"></String>
          </TextLine>

          
          
          <TextLine ID="eSc_line_b22c9818"
                    TAGREFS="LT4834"
                    BASELINE="95 1923 826 1927 1071 1918" 
                    HPOS="93"
                    VPOS="1859"
                    WIDTH="978"
                    HEIGHT="99">
            <Shape><Polygon POINTS="95 1923 93 1939 171 1939 175 1939 204 1952 206 1952 208 1952 210 1952 212 1952 224 1943 239 1956 241 1956 243 1956 245 1956 246 1956 299 1939 303 1939 312 1939 427 1954 429 1954 484 1943 603 1952 605 1952 607 1952 625 1943 638 1954 638 1956 640 1956 641 1956 643 1956 696 1945 715 1956 716 1956 718 1956 720 1958 835 1958 835 1956 837 1956 839 1956 839 1954 850 1943 883 1956 885 1956 886 1956 888 1956 918 1941 954 1956 956 1956 958 1956 1069 1938 1071 1918 1062 1859 1022 1886 971 1875 969 1875 967 1875 927 1886 894 1865 886 1859 885 1859 883 1859 795 1859 793 1859 791 1859 790 1859 790 1861 780 1868 773 1874 766 1868 757 1859 755 1859 753 1859 689 1859 687 1859 685 1859 683 1859 683 1861 671 1870 665 1875 660 1872 649 1861 647 1861 645 1861 643 1861 641 1861 640 1861 640 1863 629 1872 623 1879 574 1886 555 1874 533 1859 532 1859 530 1859 488 1859 486 1859 484 1859 482 1859 482 1861 466 1877 455 1886 431 1877 389 1863 387 1863 385 1863 384 1863 382 1863 382 1865 365 1879 356 1888 298 1888 292 1881 270 1861 270 1859 268 1859 266 1859 246 1859 245 1859 243 1859 171 1885 166 1888 95 1888 95 1923"/></Shape>
	    <String CONTENT="کنند و باطنش آنکه با خود در ترک لذات و شهوات"
                    HPOS="93"
                    VPOS="1859"
                    WIDTH="978"
                    HEIGHT="99"
                    WC="0.9383451766437955"></String>
          </TextLine>

          
        </TextBlock>
        
        <TextBlock HPOS="532"
                   VPOS="175"
                   WIDTH="151"
                   HEIGHT="78"
                   ID="eSc_textblock_7e75f6b3"
                   TAGREFS="BT16059">
          <Shape><Polygon POINTS="554 175 661 182 683 217 625 253 561 253 532 217 554 175"/></Shape>
          
          
          <TextLine ID="eSc_line_29e48c6e"
                    TAGREFS="LT4834"
                    BASELINE="559 222 629 219" 
                    HPOS="555"
                    VPOS="189"
                    WIDTH="74"
                    HEIGHT="53">
            <Shape><Polygon POINTS="559 222 559 242 629 242 629 219 623 189 555 191 559 222"/></Shape>
	    <String CONTENT=""
                    HPOS="555"
                    VPOS="189"
                    WIDTH="74"
                    HEIGHT="53"></String>
          </TextLine>

          
        </TextBlock>
        
        <TextBlock HPOS="497"
                   VPOS="1965"
                   WIDTH="157"
                   HEIGHT="115"
                   ID="eSc_textblock_88a707d6"
                   TAGREFS="BT16061">
          <Shape><Polygon POINTS="532 1965 654 1965 654 2058 632 2080 524 2065 497 2002 532 1965"/></Shape>
          
          
          <TextLine ID="eSc_line_5b2530aa"
                    TAGREFS="LT4834"
                    BASELINE="523 2036 643 2025" 
                    HPOS="517"
                    VPOS="1965"
                    WIDTH="126"
                    HEIGHT="108">
            <Shape><Polygon POINTS="625 1965 607 1965 588 1965 570 1965 568 1965 550 1983 544 1991 517 1991 523 2036 523 2060 548 2073 550 2073 552 2073 554 2073 577 2060 588 2055 643 2062 643 2025 636 1965 625 1965"/></Shape>
	    <String CONTENT="شش"
                    HPOS="517"
                    VPOS="1965"
                    WIDTH="126"
                    HEIGHT="108"
                    WC="0.9442081153392792"></String>
          </TextLine>

          
        </TextBlock>
        
        <TextBlock HPOS="1130"
                   VPOS="1190"
                   WIDTH="64"
                   HEIGHT="72"
                   ID="eSc_textblock_bef299e6"
                   TAGREFS="BT16062">
          <Shape><Polygon POINTS="1137 1190 1194 1198 1179 1262 1130 1254 1137 1190"/></Shape>
          
        </TextBlock>
        

        
      </PrintSpace>
    </Page>
  </Layout>
</alto>
