<?xml version="1.0" encoding="UTF-8"?>
<alto xmlns:xsi="http://www.w3.org/2001/XMLSchema-instance"
      xmlns="http://www.loc.gov/standards/alto/ns-v4#"
      xsi:schemaLocation="http://www.loc.gov/standards/alto/ns-v4# http://www.loc.gov/standards/alto/v4/alto-4-2.xsd">
  <Description>
    <MeasurementUnit>pixel</MeasurementUnit>
    <sourceImageInformation>
      <fileName>TwoIsmailiTreatises061.jpg</fileName>
      
    </sourceImageInformation>
  </Description>
  
  <Tags>
    <OtherTag ID="BT16074" LABEL="MarginTextZone:commentary" DESCRIPTION="block type MarginTextZone:commentary"/><OtherTag ID="BT16073" LABEL="MarginTextZone:note#1" DESCRIPTION="block type MarginTextZone:note#1"/><OtherTag ID="BT16072" LABEL="MainZone:column#2" DESCRIPTION="block type MainZone:column#2"/><OtherTag ID="BT16071" LABEL="MainZone:column#3" DESCRIPTION="block type MainZone:column#3"/><OtherTag ID="BT16070" LABEL="GraphicZone:illustration" DESCRIPTION="block type GraphicZone:illustration"/><OtherTag ID="BT16069" LABEL="MainZone:column#1" DESCRIPTION="block type MainZone:column#1"/><OtherTag ID="BT16068" LABEL="MarginTextZone:note#2" DESCRIPTION="block type MarginTextZone:note#2"/><OtherTag ID="BT16067" LABEL="CustomZone:publication" DESCRIPTION="block type CustomZone:publication"/><OtherTag ID="BT16066" LABEL="RunningTitleZone" DESCRIPTION="block type RunningTitleZone"/><OtherTag ID="BT16065" LABEL="NumberingZone" DESCRIPTION="block type NumberingZone"/><OtherTag ID="BT16064" LABEL="default" DESCRIPTION="block type default"/><OtherTag ID="BT16063" LABEL="TitlePageZone" DESCRIPTION="block type TitlePageZone"/><OtherTag ID="BT16062" LABEL="NumberingZone:other" DESCRIPTION="block type NumberingZone:other"/><OtherTag ID="BT16061" LABEL="QuireMarksZone:catchwords" DESCRIPTION="block type QuireMarksZone:catchwords"/><OtherTag ID="BT16060" LABEL="MainZone" DESCRIPTION="block type MainZone"/><OtherTag ID="BT16059" LABEL="NumberingZone:page" DESCRIPTION="block type NumberingZone:page"/><OtherTag ID="BT16058" LABEL="MarginTextZone:note" DESCRIPTION="block type MarginTextZone:note"/><OtherTag ID="BT16057" LABEL="DigitizationArtefactZone" DESCRIPTION="block type DigitizationArtefactZone"/><OtherTag ID="BT4" LABEL="Illustration" DESCRIPTION="block type Illustration"/><OtherTag ID="BT3" LABEL="Commentary" DESCRIPTION="block type Commentary"/><OtherTag ID="BT2" LABEL="Main" DESCRIPTION="block type Main"/><OtherTag ID="BT1" LABEL="Title" DESCRIPTION="block type Title"/>
    <OtherTag ID="LT4834" LABEL="DefaultLine" DESCRIPTION="line type DefaultLine"/><OtherTag ID="LT4835" LABEL="HeadingLine:title" DESCRIPTION="line type HeadingLine:title"/>
  </Tags>
  
  <Layout>
    <Page WIDTH="1239"
          HEIGHT="2191"
          PHYSICAL_IMG_NR="57"
          ID="eSc_dummypage_">
      <PrintSpace HPOS="0"
                  VPOS="0"
                  WIDTH="1239"
                  HEIGHT="2191">
        
        <TextBlock HPOS="160"
                   VPOS="306"
                   WIDTH="57"
                   HEIGHT="28"
                   ID="eSc_textblock_62816747"
                   TAGREFS="BT16059">
          <Shape><Polygon POINTS="191 306 217 319 168 334 160 314 191 306"/></Shape>
          
          
          <TextLine ID="eSc_line_4b25e596"
                    TAGREFS="LT4834"
                    BASELINE="142 330 213 326" 
                    HPOS="140"
                    VPOS="308"
                    WIDTH="73"
                    HEIGHT="48">
            <Shape><Polygon POINTS="195 324 177 324 158 319 157 308 140 308 142 330 142 341 173 356 175 356 177 356 179 356 213 337 213 326 210 319 195 324"/></Shape>
	    <String CONTENT=""
                    HPOS="140"
                    VPOS="308"
                    WIDTH="73"
                    HEIGHT="48"></String>
          </TextLine>

          
        </TextBlock>
        
        <TextBlock HPOS="95"
                   VPOS="335"
                   WIDTH="537"
                   HEIGHT="1620"
                   ID="eSc_textblock_63b1cad1"
                   TAGREFS="BT16060">
          <Shape><Polygon POINTS="204 335 612 335 632 394 632 553 604 620 632 744 612 817 632 1736 597 1891 617 1926 590 1955 146 1926 153 1884 109 1867 160 1818 109 1780 102 1699 131 1307 109 1290 124 1110 95 1042 95 949 124 912 95 854 131 810 95 801 116 743 95 706 95 460 109 401 204 335"/></Shape>
          
          
          <TextLine ID="eSc_line_e0ce714c"
                    TAGREFS="LT4834"
                    BASELINE="391 337 599 335" 
                    HPOS="389"
                    VPOS="335"
                    WIDTH="210"
                    HEIGHT="35">
            <Shape><Polygon POINTS="571 335 553 335 535 335 517 335 498 335 480 335 462 335 444 335 425 335 407 335 389 335 391 337 391 370 460 368 462 368 464 368 464 366 471 361 486 346 597 346 599 335 590 335 571 335"/></Shape>
	    <String CONTENT="ه"
                    HPOS="389"
                    VPOS="335"
                    WIDTH="210"
                    HEIGHT="35"
                    WC="0.9847432374954224"></String>
          </TextLine>

          
          
          <TextLine ID="eSc_line_ac053133"
                    TAGREFS="LT4834"
                    BASELINE="135 429 601 434" 
                    HPOS="133"
                    VPOS="376"
                    WIDTH="468"
                    HEIGHT="91">
            <Shape><Polygon POINTS="135 429 133 443 149 458 149 460 151 460 153 460 155 460 250 450 288 465 290 465 292 467 343 467 343 465 345 465 383 445 434 463 436 463 438 463 599 445 601 434 601 401 571 401 571 399 550 379 550 377 548 377 546 377 520 376 458 376 456 376 455 376 453 376 453 377 433 396 407 379 405 379 403 379 402 379 400 379 398 379 378 394 347 383 345 383 343 383 341 383 339 383 323 396 135 396 135 429"/></Shape>
	    <String CONTENT="خداوند ذکره انسلامر وه به هد"
                    HPOS="133"
                    VPOS="376"
                    WIDTH="468"
                    HEIGHT="91"
                    WC="0.814632980951241"></String>
          </TextLine>

          
          
          <TextLine ID="eSc_line_8d86ec35"
                    TAGREFS="LT4834"
                    BASELINE="137 533 604 533" 
                    HPOS="137"
                    VPOS="487"
                    WIDTH="467"
                    HEIGHT="75">
            <Shape><Polygon POINTS="137 533 137 544 217 560 219 560 221 560 257 551 323 560 325 560 327 560 328 560 347 545 385 560 387 560 389 560 391 560 427 547 453 560 455 560 456 562 511 562 511 560 604 544 604 533 604 500 592 489 592 487 590 487 588 487 544 487 542 487 540 487 539 487 515 503 493 487 491 487 489 487 429 487 427 487 363 503 290 503 272 503 230 492 228 492 226 492 224 492 222 492 210 503 173 494 171 494 169 494 168 494 137 503 137 533"/></Shape>
	    <String CONTENT="خداوند زمان هر ب"
                    HPOS="137"
                    VPOS="487"
                    WIDTH="467"
                    HEIGHT="75"
                    WC="0.8781545050442219"></String>
          </TextLine>

          
          
          <TextLine ID="eSc_line_173143d5"
                    TAGREFS="LT4834"
                    BASELINE="138 631 283 640 603 635" 
                    HPOS="137"
                    VPOS="560"
                    WIDTH="466"
                    HEIGHT="104">
            <Shape><Polygon POINTS="597 593 564 580 562 580 493 580 465 560 464 560 462 560 460 560 458 560 420 571 396 562 394 562 392 562 391 562 389 562 363 584 343 566 343 564 341 564 339 564 277 560 275 560 274 560 272 560 272 562 239 595 137 595 138 631 138 648 160 657 162 657 164 657 219 648 224 648 226 648 241 662 241 664 243 664 244 664 246 664 387 655 464 664 465 664 467 664 469 664 491 648 497 648 537 657 539 657 601 648 603 635 601 626 597 593"/></Shape>
	    <String CONTENT="خداوند علی ذکره السجود"
                    HPOS="137"
                    VPOS="560"
                    WIDTH="466"
                    HEIGHT="104"
                    WC="0.8990448740395632"></String>
          </TextLine>

          
          
          <TextLine ID="eSc_line_3c6614e0"
                    TAGREFS="LT4834"
                    BASELINE="140 728 604 733" 
                    HPOS="138"
                    VPOS="666"
                    WIDTH="466"
                    HEIGHT="99">
            <Shape><Polygon POINTS="140 728 138 741 157 752 158 752 160 752 162 752 254 741 290 763 292 763 294 763 296 763 297 763 349 743 378 763 380 763 381 763 383 763 385 763 414 754 447 765 449 765 451 765 603 743 604 733 604 697 584 679 584 677 582 677 581 677 550 673 548 673 546 673 544 673 513 699 511 701 509 699 451 666 449 666 447 666 383 675 345 668 343 668 341 668 339 668 339 670 307 697 305 699 211 699 211 697 199 686 199 684 197 684 195 684 193 684 140 695 140 728"/></Shape>
	    <String CONTENT="خداوند علی ذکره السلام"
                    HPOS="138"
                    VPOS="666"
                    WIDTH="466"
                    HEIGHT="99"
                    WC="0.8794656450098212"></String>
          </TextLine>

          
          
          <TextLine ID="eSc_line_baa859b5"
                    TAGREFS="LT4834"
                    BASELINE="144 827 237 821" 
                    HPOS="140"
                    VPOS="774"
                    WIDTH="97"
                    HEIGHT="69">
            <Shape><Polygon POINTS="144 827 144 838 204 843 206 843 208 843 237 832 237 821 232 774 140 788 144 827"/></Shape>
	    <String CONTENT=""
                    HPOS="140"
                    VPOS="774"
                    WIDTH="97"
                    HEIGHT="69"></String>
          </TextLine>

          
          
          <TextLine ID="eSc_line_1d9d135c"
                    TAGREFS="LT4834"
                    BASELINE="307 825 601 827" 
                    HPOS="305"
                    VPOS="779"
                    WIDTH="296"
                    HEIGHT="71">
            <Shape><Polygon POINTS="307 825 305 830 380 847 381 847 383 847 420 836 434 849 434 850 436 850 438 850 440 850 599 832 601 827 601 799 555 779 553 779 551 779 550 779 506 797 455 779 453 779 451 779 391 781 389 781 387 781 369 797 367 797 307 797 307 825"/></Shape>
	    <String CONTENT="خداوند قيامت"
                    HPOS="305"
                    VPOS="779"
                    WIDTH="296"
                    HEIGHT="71"
                    WC="0.970036655664444"></String>
          </TextLine>

          
          
          <TextLine ID="eSc_line_46f1d89b"
                    TAGREFS="LT4834"
                    BASELINE="142 923 603 927" 
                    HPOS="140"
                    VPOS="865"
                    WIDTH="463"
                    HEIGHT="82">
            <Shape><Polygon POINTS="142 923 140 934 149 943 149 945 151 945 153 945 155 945 157 945 195 934 372 947 374 947 601 942 603 927 603 876 500 865 498 865 497 865 471 880 458 887 445 880 422 865 420 865 418 865 336 865 334 865 332 865 330 865 330 867 312 883 305 891 142 889 142 923"/></Shape>
	    <String CONTENT="خداوند محمد تقدش آسمانه"
                    HPOS="140"
                    VPOS="865"
                    WIDTH="463"
                    HEIGHT="82"
                    WC="0.9126181701819102"></String>
          </TextLine>

          
          
          <TextLine ID="eSc_line_58fa78bd"
                    TAGREFS="LT4834"
                    BASELINE="137 1026 603 1026" 
                    HPOS="137"
                    VPOS="954"
                    WIDTH="466"
                    HEIGHT="108">
            <Shape><Polygon POINTS="137 1026 137 1048 173 1060 175 1060 177 1062 215 1062 215 1060 217 1060 219 1060 237 1048 239 1046 241 1048 266 1060 268 1060 270 1060 272 1060 303 1046 305 1046 327 1060 328 1060 330 1060 332 1060 334 1060 380 1049 442 1060 444 1060 445 1060 500 1044 504 1044 603 1044 603 1026 603 987 564 987 550 974 550 973 548 973 546 973 544 973 542 973 540 973 524 985 495 974 493 974 491 974 434 985 407 964 405 964 403 964 402 964 400 964 380 973 352 954 350 954 349 954 347 954 296 965 283 954 281 954 279 954 235 954 233 954 232 954 230 954 201 980 137 985 137 1026"/></Shape>
	    <String CONTENT="خداوندی مولانا علی زکره اشلام عد"
                    HPOS="137"
                    VPOS="954"
                    WIDTH="466"
                    HEIGHT="108"
                    WC="0.9202357642352581"></String>
          </TextLine>

          
          
          <TextLine ID="eSc_line_30a05b01"
                    TAGREFS="LT4834"
                    BASELINE="158 1117 191 1113" 
                    HPOS="153"
                    VPOS="1071"
                    WIDTH="38"
                    HEIGHT="68">
            <Shape><Polygon POINTS="191 1113 186 1073 153 1071 158 1117 162 1139 191 1128 191 1113"/></Shape>
	    <String CONTENT=""
                    HPOS="153"
                    VPOS="1071"
                    WIDTH="38"
                    HEIGHT="68"></String>
          </TextLine>

          
          
          <TextLine ID="eSc_line_a13d30d5"
                    TAGREFS="LT4834"
                    BASELINE="495 1130 592 1122" 
                    HPOS="491"
                    VPOS="1069"
                    WIDTH="101"
                    HEIGHT="83">
            <Shape><Polygon POINTS="495 1130 497 1152 592 1128 592 1122 588 1082 537 1069 535 1069 533 1069 531 1069 531 1071 509 1093 508 1097 491 1097 495 1130"/></Shape>
	    <String CONTENT="حضر"
                    HPOS="491"
                    VPOS="1069"
                    WIDTH="101"
                    HEIGHT="83"
                    WC="0.9848898847897848"></String>
          </TextLine>

          
          
          <TextLine ID="eSc_line_4cb0be6c"
                    TAGREFS="LT4834"
                    BASELINE="135 1219 601 1216" 
                    HPOS="133"
                    VPOS="1161"
                    WIDTH="468"
                    HEIGHT="87">
            <Shape><Polygon POINTS="135 1219 135 1232 275 1232 279 1232 363 1248 365 1248 433 1237 548 1247 550 1247 551 1247 601 1228 601 1216 593 1174 579 1179 568 1174 544 1161 542 1161 540 1161 539 1161 537 1161 513 1175 511 1177 508 1175 487 1161 486 1161 484 1161 400 1161 398 1161 396 1161 394 1161 367 1179 360 1183 341 1179 308 1172 307 1172 305 1172 283 1181 275 1183 268 1181 230 1170 228 1170 226 1170 224 1170 222 1170 222 1172 211 1183 210 1183 208 1183 179 1174 177 1174 175 1174 133 1183 135 1219"/></Shape>
	    <String CONTENT="خطيه مولانا على"
                    HPOS="133"
                    VPOS="1161"
                    WIDTH="468"
                    HEIGHT="87"
                    WC="0.8555527249972026"></String>
          </TextLine>

          
          
          <TextLine ID="eSc_line_e0e77ffa"
                    TAGREFS="LT4834"
                    BASELINE="137 1318 210 1314" 
                    HPOS="133"
                    VPOS="1250"
                    WIDTH="77"
                    HEIGHT="88">
            <Shape><Polygon POINTS="137 1318 137 1331 169 1338 171 1338 173 1338 210 1325 210 1314 206 1257 166 1250 164 1250 162 1250 133 1259 137 1318"/></Shape>
	    <String CONTENT=""
                    HPOS="133"
                    VPOS="1250"
                    WIDTH="77"
                    HEIGHT="88"></String>
          </TextLine>

          
          
          <TextLine ID="eSc_line_4aee0e03"
                    TAGREFS="LT4834"
                    BASELINE="347 1320 595 1316" 
                    HPOS="345"
                    VPOS="1267"
                    WIDTH="250"
                    HEIGHT="82">
            <Shape><Polygon POINTS="347 1320 347 1329 423 1331 465 1349 467 1349 469 1349 559 1343 561 1343 595 1325 595 1316 590 1270 493 1283 475 1278 440 1267 438 1267 436 1267 345 1287 347 1320"/></Shape>
	    <String CONTENT="خورشيد قيامت"
                    HPOS="345"
                    VPOS="1267"
                    WIDTH="250"
                    HEIGHT="82"
                    WC="0.9909447729587555"></String>
          </TextLine>

          
          
          <TextLine ID="eSc_line_e1855f28"
                    TAGREFS="LT4834"
                    BASELINE="135 1415 228 1415" 
                    HPOS="135"
                    VPOS="1371"
                    WIDTH="93"
                    HEIGHT="67">
            <Shape><Polygon POINTS="135 1415 135 1427 155 1438 157 1438 158 1438 228 1425 228 1415 228 1373 135 1371 135 1415"/></Shape>
	    <String CONTENT="هوم"
                    HPOS="135"
                    VPOS="1371"
                    WIDTH="93"
                    HEIGHT="67"
                    WC="0.9225452939669291"></String>
          </TextLine>

          
          
          <TextLine ID="eSc_line_52ae113f"
                    TAGREFS="LT4834"
                    BASELINE="336 1420 595 1416" 
                    HPOS="334"
                    VPOS="1362"
                    WIDTH="261"
                    HEIGHT="91">
            <Shape><Polygon POINTS="336 1420 336 1431 370 1446 372 1446 374 1446 376 1446 378 1446 378 1444 391 1433 440 1436 458 1453 460 1453 462 1453 464 1453 522 1451 524 1451 526 1451 553 1431 595 1427 595 1416 590 1380 540 1380 539 1380 522 1365 522 1363 520 1363 518 1363 517 1363 515 1363 487 1376 478 1367 478 1365 476 1365 475 1365 473 1365 471 1365 433 1374 363 1362 361 1362 360 1362 358 1362 334 1374 336 1420"/></Shape>
	    <String CONTENT="دتريييم ل مولانا"
                    HPOS="334"
                    VPOS="1362"
                    WIDTH="261"
                    HEIGHT="91"
                    WC="0.8422269709408283"></String>
          </TextLine>

          
          
          <TextLine ID="eSc_line_4cfe4815"
                    TAGREFS="LT4834"
                    BASELINE="137 1517 226 1511" 
                    HPOS="133"
                    VPOS="1469"
                    WIDTH="93"
                    HEIGHT="77">
            <Shape><Polygon POINTS="137 1517 137 1535 162 1546 164 1546 166 1546 168 1546 226 1530 226 1511 221 1469 133 1480 137 1517"/></Shape>
	    <String CONTENT="س"
                    HPOS="133"
                    VPOS="1469"
                    WIDTH="93"
                    HEIGHT="77"
                    WC="0.9973428845405579"></String>
          </TextLine>

          
          
          <TextLine ID="eSc_line_cc26a644"
                    TAGREFS="LT4834"
                    BASELINE="369 1515 593 1511" 
                    HPOS="367"
                    VPOS="1458"
                    WIDTH="226"
                    HEIGHT="83">
            <Shape><Polygon POINTS="369 1515 369 1520 564 1541 566 1541 568 1541 570 1541 593 1520 593 1511 592 1478 553 1464 551 1464 550 1464 548 1464 518 1477 409 1458 407 1458 405 1458 367 1478 369 1515"/></Shape>
	    <String CONTENT="دعوت سيدنا"
                    HPOS="367"
                    VPOS="1458"
                    WIDTH="226"
                    HEIGHT="83"
                    WC="0.9167052090168"></String>
          </TextLine>

          
          
          <TextLine ID="eSc_line_690ed5ad"
                    TAGREFS="LT4834"
                    BASELINE="135 1604 211 1604" 
                    HPOS="135"
                    VPOS="1564"
                    WIDTH="76"
                    HEIGHT="66">
            <Shape><Polygon POINTS="135 1604 135 1621 210 1630 211 1604 210 1564 135 1570 135 1604"/></Shape>
	    <String CONTENT=""
                    HPOS="135"
                    VPOS="1564"
                    WIDTH="76"
                    HEIGHT="66"></String>
          </TextLine>

          
          
          <TextLine ID="eSc_line_d6b6af97"
                    TAGREFS="LT4834"
                    BASELINE="347 1608 588 1604" 
                    HPOS="345"
                    VPOS="1548"
                    WIDTH="243"
                    HEIGHT="84">
            <Shape><Polygon POINTS="347 1608 347 1614 389 1623 391 1623 453 1615 464 1614 465 1615 480 1628 480 1630 482 1630 484 1630 486 1632 564 1632 564 1630 566 1630 568 1630 588 1617 588 1604 586 1568 561 1559 559 1559 557 1559 555 1559 526 1568 500 1548 498 1548 497 1548 464 1548 462 1548 460 1548 458 1548 438 1561 394 1555 392 1555 391 1555 345 1568 347 1608"/></Shape>
	    <String CONTENT="دعوت قيامت"
                    HPOS="345"
                    VPOS="1548"
                    WIDTH="243"
                    HEIGHT="84"
                    WC="0.9928114414215088"></String>
          </TextLine>

          
          
          <TextLine ID="eSc_line_2ed1c7a9"
                    TAGREFS="LT4834"
                    BASELINE="135 1701 206 1705" 
                    HPOS="133"
                    VPOS="1661"
                    WIDTH="73"
                    HEIGHT="55">
            <Shape><Polygon POINTS="135 1701 133 1716 204 1716 206 1705 204 1661 135 1666 135 1701"/></Shape>
	    <String CONTENT=""
                    HPOS="133"
                    VPOS="1661"
                    WIDTH="73"
                    HEIGHT="55"></String>
          </TextLine>

          
          
          <TextLine ID="eSc_line_37c9f3b9"
                    TAGREFS="LT4834"
                    BASELINE="341 1708 593 1705" 
                    HPOS="339"
                    VPOS="1635"
                    WIDTH="254"
                    HEIGHT="112">
            <Shape><Polygon POINTS="341 1708 341 1723 392 1723 420 1745 422 1745 423 1745 425 1747 465 1747 465 1745 593 1718 593 1705 592 1666 553 1652 551 1652 550 1652 495 1661 455 1635 453 1635 451 1635 403 1635 402 1635 400 1635 398 1635 360 1668 360 1670 339 1670 341 1708"/></Shape>
	    <String CONTENT="دعوت مبارک"
                    HPOS="339"
                    VPOS="1635"
                    WIDTH="254"
                    HEIGHT="112"
                    WC="0.9796353697776794"></String>
          </TextLine>

          
          
          <TextLine ID="eSc_line_55efc716"
                    TAGREFS="LT4834"
                    BASELINE="129 1807 360 1814" 
                    HPOS="127"
                    VPOS="1752"
                    WIDTH="233"
                    HEIGHT="95">
            <Shape><Polygon POINTS="148 1805 133 1798 129 1807 127 1824 244 1847 246 1847 358 1831 360 1814 360 1783 334 1769 332 1769 330 1769 328 1769 327 1769 277 1782 182 1752 180 1752 179 1752 177 1752 175 1752 153 1769 148 1805"/></Shape>
	    <String CONTENT=""
                    HPOS="127"
                    VPOS="1752"
                    WIDTH="233"
                    HEIGHT="95"></String>
          </TextLine>

          
          
          <TextLine ID="eSc_line_d9d8b6de"
                    TAGREFS="LT4834"
                    BASELINE="444 1818 588 1813" 
                    HPOS="440"
                    VPOS="1741"
                    WIDTH="148"
                    HEIGHT="101">
            <Shape><Polygon POINTS="444 1818 444 1825 456 1838 456 1840 458 1840 460 1840 462 1842 491 1842 491 1840 493 1840 495 1840 520 1822 553 1831 555 1831 557 1831 559 1831 588 1818 588 1813 584 1754 518 1741 517 1741 515 1741 513 1741 469 1769 462 1774 440 1774 444 1818"/></Shape>
	    <String CONTENT="دمشق"
                    HPOS="440"
                    VPOS="1741"
                    WIDTH="148"
                    HEIGHT="101"
                    WC="0.9822672605514526"></String>
          </TextLine>

          
          
          <TextLine ID="eSc_line_87a52c7c"
                    TAGREFS="LT4834"
                    BASELINE="129 1904 264 1909" 
                    HPOS="127"
                    VPOS="1860"
                    WIDTH="137"
                    HEIGHT="93">
            <Shape><Polygon POINTS="148 1887 129 1875 129 1904 127 1931 188 1953 190 1953 191 1953 261 1949 264 1909 264 1873 213 1864 211 1864 210 1864 186 1873 179 1875 177 1873 164 1862 164 1860 162 1860 160 1860 158 1860 157 1860 155 1860 148 1887"/></Shape>
	    <String CONTENT="واه"
                    HPOS="127"
                    VPOS="1860"
                    WIDTH="137"
                    HEIGHT="93"
                    WC="0.9350698987642924"></String>
          </TextLine>

          
          
          <TextLine ID="eSc_line_05ce3bcc"
                    TAGREFS="LT4834"
                    BASELINE="349 1909 593 1906" 
                    HPOS="347"
                    VPOS="1845"
                    WIDTH="246"
                    HEIGHT="99">
            <Shape><Polygon POINTS="349 1909 349 1928 405 1928 420 1931 464 1944 465 1944 467 1944 592 1937 593 1906 590 1873 537 1873 508 1847 508 1845 506 1845 504 1845 469 1845 467 1845 465 1845 464 1845 434 1864 394 1849 392 1849 391 1849 389 1849 387 1849 347 1871 349 1909"/></Shape>
	    <String CONTENT="دور شريعت"
                    HPOS="347"
                    VPOS="1845"
                    WIDTH="246"
                    HEIGHT="99"
                    WC="0.955783744653066"></String>
          </TextLine>

          
        </TextBlock>
        
        <TextBlock HPOS="707"
                   VPOS="314"
                   WIDTH="78"
                   HEIGHT="42"
                   ID="eSc_textblock_55eed783"
                   TAGREFS="BT16059">
          <Shape><Polygon POINTS="730 314 771 314 785 326 721 356 707 328 730 314"/></Shape>
          
          
          <TextLine ID="eSc_line_ca35d572"
                    TAGREFS="LT4834"
                    BASELINE="692 339 760 334" 
                    HPOS="688"
                    VPOS="308"
                    WIDTH="72"
                    HEIGHT="57">
            <Shape><Polygon POINTS="743 314 725 314 709 330 705 308 688 314 692 339 692 356 734 365 736 365 738 365 760 354 760 334 758 332 743 314"/></Shape>
	    <String CONTENT=""
                    HPOS="688"
                    VPOS="308"
                    WIDTH="72"
                    HEIGHT="57"></String>
          </TextLine>

          
        </TextBlock>
        
        <TextBlock HPOS="926"
                   VPOS="781"
                   WIDTH="225"
                   HEIGHT="239"
                   ID="eSc_textblock_2cf929fe"
                   TAGREFS="BT16060">
          <Shape><Polygon POINTS="1036 781 1136 810 1151 947 1114 956 1136 1020 933 1006 963 976 926 911 933 861 1005 854 984 832 1028 817 992 816 992 788 1036 781"/></Shape>
          
          
          <TextLine ID="eSc_line_2d216875"
                    TAGREFS="LT4834"
                    BASELINE="988 832 1122 828" 
                    HPOS="986"
                    VPOS="786"
                    WIDTH="136"
                    HEIGHT="92">
            <Shape><Polygon POINTS="1114 805 1096 799 1078 794 1059 788 1052 786 1034 803 1028 805 1023 817 1005 823 986 828 988 832 988 849 1003 849 1006 849 1047 878 1048 878 1050 878 1052 878 1083 876 1085 876 1087 876 1122 849 1122 828 1118 805 1114 805"/></Shape>
	    <String CONTENT="صلم عيه"
                    HPOS="986"
                    VPOS="786"
                    WIDTH="136"
                    HEIGHT="92"
                    WC="0.8346535180296216"></String>
          </TextLine>

          
          
          <TextLine ID="eSc_line_94d72125"
                    TAGREFS="LT4834"
                    BASELINE="935 931 1118 925" 
                    HPOS="933"
                    VPOS="863"
                    WIDTH="185"
                    HEIGHT="102">
            <Shape><Polygon POINTS="933 918 935 931 935 938 992 953 994 953 995 953 1017 945 1050 965 1052 965 1054 965 1056 965 1081 964 1083 964 1085 964 1118 934 1118 925 1111 863 1072 880 1058 872 1045 867 1043 867 1041 867 1039 867 1003 883 979 894 939 894 933 918"/></Shape>
	    <String CONTENT="حکم حقيقت"
                    HPOS="933"
                    VPOS="863"
                    WIDTH="185"
                    HEIGHT="102"
                    WC="0.9385518232981364"></String>
          </TextLine>

          
        </TextBlock>
        
        <TextBlock HPOS="692"
                   VPOS="1876"
                   WIDTH="42"
                   HEIGHT="50"
                   ID="eSc_textblock_7b3bdbb0"
                   TAGREFS="BT16061">
          <Shape><Polygon POINTS="699 1876 734 1884 727 1926 692 1897 699 1876"/></Shape>
          
          
          <TextLine ID="eSc_line_6e1cf3d8"
                    TAGREFS="LT4834"
                    BASELINE="681 1909 749 1909" 
                    HPOS="681"
                    VPOS="1867"
                    WIDTH="68"
                    HEIGHT="68">
            <Shape><Polygon POINTS="718 1880 699 1898 694 1878 681 1880 681 1909 681 1933 747 1935 749 1909 747 1867 720 1873 718 1880"/></Shape>
	    <String CONTENT=""
                    HPOS="681"
                    VPOS="1867"
                    WIDTH="68"
                    HEIGHT="68"></String>
          </TextLine>

          
        </TextBlock>
        
        <TextBlock HPOS="831"
                   VPOS="1847"
                   WIDTH="320"
                   HEIGHT="101"
                   ID="eSc_textblock_5b90e090"
                   TAGREFS="BT16060">
          <Shape><Polygon POINTS="882 1847 1122 1847 1151 1869 1151 1926 853 1948 831 1933 846 1855 882 1847"/></Shape>
          
          
          <TextLine ID="eSc_line_0eaa7fe8"
                    TAGREFS="LT4834"
                    BASELINE="831 1909 1120 1906" 
                    HPOS="829"
                    VPOS="1856"
                    WIDTH="291"
                    HEIGHT="88">
            <Shape><Polygon POINTS="831 1909 831 1933 1059 1944 1061 1944 1063 1944 1120 1926 1120 1906 1112 1871 1101 1875 1098 1871 1083 1858 1083 1856 1081 1856 1080 1856 1078 1856 1076 1856 1047 1873 1028 1856 1027 1856 1025 1856 1023 1856 939 1858 937 1858 935 1858 935 1860 915 1878 913 1882 829 1882 831 1909"/></Shape>
	    <String CONTENT="خداوند حن جل"
                    HPOS="829"
                    VPOS="1856"
                    WIDTH="291"
                    HEIGHT="88"
                    WC="0.9008784691492716"></String>
          </TextLine>

          
        </TextBlock>
        
        <TextBlock HPOS="911"
                   VPOS="768"
                   WIDTH="64"
                   HEIGHT="48"
                   ID="eSc_textblock_5f2ae91f"
                   TAGREFS="BT16060">
          <Shape><Polygon POINTS="946 768 975 801 926 816 911 796 946 768"/></Shape>
          
        </TextBlock>
        
        <TextBlock HPOS="941"
                   VPOS="832"
                   WIDTH="20"
                   HEIGHT="6"
                   ID="eSc_textblock_6c4bc005"
                   TAGREFS="BT16060">
          <Shape><Polygon POINTS="948 832 961 832 961 838 941 838 948 832"/></Shape>
          
        </TextBlock>
        
        <TextBlock HPOS="919"
                   VPOS="701"
                   WIDTH="100"
                   HEIGHT="20"
                   ID="eSc_textblock_6e0decfd"
                   TAGREFS="BT16060">
          <Shape><Polygon POINTS="926 701 975 701 1019 713 919 721 926 701"/></Shape>
          
        </TextBlock>
        
        <TextBlock HPOS="794"
                   VPOS="949"
                   WIDTH="101"
                   HEIGHT="57"
                   ID="eSc_textblock_7c637b62"
                   TAGREFS="BT16060">
          <Shape><Polygon POINTS="816 949 895 956 895 998 846 1006 844 969 794 962 816 949"/></Shape>
          
        </TextBlock>
        
        <TextBlock HPOS="868"
                   VPOS="1190"
                   WIDTH="12"
                   HEIGHT="13"
                   ID="eSc_textblock_1f392bf9"
                   TAGREFS="BT16060">
          <Shape><Polygon POINTS="875 1190 880 1195 868 1203 868 1190 875 1190"/></Shape>
          
        </TextBlock>
        
        <TextBlock HPOS="677"
                   VPOS="1520"
                   WIDTH="466"
                   HEIGHT="84"
                   ID="eSc_textblock_4e4540dc"
                   TAGREFS="BT16060">
          <Shape><Polygon POINTS="749 1520 1129 1526 1143 1590 743 1604 677 1575 677 1541 749 1520"/></Shape>
          
        </TextBlock>
        
        <TextBlock HPOS="699"
                   VPOS="1351"
                   WIDTH="444"
                   HEIGHT="158"
                   ID="eSc_textblock_6c10f634"
                   TAGREFS="BT16060">
          <Shape><Polygon POINTS="787 1351 911 1387 1100 1394 815 1415 1100 1424 1143 1488 1122 1509 809 1509 771 1480 699 1480 721 1431 780 1415 765 1373 787 1351"/></Shape>
          
        </TextBlock>
        
        <TextBlock HPOS="853"
                   VPOS="1657"
                   WIDTH="283"
                   HEIGHT="35"
                   ID="eSc_textblock_eb93801f"
                   TAGREFS="BT16060">
          <Shape><Polygon POINTS="1037 1657 1114 1665 1136 1692 853 1685 1037 1657"/></Shape>
          
        </TextBlock>
        
        <TextBlock HPOS="941"
                   VPOS="1029"
                   WIDTH="210"
                   HEIGHT="79"
                   ID="eSc_textblock_1890d351"
                   TAGREFS="BT16060">
          <Shape><Polygon POINTS="957 1029 1151 1029 1122 1058 1143 1108 941 1108 977 1071 948 1057 957 1029"/></Shape>
          
        </TextBlock>
        
        <TextBlock HPOS="663"
                   VPOS="189"
                   WIDTH="20"
                   HEIGHT="28"
                   ID="eSc_textblock_5f52b167"
                   TAGREFS="BT16062">
          <Shape><Polygon POINTS="674 189 683 217 663 217 663 204 674 189"/></Shape>
          
        </TextBlock>
        
        <TextBlock HPOS="685"
                   VPOS="1789"
                   WIDTH="49"
                   HEIGHT="42"
                   ID="eSc_textblock_a13b78f6"
                   TAGREFS="BT16062">
          <Shape><Polygon POINTS="710 1789 734 1796 734 1831 685 1809 710 1789"/></Shape>
          
        </TextBlock>
        
        <TextBlock HPOS="692"
                   VPOS="1869"
                   WIDTH="42"
                   HEIGHT="49"
                   ID="eSc_textblock_958080e6"
                   TAGREFS="BT16062">
          <Shape><Polygon POINTS="718 1869 734 1911 707 1918 692 1891 718 1869"/></Shape>
          
        </TextBlock>
        
        <TextBlock HPOS="725"
                   VPOS="343"
                   WIDTH="31"
                   HEIGHT="13"
                   ID="eSc_textblock_bd14fb0f"
                   TAGREFS="BT16062">
          <Shape><Polygon POINTS="725 343 756 343 756 348 729 356 725 343"/></Shape>
          
        </TextBlock>
        
        <TextBlock HPOS="562"
                   VPOS="314"
                   WIDTH="28"
                   HEIGHT="5"
                   ID="eSc_textblock_3ac4202a"
                   TAGREFS="BT16060">
          <Shape><Polygon POINTS="570 314 590 314 590 319 562 319 570 314"/></Shape>
          
        </TextBlock>
        
        <TextBlock HPOS="787"
                   VPOS="591"
                   WIDTH="28"
                   HEIGHT="20"
                   ID="eSc_textblock_fdffd27a"
                   TAGREFS="BT16060">
          <Shape><Polygon POINTS="802 591 815 611 787 611 787 598 802 591"/></Shape>
          
        </TextBlock>
        
        <TextBlock HPOS="802"
                   VPOS="496"
                   WIDTH="20"
                   HEIGHT="20"
                   ID="eSc_textblock_a108de55"
                   TAGREFS="BT16060">
          <Shape><Polygon POINTS="802 496 815 496 822 509 802 516 802 496"/></Shape>
          
        </TextBlock>
        
        <TextBlock HPOS="787"
                   VPOS="839"
                   WIDTH="115"
                   HEIGHT="72"
                   ID="eSc_textblock_2a6bc0e1"
                   TAGREFS="BT16060">
          <Shape><Polygon POINTS="860 839 902 854 895 911 787 903 794 854 860 839"/></Shape>
          
        </TextBlock>
        
        <TextBlock HPOS="831"
                   VPOS="774"
                   WIDTH="71"
                   HEIGHT="34"
                   ID="eSc_textblock_70487bd8"
                   TAGREFS="BT16060">
          <Shape><Polygon POINTS="868 774 902 808 831 808 846 781 868 774"/></Shape>
          
        </TextBlock>
        

        
        <TextBlock ID="eSc_dummyblock_">
          
          
          <TextLine ID="eSc_line_f0c4119a"
                    TAGREFS="LT4834"
                    BASELINE="603 211 681 215" 
                    HPOS="601"
                    VPOS="169"
                    WIDTH="80"
                    HEIGHT="79">
            <Shape><Polygon POINTS="603 211 601 248 679 231 681 215 681 180 637 169 635 169 634 169 632 169 603 177 603 211"/></Shape>
	    <String CONTENT="م"
                    HPOS="601"
                    VPOS="169"
                    WIDTH="80"
                    HEIGHT="79"
                    WC="0.9558421969413757"></String>
          </TextLine>

          
          
          <TextLine ID="eSc_line_b0d5002f"
                    TAGREFS="LT4834"
                    BASELINE="915 332 1122 335" 
                    HPOS="913"
                    VPOS="262"
                    WIDTH="209"
                    HEIGHT="99">
            <Shape><Polygon POINTS="913 345 953 359 955 359 957 359 1003 350 1008 348 1012 350 1037 361 1039 361 1041 361 1120 354 1122 335 1122 288 1067 284 1065 283 1045 264 1043 264 1041 264 999 262 997 262 995 262 974 273 959 283 917 270 915 332 913 345"/></Shape>
	    <String CONTENT="حديث فرزند"
                    HPOS="913"
                    VPOS="262"
                    WIDTH="209"
                    HEIGHT="99"
                    WC="0.9924238562583924"></String>
          </TextLine>

          
          
          <TextLine ID="eSc_line_98c230a4"
                    TAGREFS="LT4834"
                    BASELINE="692 440 1118 434" 
                    HPOS="690"
                    VPOS="368"
                    WIDTH="428"
                    HEIGHT="101">
            <Shape><Polygon POINTS="692 440 692 454 763 454 793 469 794 469 796 469 798 469 800 469 818 458 880 467 882 467 1016 454 1069 465 1070 465 1072 465 1118 449 1118 434 1116 377 1092 370 1090 370 1089 370 1087 370 1085 370 1076 377 1065 387 1028 387 1003 379 942 368 831 368 829 368 827 368 789 387 785 388 782 387 754 372 752 372 751 372 749 372 747 372 727 388 690 388 692 440"/></Shape>
	    <String CONTENT="حن کر خداوند تقدسش اسمائه"
                    HPOS="690"
                    VPOS="368"
                    WIDTH="428"
                    HEIGHT="101"
                    WC="0.8464802320186908"></String>
          </TextLine>

          
          
          <TextLine ID="eSc_line_13b3b748"
                    TAGREFS="LT4834"
                    BASELINE="690 536 767 536" 
                    HPOS="690"
                    VPOS="485"
                    WIDTH="77"
                    HEIGHT="75">
            <Shape><Polygon POINTS="690 536 690 555 723 560 725 560 727 560 767 545 767 536 765 485 690 496 690 536"/></Shape>
	    <String CONTENT=""
                    HPOS="690"
                    VPOS="485"
                    WIDTH="77"
                    HEIGHT="75"></String>
          </TextLine>

          
          
          <TextLine ID="eSc_line_6368b1fd"
                    TAGREFS="LT4834"
                    BASELINE="836 544 1056 544 1111 536" 
                    HPOS="835"
                    VPOS="471"
                    WIDTH="276"
                    HEIGHT="102">
            <Shape><Polygon POINTS="836 544 836 551 858 566 860 566 862 566 864 566 866 566 919 551 981 571 983 571 984 573 1039 573 1039 571 1041 571 1111 547 1111 536 1103 471 1056 472 1054 472 1052 472 1052 474 1048 476 1021 502 990 487 988 487 986 487 984 487 953 502 942 489 935 483 935 482 933 482 931 482 930 482 835 502 836 544"/></Shape>
	    <String CONTENT="سن گبير ل خداوند"
                    HPOS="835"
                    VPOS="471"
                    WIDTH="276"
                    HEIGHT="102"
                    WC="0.8839745223522186"></String>
          </TextLine>

          
          
          <TextLine ID="eSc_line_d3eeae26"
                    TAGREFS="LT4834"
                    BASELINE="690 635 763 629" 
                    HPOS="687"
                    VPOS="587"
                    WIDTH="76"
                    HEIGHT="66">
            <Shape><Polygon POINTS="690 635 690 644 710 653 712 653 714 653 716 653 763 637 763 629 758 587 687 591 690 635"/></Shape>
	    <String CONTENT=""
                    HPOS="687"
                    VPOS="587"
                    WIDTH="76"
                    HEIGHT="66"></String>
          </TextLine>

          
          
          <TextLine ID="eSc_line_d1108999"
                    TAGREFS="LT4834"
                    BASELINE="826 635 1014 639 1101 629" 
                    HPOS="824"
                    VPOS="571"
                    WIDTH="277"
                    HEIGHT="100">
            <Shape><Polygon POINTS="826 635 826 649 919 662 921 662 922 662 955 649 975 668 975 670 977 670 979 670 981 671 1067 671 1067 670 1069 670 1070 670 1101 648 1101 629 1094 580 1030 597 1003 597 995 587 979 573 979 571 977 571 975 571 933 571 931 571 899 578 897 578 895 578 895 580 877 597 873 602 824 602 826 635"/></Shape>
	    <String CONTENT="سين عبد الملک"
                    HPOS="824"
                    VPOS="571"
                    WIDTH="277"
                    HEIGHT="100"
                    WC="0.8940783739089966"></String>
          </TextLine>

          
          
          <TextLine ID="eSc_line_323a7085"
                    TAGREFS="LT4834"
                    BASELINE="687 739 866 735" 
                    HPOS="685"
                    VPOS="681"
                    WIDTH="181"
                    HEIGHT="78">
            <Shape><Polygon POINTS="687 739 687 748 763 759 765 759 864 744 866 735 860 681 685 701 687 739"/></Shape>
	    <String CONTENT=""
                    HPOS="685"
                    VPOS="681"
                    WIDTH="181"
                    HEIGHT="78"></String>
          </TextLine>

          
          
          <TextLine ID="eSc_line_e880706e"
                    TAGREFS="LT4834"
                    BASELINE="900 737 1123 732" 
                    HPOS="899"
                    VPOS="681"
                    WIDTH="224"
                    HEIGHT="80">
            <Shape><Polygon POINTS="900 737 900 744 977 759 979 759 981 759 1010 746 1043 761 1045 761 1047 761 1092 759 1094 759 1096 759 1123 743 1123 732 1122 695 1085 681 1083 681 1081 681 1080 681 1028 699 1025 699 1021 699 944 684 942 684 941 684 899 701 900 737"/></Shape>
	    <String CONTENT="حضرت مولانا"
                    HPOS="899"
                    VPOS="681"
                    WIDTH="224"
                    HEIGHT="80"
                    WC="0.9240400195121765"></String>
          </TextLine>

          
          
          <TextLine ID="eSc_line_c467e3fa"
                    TAGREFS="LT4834"
                    BASELINE="690 830 752 827" 
                    HPOS="687"
                    VPOS="770"
                    WIDTH="65"
                    HEIGHT="82">
            <Shape><Polygon POINTS="690 830 690 843 751 852 752 827 743 770 687 785 690 830"/></Shape>
	    <String CONTENT=""
                    HPOS="687"
                    VPOS="770"
                    WIDTH="65"
                    HEIGHT="82"></String>
          </TextLine>

          
          
          <TextLine ID="eSc_line_3b21c9ba"
                    TAGREFS="LT4834"
                    BASELINE="687 931 758 927" 
                    HPOS="683"
                    VPOS="887"
                    WIDTH="75"
                    HEIGHT="67">
            <Shape><Polygon POINTS="687 931 687 943 718 954 720 954 721 954 723 954 758 940 758 927 754 887 683 887 687 931"/></Shape>
	    <String CONTENT="هم"
                    HPOS="683"
                    VPOS="887"
                    WIDTH="75"
                    HEIGHT="67"
                    WC="0.7973466217517853"></String>
          </TextLine>

          
          
          <TextLine ID="eSc_line_514acac3"
                    TAGREFS="LT4834"
                    BASELINE="683 1029 844 1029" 
                    HPOS="683"
                    VPOS="976"
                    WIDTH="161"
                    HEIGHT="70">
            <Shape><Polygon POINTS="683 1029 683 1042 842 1046 844 1029 842 976 683 978 683 1029"/></Shape>
	    <String CONTENT=""
                    HPOS="683"
                    VPOS="976"
                    WIDTH="161"
                    HEIGHT="70"></String>
          </TextLine>

          
          
          <TextLine ID="eSc_line_825615c7"
                    TAGREFS="LT4834"
                    BASELINE="939 1031 1120 1026" 
                    HPOS="937"
                    VPOS="1004"
                    WIDTH="183"
                    HEIGHT="65">
            <Shape><Polygon POINTS="1083 1026 1065 1026 1047 1026 1028 1026 1010 1026 992 1029 974 1029 955 1029 950 1004 937 1004 939 1031 939 1048 981 1048 1054 1069 1056 1069 1058 1069 1087 1068 1089 1068 1090 1068 1120 1042 1120 1026 1101 1026 1083 1026"/></Shape>
	    <String CONTENT=""
                    HPOS="937"
                    VPOS="1004"
                    WIDTH="183"
                    HEIGHT="65"></String>
          </TextLine>

          
          
          <TextLine ID="eSc_line_1d2a3c4a"
                    TAGREFS="LT4834"
                    BASELINE="683 1124 888 1124" 
                    HPOS="683"
                    VPOS="1064"
                    WIDTH="205"
                    HEIGHT="91">
            <Shape><Polygon POINTS="683 1124 683 1146 804 1142 820 1152 822 1153 824 1153 826 1153 827 1155 888 1155 888 1124 884 1073 862 1080 853 1073 840 1064 838 1064 836 1064 782 1064 780 1064 778 1064 776 1064 752 1079 747 1082 683 1082 683 1124"/></Shape>
	    <String CONTENT=""
                    HPOS="683"
                    VPOS="1064"
                    WIDTH="205"
                    HEIGHT="91"></String>
          </TextLine>

          
          
          <TextLine ID="eSc_line_08e80bda"
                    TAGREFS="LT4834"
                    BASELINE="937 1122 1118 1115" 
                    HPOS="935"
                    VPOS="1062"
                    WIDTH="183"
                    HEIGHT="104">
            <Shape><Polygon POINTS="937 1122 937 1135 1016 1142 1045 1166 1047 1166 1048 1166 1050 1166 1090 1164 1092 1164 1094 1164 1118 1142 1118 1115 1111 1062 1070 1082 1027 1077 994 1073 992 1073 990 1073 988 1073 988 1075 974 1086 966 1095 935 1095 937 1122"/></Shape>
	    <String CONTENT="حکم قيامت"
                    HPOS="935"
                    VPOS="1062"
                    WIDTH="183"
                    HEIGHT="104"
                    WC="0.9691763189103868"></String>
          </TextLine>

          
          
          <TextLine ID="eSc_line_6db594f5"
                    TAGREFS="LT4834"
                    BASELINE="681 1217 751 1217" 
                    HPOS="681"
                    VPOS="1179"
                    WIDTH="70"
                    HEIGHT="57">
            <Shape><Polygon POINTS="681 1217 681 1236 751 1234 751 1217 751 1179 681 1179 681 1217"/></Shape>
	    <String CONTENT=""
                    HPOS="681"
                    VPOS="1179"
                    WIDTH="70"
                    HEIGHT="57"></String>
          </TextLine>

          
          
          <TextLine ID="eSc_line_29a6b6cb"
                    TAGREFS="LT4834"
                    BASELINE="899 1223 1116 1216" 
                    HPOS="897"
                    VPOS="1153"
                    WIDTH="219"
                    HEIGHT="104">
            <Shape><Polygon POINTS="899 1223 899 1237 966 1239 1003 1257 1005 1257 1006 1257 1116 1234 1116 1216 1109 1153 1032 1174 1019 1168 997 1157 995 1157 994 1157 992 1157 990 1157 990 1159 975 1172 959 1164 957 1164 955 1164 953 1164 952 1164 952 1166 937 1181 931 1188 897 1188 899 1223"/></Shape>
	    <String CONTENT="حلوان بغداد"
                    HPOS="897"
                    VPOS="1153"
                    WIDTH="219"
                    HEIGHT="104"
                    WC="0.9111733436584473"></String>
          </TextLine>

          
          
          <TextLine ID="eSc_line_0fac75ff"
                    TAGREFS="LT4834"
                    BASELINE="683 1323 741 1316" 
                    HPOS="676"
                    VPOS="1272"
                    WIDTH="65"
                    HEIGHT="68">
            <Shape><Polygon POINTS="683 1323 683 1336 741 1340 741 1316 734 1272 676 1272 683 1323"/></Shape>
	    <String CONTENT=""
                    HPOS="676"
                    VPOS="1272"
                    WIDTH="65"
                    HEIGHT="68"></String>
          </TextLine>

          
          
          <TextLine ID="eSc_line_68d4aca4"
                    TAGREFS="LT4834"
                    BASELINE="974 1320 1109 1314" 
                    HPOS="972"
                    VPOS="1276"
                    WIDTH="137"
                    HEIGHT="73">
            <Shape><Polygon POINTS="974 1320 974 1331 1061 1349 1063 1349 1065 1349 1109 1325 1109 1314 1101 1276 1058 1292 1037 1285 1027 1281 1025 1281 1023 1281 1021 1281 972 1294 974 1320"/></Shape>
	    <String CONTENT="گميد"
                    HPOS="972"
                    VPOS="1276"
                    WIDTH="137"
                    HEIGHT="73"
                    WC="0.8334921598434448"></String>
          </TextLine>

          
          
          <TextLine ID="eSc_line_1d2da5a5"
                    TAGREFS="LT4834"
                    BASELINE="674 1418 769 1418" 
                    HPOS="674"
                    VPOS="1363"
                    WIDTH="95"
                    HEIGHT="77">
            <Shape><Polygon POINTS="674 1418 674 1440 769 1433 769 1418 767 1363 674 1376 674 1418"/></Shape>
	    <String CONTENT="مده"
                    HPOS="674"
                    VPOS="1363"
                    WIDTH="95"
                    HEIGHT="77"
                    WC="0.9783628185590109"></String>
          </TextLine>

          
          
          <TextLine ID="eSc_line_4101713b"
                    TAGREFS="LT4834"
                    BASELINE="815 1420 1114 1415" 
                    HPOS="813"
                    VPOS="1362"
                    WIDTH="301"
                    HEIGHT="85">
            <Shape><Polygon POINTS="815 1420 815 1429 911 1447 913 1447 1014 1427 1090 1444 1092 1444 1094 1444 1096 1444 1096 1442 1114 1424 1114 1415 1111 1367 1032 1362 1030 1362 983 1371 961 1376 952 1373 926 1363 924 1363 922 1363 921 1363 886 1376 878 1378 875 1376 858 1365 857 1365 855 1365 853 1365 851 1365 849 1365 849 1367 836 1378 836 1380 813 1380 815 1420"/></Shape>
	    <String CONTENT="حيدر مسعود رامير"
                    HPOS="813"
                    VPOS="1362"
                    WIDTH="301"
                    HEIGHT="85"
                    WC="0.9006189219653606"></String>
          </TextLine>

          
          
          <TextLine ID="eSc_line_47fd22b0"
                    TAGREFS="LT4834"
                    BASELINE="687 1519 862 1515" 
                    HPOS="685"
                    VPOS="1469"
                    WIDTH="177"
                    HEIGHT="59">
            <Shape><Polygon POINTS="687 1519 687 1528 860 1528 862 1515 858 1480 685 1469 687 1519"/></Shape>
	    <String CONTENT="ل"
                    HPOS="685"
                    VPOS="1469"
                    WIDTH="177"
                    HEIGHT="59"
                    WC="0.9334059357643127"></String>
          </TextLine>

          
          
          <TextLine ID="eSc_line_07d9e66f"
                    TAGREFS="LT4834"
                    BASELINE="913 1517 1114 1517" 
                    HPOS="913"
                    VPOS="1453"
                    WIDTH="201"
                    HEIGHT="91">
            <Shape><Polygon POINTS="913 1517 913 1528 941 1528 942 1528 961 1544 963 1544 964 1544 966 1544 968 1544 1008 1533 1052 1544 1054 1544 1056 1544 1058 1544 1114 1526 1114 1517 1114 1466 1041 1453 1039 1453 1037 1453 968 1478 955 1484 913 1484 913 1517"/></Shape>
	    <String CONTENT="خدا پرستى"
                    HPOS="913"
                    VPOS="1453"
                    WIDTH="201"
                    HEIGHT="91"
                    WC="0.9229724076059129"></String>
          </TextLine>

          
          
          <TextLine ID="eSc_line_08b04bcf"
                    TAGREFS="LT4834"
                    BASELINE="683 1619 1111 1610" 
                    HPOS="681"
                    VPOS="1555"
                    WIDTH="430"
                    HEIGHT="88">
            <Shape><Polygon POINTS="683 1619 683 1643 1109 1621 1111 1610 1105 1575 1090 1577 1089 1575 1067 1559 1065 1559 1063 1559 1061 1559 1059 1559 1012 1577 1006 1579 1006 1577 984 1557 984 1555 983 1555 981 1555 955 1555 953 1555 952 1555 950 1555 928 1573 902 1557 900 1557 899 1557 853 1557 851 1557 849 1557 798 1575 782 1568 780 1568 778 1568 776 1568 774 1568 774 1570 758 1582 756 1586 681 1586 683 1619"/></Shape>
	    <String CONTENT="خداشنامی ر اصل دين"
                    HPOS="681"
                    VPOS="1555"
                    WIDTH="430"
                    HEIGHT="88"
                    WC="0.9557613200611539"></String>
          </TextLine>

          
          
          <TextLine ID="eSc_line_ae928996"
                    TAGREFS="LT4834"
                    BASELINE="681 1712 1112 1708" 
                    HPOS="679"
                    VPOS="1657"
                    WIDTH="433"
                    HEIGHT="72">
            <Shape><Polygon POINTS="681 1712 681 1729 1111 1725 1112 1708 1107 1674 1083 1674 1081 1674 1061 1659 1059 1659 1058 1659 1056 1659 1054 1659 1021 1674 1019 1674 984 1657 983 1657 981 1657 979 1657 977 1657 959 1672 911 1657 910 1657 908 1657 827 1659 826 1659 824 1659 804 1676 804 1677 751 1677 749 1676 721 1659 720 1659 718 1659 716 1659 714 1659 679 1674 681 1712"/></Shape>
	    <String CONTENT=" خداوند جمله موجودانت"
                    HPOS="679"
                    VPOS="1657"
                    WIDTH="433"
                    HEIGHT="72"
                    WC="0.8984014164833796"></String>
          </TextLine>

          
          
          <TextLine ID="eSc_line_e89a13f0"
                    TAGREFS="LT4834"
                    BASELINE="681 1816 1112 1809" 
                    HPOS="679"
                    VPOS="1754"
                    WIDTH="433"
                    HEIGHT="88">
            <Shape><Polygon POINTS="681 1816 681 1833 732 1840 734 1840 736 1840 738 1840 747 1833 752 1827 802 1827 805 1831 815 1838 815 1840 816 1840 818 1840 820 1842 895 1842 895 1840 964 1838 966 1838 968 1838 968 1836 979 1827 983 1825 992 1827 1032 1834 1034 1834 1111 1824 1112 1809 1109 1772 1003 1754 1001 1754 999 1754 953 1772 950 1774 944 1772 908 1756 906 1756 904 1756 820 1772 783 1782 749 1782 740 1772 727 1761 725 1761 723 1761 721 1761 720 1761 679 1772 681 1816"/></Shape>
	    <String CONTENT="خداوند حسن ر دلادت مه"
                    HPOS="679"
                    VPOS="1754"
                    WIDTH="433"
                    HEIGHT="88"
                    WC="0.8988738939875648"></String>
          </TextLine>

          
        </TextBlock>
        
      </PrintSpace>
    </Page>
  </Layout>
</alto>
