<?xml version="1.0" encoding="UTF-8"?>
<alto xmlns:xsi="http://www.w3.org/2001/XMLSchema-instance"
      xmlns="http://www.loc.gov/standards/alto/ns-v4#"
      xsi:schemaLocation="http://www.loc.gov/standards/alto/ns-v4# http://www.loc.gov/standards/alto/v4/alto-4-2.xsd">
  <Description>
    <MeasurementUnit>pixel</MeasurementUnit>
    <sourceImageInformation>
      <fileName>TwoIsmailiTreatises035.jpg</fileName>
      
    </sourceImageInformation>
  </Description>
  
  <Tags>
    <OtherTag ID="BT16074" LABEL="MarginTextZone:commentary" DESCRIPTION="block type MarginTextZone:commentary"/><OtherTag ID="BT16073" LABEL="MarginTextZone:note#1" DESCRIPTION="block type MarginTextZone:note#1"/><OtherTag ID="BT16072" LABEL="MainZone:column#2" DESCRIPTION="block type MainZone:column#2"/><OtherTag ID="BT16071" LABEL="MainZone:column#3" DESCRIPTION="block type MainZone:column#3"/><OtherTag ID="BT16070" LABEL="GraphicZone:illustration" DESCRIPTION="block type GraphicZone:illustration"/><OtherTag ID="BT16069" LABEL="MainZone:column#1" DESCRIPTION="block type MainZone:column#1"/><OtherTag ID="BT16068" LABEL="MarginTextZone:note#2" DESCRIPTION="block type MarginTextZone:note#2"/><OtherTag ID="BT16067" LABEL="CustomZone:publication" DESCRIPTION="block type CustomZone:publication"/><OtherTag ID="BT16066" LABEL="RunningTitleZone" DESCRIPTION="block type RunningTitleZone"/><OtherTag ID="BT16065" LABEL="NumberingZone" DESCRIPTION="block type NumberingZone"/><OtherTag ID="BT16064" LABEL="default" DESCRIPTION="block type default"/><OtherTag ID="BT16063" LABEL="TitlePageZone" DESCRIPTION="block type TitlePageZone"/><OtherTag ID="BT16062" LABEL="NumberingZone:other" DESCRIPTION="block type NumberingZone:other"/><OtherTag ID="BT16061" LABEL="QuireMarksZone:catchwords" DESCRIPTION="block type QuireMarksZone:catchwords"/><OtherTag ID="BT16060" LABEL="MainZone" DESCRIPTION="block type MainZone"/><OtherTag ID="BT16059" LABEL="NumberingZone:page" DESCRIPTION="block type NumberingZone:page"/><OtherTag ID="BT16058" LABEL="MarginTextZone:note" DESCRIPTION="block type MarginTextZone:note"/><OtherTag ID="BT16057" LABEL="DigitizationArtefactZone" DESCRIPTION="block type DigitizationArtefactZone"/><OtherTag ID="BT4" LABEL="Illustration" DESCRIPTION="block type Illustration"/><OtherTag ID="BT3" LABEL="Commentary" DESCRIPTION="block type Commentary"/><OtherTag ID="BT2" LABEL="Main" DESCRIPTION="block type Main"/><OtherTag ID="BT1" LABEL="Title" DESCRIPTION="block type Title"/>
    <OtherTag ID="LT4834" LABEL="DefaultLine" DESCRIPTION="line type DefaultLine"/><OtherTag ID="LT4835" LABEL="HeadingLine:title" DESCRIPTION="line type HeadingLine:title"/>
  </Tags>
  
  <Layout>
    <Page WIDTH="1615"
          HEIGHT="2308"
          PHYSICAL_IMG_NR="31"
          ID="eSc_dummypage_">
      <PrintSpace HPOS="0"
                  VPOS="0"
                  WIDTH="1615"
                  HEIGHT="2308">
        
        <TextBlock HPOS="76"
                   VPOS="300"
                   WIDTH="1146"
                   HEIGHT="1775"
                   ID="eSc_textblock_b8de0b0e"
                   TAGREFS="BT16060">
          <Shape><Polygon POINTS="115 300 1160 307 1199 461 1199 882 1168 928 1206 953 1191 1236 1222 1315 1191 1354 1222 1421 1191 1454 1214 1507 1183 1554 1199 1721 1176 1759 1199 1821 1160 2036 623 2044 637 2075 138 2067 76 2044 84 1077 92 961 123 936 84 898 84 384 115 300"/></Shape>
          
          
          <TextLine ID="eSc_line_8cd99666"
                    TAGREFS="LT4834"
                    BASELINE="96 373 1016 390" 
                    HPOS="94"
                    VPOS="309"
                    WIDTH="922"
                    HEIGHT="131">
            <Shape><Polygon POINTS="96 350 96 373 94 390 165 419 167 419 169 419 171 419 173 419 173 417 200 394 230 394 246 405 246 407 248 407 250 407 252 407 254 407 286 396 302 411 302 413 304 413 306 413 307 413 309 413 377 396 417 430 419 430 421 430 423 430 425 430 427 430 427 428 446 409 510 400 544 430 544 432 546 432 548 432 606 434 608 436 673 436 673 434 675 434 733 403 787 426 789 426 791 426 900 415 931 440 933 440 935 440 937 440 939 440 1014 405 1016 390 1016 351 966 332 964 332 962 332 960 332 935 342 910 321 908 321 906 321 856 321 854 321 852 321 850 321 850 323 821 350 821 351 729 351 727 348 698 319 698 317 696 317 694 317 656 317 654 317 652 317 592 346 590 346 506 313 504 313 467 313 465 313 463 313 406 342 402 344 306 342 306 340 277 311 277 309 275 309 273 309 271 309 269 309 267 309 229 334 177 338 173 338 136 323 134 323 132 323 130 323 128 323 128 325 115 338 113 338 100 338 96 350"/></Shape>
	    <String CONTENT="حال در گون ترتب گويم و در كون ترتب هم آن"
                    HPOS="94"
                    VPOS="309"
                    WIDTH="922"
                    HEIGHT="131"
                    WC="0.8948563846146188"></String>
          </TextLine>

          
          
          <TextLine ID="eSc_line_d5a49089"
                    TAGREFS="LT4834"
                    BASELINE="105 494 1151 494" 
                    HPOS="105"
                    VPOS="426"
                    WIDTH="1046"
                    HEIGHT="104">
            <Shape><Polygon POINTS="105 494 105 517 115 526 115 528 117 528 119 528 121 530 167 530 167 528 169 528 171 528 198 511 200 511 223 526 225 526 227 526 229 526 230 526 257 511 261 511 317 511 321 511 352 528 354 528 356 528 358 528 398 517 429 525 431 525 433 525 435 525 436 525 452 513 481 528 483 528 485 530 535 530 535 528 537 528 538 528 538 526 548 517 579 528 581 528 583 528 585 528 642 511 669 523 671 523 673 525 779 525 779 523 781 523 812 511 827 525 829 525 831 525 916 528 918 528 920 528 922 528 922 526 939 511 983 526 985 526 987 526 989 526 1039 511 1083 525 1085 525 1087 525 1151 509 1151 494 1149 455 1072 463 1027 455 1002 451 1000 451 999 451 989 455 977 463 970 455 964 451 964 450 962 450 960 450 958 450 956 450 954 450 945 457 941 459 937 457 920 440 920 438 918 438 916 438 914 438 912 438 910 438 889 457 879 465 835 465 827 457 794 428 794 426 793 426 791 426 744 426 743 426 741 426 739 426 739 428 712 453 692 444 691 444 689 444 687 444 685 444 666 459 658 465 585 465 581 459 544 428 544 426 542 426 540 426 494 426 492 426 490 426 488 426 456 446 436 428 436 426 435 426 433 426 359 426 358 426 356 426 354 426 354 428 317 461 304 451 302 451 300 451 298 451 296 451 294 451 277 463 240 428 240 426 238 426 236 426 215 426 213 426 211 426 209 426 209 428 175 461 155 450 153 450 152 450 150 450 148 450 105 463 105 494"/></Shape>
	    <String CONTENT="شناحت پيسر میشود چونگه گون بريب هم كون شرکا ايشانچ"
                    HPOS="105"
                    VPOS="426"
                    WIDTH="1046"
                    HEIGHT="104"
                    WC="0.873619579076767"></String>
          </TextLine>

          
          
          <TextLine ID="eSc_line_7a372411"
                    TAGREFS="LT4834"
                    BASELINE="100 596 1158 607" 
                    HPOS="98"
                    VPOS="548"
                    WIDTH="1060"
                    HEIGHT="98">
            <Shape><Polygon POINTS="100 596 98 609 152 628 153 628 155 628 157 628 188 613 265 613 286 625 288 625 290 625 292 625 344 615 356 625 356 627 358 627 359 627 361 627 531 619 583 640 585 640 587 642 612 642 612 640 614 640 615 640 615 638 635 621 656 640 656 642 658 642 660 642 662 644 717 644 717 642 719 642 762 625 868 634 870 634 871 634 898 621 1102 646 1104 646 1106 646 1108 646 1108 644 1131 623 1156 623 1158 607 1153 561 1126 571 1097 561 1087 557 1085 557 1083 557 1081 557 1079 557 1079 559 1076 561 1062 577 1020 577 993 561 981 555 979 555 977 555 933 561 860 573 845 561 839 555 837 555 835 555 777 553 775 553 773 553 771 553 760 561 754 565 744 561 716 553 714 553 712 553 710 553 691 563 669 571 585 571 573 563 558 551 556 551 554 551 552 551 550 551 548 551 533 563 525 569 513 563 496 555 494 555 492 555 490 555 471 563 454 569 436 563 410 553 408 553 406 553 404 553 402 553 386 563 383 567 377 563 358 550 356 550 354 550 352 550 350 550 302 563 292 567 288 563 273 550 273 548 271 548 269 548 246 548 244 548 242 548 240 548 240 550 223 563 223 565 219 563 179 551 177 551 175 551 100 563 100 596"/></Shape>
	    <String CONTENT="عالم و حدت رسند که عالم خاص ادست خود را و خداوند خود ر"
                    HPOS="98"
                    VPOS="548"
                    WIDTH="1060"
                    HEIGHT="98"
                    WC="0.8930852920920761"></String>
          </TextLine>

          
          
          <TextLine ID="eSc_line_486e63b8"
                    TAGREFS="LT4834"
                    BASELINE="107 702 1151 715" 
                    HPOS="105"
                    VPOS="640"
                    WIDTH="1046"
                    HEIGHT="106">
            <Shape><Polygon POINTS="107 702 105 717 152 736 153 736 155 736 333 721 334 721 336 721 390 730 392 730 456 723 461 723 463 723 496 734 498 734 500 734 502 734 531 725 535 723 537 725 550 738 550 740 552 740 554 740 556 740 558 740 573 732 581 740 581 742 583 742 585 742 587 742 589 742 608 732 629 742 631 742 633 742 748 730 783 744 785 744 868 746 870 746 871 746 920 732 935 728 972 734 1045 744 1047 744 1049 744 1066 736 1076 730 1085 736 1101 744 1102 744 1104 744 1149 736 1151 715 1151 671 1056 657 1054 657 983 669 941 677 933 669 914 652 914 650 912 650 910 650 852 648 850 648 744 655 743 655 741 655 721 667 708 675 573 675 567 667 558 659 558 657 556 657 554 657 552 657 550 657 548 657 548 659 538 667 535 673 461 673 452 667 442 659 440 659 438 659 436 659 435 659 433 659 423 667 415 671 404 667 377 655 375 655 373 655 371 655 369 655 356 665 352 669 342 665 313 657 311 657 309 657 307 657 275 665 271 667 269 665 246 642 246 640 244 640 242 640 165 640 163 640 161 640 107 663 107 702"/></Shape>
	    <String CONTENT="باز شناسيد و گل کاننات و موجودات را نداند و هريک"
                    HPOS="105"
                    VPOS="640"
                    WIDTH="1046"
                    HEIGHT="106"
                    WC="0.9007227700203657"></String>
          </TextLine>

          
          
          <TextLine ID="eSc_line_75b80927"
                    TAGREFS="LT4834"
                    BASELINE="113 815 1151 827" 
                    HPOS="111"
                    VPOS="757"
                    WIDTH="1040"
                    HEIGHT="102">
            <Shape><Polygon POINTS="113 815 111 832 134 846 136 846 138 846 140 846 277 836 294 850 294 852 296 852 298 852 300 852 419 834 442 844 444 844 446 844 488 836 517 853 519 853 521 853 523 853 608 836 642 850 644 850 646 850 648 850 650 850 669 838 696 853 698 853 700 853 702 853 704 853 704 852 716 842 727 853 727 855 729 855 731 855 733 857 775 857 775 855 777 855 779 855 804 838 831 853 833 853 835 853 941 850 975 859 977 859 979 859 1149 840 1151 827 1149 777 1079 792 1060 777 1058 777 1056 777 1054 777 1052 777 1025 790 943 773 916 767 854 767 852 767 850 767 848 767 848 769 846 771 827 788 525 788 458 773 456 773 454 773 452 773 438 782 411 761 410 761 408 761 406 761 404 761 402 761 402 763 386 777 344 761 342 761 340 761 338 761 336 761 336 763 321 777 302 763 300 763 298 763 296 763 294 763 263 780 244 761 244 759 242 759 240 759 113 757 113 815"/></Shape>
	    <String CONTENT="را در آنجا به جای خويشتن نتوانند شناحت وابل نصاد وتر"
                    HPOS="111"
                    VPOS="757"
                    WIDTH="1040"
                    HEIGHT="102"
                    WC="0.8415160387192132"></String>
          </TextLine>

          
          
          <TextLine ID="eSc_line_04868360"
                    TAGREFS="LT4834"
                    BASELINE="100 915 1258 925" 
                    HPOS="98"
                    VPOS="861"
                    WIDTH="1160"
                    HEIGHT="100">
            <Shape><Polygon POINTS="1178 911 1176 894 1074 894 1060 886 1035 873 1033 873 1031 873 1029 873 995 886 993 886 991 886 968 873 966 873 964 873 898 886 895 886 893 886 871 867 870 867 868 867 746 865 744 865 743 865 702 882 685 875 683 875 681 875 679 875 658 886 652 890 594 890 585 886 527 863 525 863 444 863 442 863 440 863 438 863 406 884 406 886 248 886 246 884 202 861 200 861 198 861 196 861 155 880 130 865 128 865 127 865 125 865 123 865 121 865 105 875 100 909 100 915 98 932 180 940 192 952 192 953 194 953 196 953 331 955 333 957 365 957 365 955 367 955 369 955 390 938 460 952 461 952 463 952 488 938 563 952 565 952 656 944 716 957 717 957 719 957 750 942 794 959 796 959 798 959 800 959 833 950 846 959 848 959 850 959 852 961 970 961 970 959 972 959 1000 944 1079 944 1085 944 1129 961 1131 961 1133 961 1135 961 1137 961 1137 959 1154 944 1255 944 1258 925 1258 884 1237 875 1235 875 1233 875 1231 875 1203 886 1189 890 1178 911"/></Shape>
	    <String CONTENT="سو وحدت اين هرسه کرده از خداوند خوشتن بديد آيند مشلا"
                    HPOS="98"
                    VPOS="861"
                    WIDTH="1160"
                    HEIGHT="100"
                    WC="0.8884367526702162"></String>
          </TextLine>

          
          
          <TextLine ID="eSc_line_bf6f6386"
                    TAGREFS="LT4834"
                    BASELINE="94 1023 1156 1040" 
                    HPOS="92"
                    VPOS="965"
                    WIDTH="1064"
                    HEIGHT="108">
            <Shape><Polygon POINTS="94 1023 92 1036 136 1038 152 1052 152 1053 153 1053 155 1053 157 1053 159 1053 204 1040 252 1057 254 1057 256 1057 331 1055 333 1055 334 1055 350 1044 410 1059 411 1059 413 1059 415 1059 417 1059 417 1057 435 1044 517 1061 519 1061 521 1061 554 1052 562 1061 563 1061 563 1063 565 1063 567 1063 569 1063 635 1052 744 1065 746 1065 748 1065 750 1065 769 1050 800 1050 908 1050 960 1069 962 1069 964 1069 966 1069 995 1053 1035 1071 1037 1071 1039 1073 1120 1073 1120 1071 1122 1071 1154 1053 1156 1040 1153 978 1112 992 1099 980 1099 978 1097 978 1095 978 1024 977 1022 977 1020 977 1012 978 948 1003 898 980 893 978 891 978 889 978 887 978 881 980 860 992 850 980 845 977 845 975 843 975 841 975 839 975 837 975 816 982 760 1000 614 1000 573 984 544 975 542 975 540 975 538 975 537 975 521 984 504 996 417 986 413 986 411 986 410 986 386 994 371 986 331 965 329 965 327 965 325 965 323 965 323 967 304 984 257 965 256 965 254 965 252 965 250 965 250 967 230 986 180 967 179 967 177 967 175 967 173 967 142 988 138 990 94 990 94 1023"/></Shape>
	    <String CONTENT="کردهی که عز وعلا را ببسيند و نه خواهد ديد همين خود را بيند"
                    HPOS="92"
                    VPOS="965"
                    WIDTH="1064"
                    HEIGHT="108"
                    WC="0.8446763245196178"></String>
          </TextLine>

          
          
          <TextLine ID="eSc_line_3ebdbe31"
                    TAGREFS="LT4834"
                    BASELINE="109 1121 1151 1140" 
                    HPOS="107"
                    VPOS="1067"
                    WIDTH="1044"
                    HEIGHT="104">
            <Shape><Polygon POINTS="109 1121 107 1132 161 1150 163 1150 165 1150 246 1138 265 1154 265 1155 267 1155 269 1155 271 1155 273 1155 309 1142 338 1154 340 1154 342 1154 344 1154 346 1154 346 1152 356 1144 367 1155 367 1157 369 1157 371 1157 421 1159 423 1159 425 1159 461 1142 523 1161 525 1161 527 1163 619 1163 619 1161 621 1161 623 1161 640 1150 712 1163 714 1163 716 1163 744 1148 766 1157 768 1157 769 1157 858 1154 871 1165 871 1167 873 1167 875 1167 877 1167 879 1167 922 1155 972 1169 974 1169 975 1169 977 1169 979 1169 979 1167 997 1152 1043 1152 1114 1171 1116 1171 1118 1171 1120 1171 1122 1171 1149 1152 1151 1140 1151 1100 1033 1080 1031 1080 1029 1080 966 1096 945 1102 929 1096 889 1078 887 1078 885 1078 814 1082 812 1082 810 1082 810 1084 798 1094 798 1096 794 1094 760 1078 758 1078 756 1078 754 1078 721 1094 716 1096 710 1094 685 1082 683 1082 681 1082 679 1082 677 1082 677 1084 667 1092 664 1098 635 1098 629 1092 604 1073 602 1073 600 1073 598 1073 487 1090 471 1092 465 1090 423 1069 421 1069 419 1069 417 1069 415 1069 415 1071 398 1086 371 1088 354 1090 350 1088 329 1078 327 1078 325 1078 323 1078 300 1086 275 1067 273 1067 271 1067 269 1067 267 1067 230 1086 227 1088 109 1086 109 1121"/></Shape>
	    <String CONTENT="و به ترس و خيالات راضیاند اين کرده ابل نضاد باشند"
                    HPOS="107"
                    VPOS="1067"
                    WIDTH="1044"
                    HEIGHT="104"
                    WC="0.835153696488361"></String>
          </TextLine>

          
          
          <TextLine ID="eSc_line_09a5c0f8"
                    TAGREFS="LT4834"
                    BASELINE="98 1230 1149 1242" 
                    HPOS="96"
                    VPOS="1169"
                    WIDTH="1053"
                    HEIGHT="104">
            <Shape><Polygon POINTS="98 1230 96 1242 148 1261 150 1261 152 1261 215 1248 252 1261 254 1261 256 1261 257 1261 290 1254 334 1263 336 1263 338 1263 340 1263 359 1248 448 1265 450 1265 592 1250 639 1263 640 1263 642 1263 644 1263 666 1252 694 1267 696 1267 698 1267 798 1252 845 1252 868 1269 870 1269 871 1269 873 1269 972 1254 1029 1271 1031 1271 1033 1273 1108 1273 1108 1271 1110 1271 1147 1254 1149 1242 1145 1179 1097 1196 1079 1180 1079 1179 1077 1179 1076 1179 987 1179 985 1179 983 1179 981 1179 979 1180 948 1205 866 1205 856 1192 854 1192 854 1190 852 1190 850 1190 848 1190 800 1194 777 1184 756 1175 754 1175 752 1175 750 1175 733 1184 700 1204 635 1204 621 1186 612 1175 610 1175 610 1173 608 1173 606 1173 604 1173 602 1173 573 1188 550 1198 527 1188 513 1182 512 1182 510 1182 508 1182 487 1188 448 1200 431 1190 408 1175 406 1175 404 1175 402 1175 400 1175 352 1190 329 1198 250 1198 246 1192 225 1171 225 1169 223 1169 221 1169 202 1169 200 1169 198 1169 152 1194 148 1196 98 1196 98 1230"/></Shape>
	    <String CONTENT="گروهی که عز و علارا بستند و خود راهم تيز ببستند و خواهد"
                    HPOS="96"
                    VPOS="1169"
                    WIDTH="1053"
                    HEIGHT="104"
                    WC="0.9006949988278475"></String>
          </TextLine>

          
          
          <TextLine ID="eSc_line_fd080620"
                    TAGREFS="LT4834"
                    BASELINE="94 1329 1143 1346" 
                    HPOS="92"
                    VPOS="1271"
                    WIDTH="1051"
                    HEIGHT="106">
            <Shape><Polygon POINTS="94 1329 92 1344 130 1357 132 1357 134 1357 136 1357 165 1346 180 1359 180 1361 182 1361 184 1361 186 1361 309 1348 325 1363 325 1365 327 1365 329 1365 331 1367 396 1367 396 1365 398 1365 400 1365 425 1350 456 1367 458 1367 460 1369 498 1369 498 1367 500 1367 502 1367 502 1365 517 1352 546 1367 548 1367 550 1367 552 1367 581 1354 673 1354 743 1371 744 1371 746 1371 748 1371 791 1355 816 1373 818 1373 820 1373 821 1373 860 1365 908 1375 910 1377 954 1377 954 1375 956 1375 958 1375 975 1359 1025 1377 1027 1377 1029 1377 1031 1377 1052 1367 1112 1377 1114 1377 1116 1377 1118 1377 1141 1359 1143 1346 1143 1298 1118 1280 1116 1280 1114 1280 1058 1280 1056 1280 1054 1280 1016 1302 1006 1305 991 1300 952 1288 950 1288 948 1288 947 1288 945 1288 927 1300 918 1305 843 1305 831 1300 789 1275 787 1275 785 1275 783 1275 714 1298 702 1302 698 1298 689 1290 689 1288 687 1288 685 1288 683 1288 681 1288 662 1298 660 1298 635 1275 635 1273 633 1273 631 1273 571 1273 569 1273 567 1273 540 1286 515 1271 513 1271 512 1271 510 1271 446 1284 433 1273 433 1271 431 1271 429 1271 427 1271 425 1271 375 1294 369 1296 363 1294 327 1280 325 1280 323 1280 321 1280 286 1290 238 1271 236 1271 234 1271 232 1271 163 1292 159 1292 94 1292 94 1329"/></Shape>
	    <String CONTENT="اين کرده ال ترتب خواهند بود و گروهی که همين او را ببند"
                    HPOS="92"
                    VPOS="1271"
                    WIDTH="1051"
                    HEIGHT="106"
                    WC="0.8863962916312395"></String>
          </TextLine>

          
          
          <TextLine ID="eSc_line_6a4a0c98"
                    TAGREFS="LT4834"
                    BASELINE="98 1446 1143 1446" 
                    HPOS="98"
                    VPOS="1380"
                    WIDTH="1045"
                    HEIGHT="95">
            <Shape><Polygon POINTS="98 1446 98 1475 157 1475 157 1473 159 1473 161 1473 192 1455 263 1455 284 1471 286 1471 288 1471 290 1471 292 1471 298 1471 352 1455 367 1469 371 1473 373 1473 375 1473 377 1473 435 1467 556 1455 650 1463 677 1465 679 1465 717 1461 793 1455 810 1461 837 1469 839 1469 841 1469 904 1459 939 1473 941 1473 943 1473 1031 1457 1083 1471 1085 1471 1087 1471 1089 1471 1143 1454 1143 1446 1143 1407 1110 1394 1108 1394 1106 1394 1104 1394 1079 1404 1051 1392 1049 1392 1047 1392 1045 1392 1043 1392 1027 1404 989 1388 987 1388 985 1388 983 1388 981 1388 956 1407 868 1398 866 1398 864 1398 835 1407 814 1392 812 1392 810 1392 808 1392 806 1392 775 1404 762 1392 762 1390 760 1390 758 1390 756 1390 754 1390 706 1407 587 1394 585 1394 540 1404 512 1380 510 1380 508 1380 411 1380 410 1380 408 1380 354 1407 325 1382 323 1382 321 1382 319 1382 317 1382 292 1396 263 1380 261 1380 142 1380 140 1380 138 1380 136 1380 98 1405 98 1446"/></Shape>
	    <String CONTENT="و او را خواهند و او را خوانند و خود را بدو"
                    HPOS="98"
                    VPOS="1380"
                    WIDTH="1045"
                    HEIGHT="95"
                    WC="0.8928836314451127"></String>
          </TextLine>

          
          
          <TextLine ID="eSc_line_bb5bb2cf"
                    TAGREFS="LT4834"
                    BASELINE="84 1530 1137 1546" 
                    HPOS="82"
                    VPOS="1471"
                    WIDTH="1055"
                    HEIGHT="102">
            <Shape><Polygon POINTS="84 1530 82 1540 159 1559 161 1561 198 1561 198 1559 200 1559 202 1559 202 1557 217 1544 317 1555 319 1555 321 1555 346 1546 400 1557 402 1557 477 1550 510 1565 512 1565 513 1565 515 1565 517 1565 540 1550 608 1567 610 1567 612 1567 614 1567 652 1554 681 1567 683 1567 800 1569 802 1569 804 1569 806 1569 823 1555 898 1571 900 1573 964 1573 964 1571 966 1571 968 1571 985 1555 1000 1567 1002 1567 1004 1567 1006 1567 1135 1557 1137 1546 1137 1513 1091 1494 1089 1494 1087 1494 1085 1494 1083 1494 1083 1496 1068 1511 1047 1511 1006 1482 1004 1482 1002 1482 952 1482 950 1482 948 1482 947 1482 908 1509 871 1509 823 1507 793 1480 791 1480 789 1480 787 1480 692 1498 669 1482 667 1482 666 1482 610 1482 608 1482 606 1482 604 1482 579 1504 521 1504 488 1482 487 1482 485 1482 483 1482 481 1482 454 1496 413 1479 411 1479 410 1479 307 1498 282 1479 281 1479 279 1479 277 1479 275 1479 252 1490 236 1475 236 1473 234 1473 232 1473 152 1471 150 1471 148 1471 84 1496 84 1530"/></Shape>
	    <String CONTENT="نداهيد و نخواهند ايشان را ابل و حدت خواند حال مومن"
                    HPOS="82"
                    VPOS="1471"
                    WIDTH="1055"
                    HEIGHT="102"
                    WC="0.9284081679582595"></String>
          </TextLine>

          
          
          <TextLine ID="eSc_line_f13c9f54"
                    TAGREFS="LT4834"
                    BASELINE="94 1632 1137 1650" 
                    HPOS="92"
                    VPOS="1563"
                    WIDTH="1045"
                    HEIGHT="112">
            <Shape><Polygon POINTS="94 1632 92 1644 125 1655 127 1655 128 1655 130 1655 153 1646 286 1646 292 1648 321 1665 323 1665 325 1665 440 1667 442 1667 444 1667 473 1652 517 1667 519 1667 521 1667 660 1652 669 1652 671 1652 689 1669 689 1671 691 1671 692 1671 694 1671 823 1655 841 1669 843 1669 845 1669 904 1675 906 1675 1135 1657 1137 1650 1135 1605 1081 1609 1072 1604 1052 1592 1051 1592 1049 1592 1047 1592 1045 1592 1043 1592 1029 1604 1022 1609 925 1609 918 1602 914 1598 912 1598 910 1598 908 1598 906 1598 897 1602 889 1605 885 1602 864 1582 862 1582 860 1582 858 1582 856 1582 823 1600 793 1571 793 1569 791 1569 789 1569 731 1569 729 1569 727 1569 725 1569 725 1571 694 1600 694 1602 590 1602 587 1598 550 1567 550 1565 548 1565 546 1565 440 1563 373 1563 371 1563 369 1563 367 1563 338 1586 296 1579 294 1579 219 1594 211 1596 205 1594 148 1575 146 1575 144 1575 142 1575 94 1592 94 1632"/></Shape>
	    <String CONTENT="حد و جهد بايد تا از کون نضادی که کون کفرست برون"
                    HPOS="92"
                    VPOS="1563"
                    WIDTH="1045"
                    HEIGHT="112"
                    WC="0.9027439577782408"></String>
          </TextLine>

          
          
          <TextLine ID="eSc_line_9dd8c39c"
                    TAGREFS="LT4834"
                    BASELINE="88 1738 1137 1746" 
                    HPOS="86"
                    VPOS="1665"
                    WIDTH="1051"
                    HEIGHT="108">
            <Shape><Polygon POINTS="88 1738 86 1754 96 1763 96 1765 98 1765 100 1765 102 1765 103 1765 128 1752 150 1765 152 1765 153 1765 155 1765 194 1759 196 1759 198 1759 209 1748 234 1765 236 1765 238 1765 240 1767 292 1767 292 1765 294 1765 296 1765 296 1763 309 1750 313 1748 342 1750 423 1759 425 1759 463 1754 485 1750 735 1750 746 1757 760 1767 762 1767 764 1767 766 1767 768 1767 787 1757 796 1754 820 1759 873 1771 875 1773 962 1773 962 1771 964 1771 966 1771 979 1761 991 1754 1006 1761 1024 1771 1025 1771 1027 1771 1029 1771 1051 1763 1074 1754 1133 1763 1137 1746 1133 1686 1076 1707 1027 1707 1006 1688 989 1673 989 1671 987 1671 985 1671 920 1671 918 1671 916 1671 914 1671 914 1673 897 1688 879 1705 725 1705 710 1690 698 1680 696 1680 694 1680 692 1680 691 1680 654 1692 614 1704 573 1704 563 1692 538 1669 538 1667 537 1667 535 1667 490 1667 488 1667 487 1667 485 1667 485 1669 469 1682 427 1669 425 1669 423 1669 421 1669 365 1694 302 1665 300 1665 209 1665 207 1665 205 1665 204 1665 153 1698 150 1700 88 1700 88 1738"/></Shape>
	    <String CONTENT="بند و بگون ترب رسند و از کون ترتب هم که کون شر"
                    HPOS="86"
                    VPOS="1665"
                    WIDTH="1051"
                    HEIGHT="108"
                    WC="0.9286521141943724"></String>
          </TextLine>

          
          
          <TextLine ID="eSc_line_60ed9ca7"
                    TAGREFS="LT4834"
                    BASELINE="100 1829 1139 1844" 
                    HPOS="98"
                    VPOS="1769"
                    WIDTH="1041"
                    HEIGHT="104">
            <Shape><Polygon POINTS="100 1829 98 1838 219 1840 223 1842 250 1861 252 1861 254 1861 256 1863 340 1863 340 1861 342 1861 344 1861 344 1859 358 1846 359 1846 396 1846 402 1848 435 1861 436 1861 438 1861 440 1861 467 1850 490 1865 492 1865 494 1865 496 1865 498 1865 531 1856 600 1865 602 1865 604 1865 637 1854 650 1850 656 1854 671 1867 673 1867 675 1867 677 1867 679 1867 704 1856 706 1856 712 1856 777 1869 779 1869 781 1869 783 1869 796 1857 802 1854 858 1852 893 1861 916 1867 918 1867 920 1867 922 1867 941 1863 975 1854 991 1863 1004 1873 1006 1873 1008 1873 1010 1873 1047 1865 1093 1856 1133 1867 1139 1844 1137 1807 1016 1807 1012 1806 991 1788 989 1788 987 1788 985 1788 983 1788 948 1804 947 1804 889 1781 887 1781 885 1781 883 1781 881 1781 850 1802 848 1804 816 1804 814 1802 754 1775 752 1775 750 1775 683 1786 637 1775 635 1775 633 1775 631 1775 569 1798 517 1773 515 1773 465 1771 463 1771 461 1771 460 1771 425 1792 365 1769 363 1769 361 1769 256 1788 213 1781 211 1781 100 1790 100 1829"/></Shape>
	    <String CONTENT="و تفاق است جهد بايد کرد تا بيرون آييد بکون و حدت"
                    HPOS="98"
                    VPOS="1769"
                    WIDTH="1041"
                    HEIGHT="104"
                    WC="0.8968255398224811"></String>
          </TextLine>

          
          
          <TextLine ID="eSc_line_53bfc37f"
                    TAGREFS="LT4834"
                    BASELINE="102 1925 1139 1942" 
                    HPOS="100"
                    VPOS="1867"
                    WIDTH="1039"
                    HEIGHT="112">
            <Shape><Polygon POINTS="102 1925 100 1942 130 1954 132 1954 134 1954 230 1946 292 1965 294 1965 296 1965 408 1948 419 1957 421 1957 423 1957 425 1957 477 1950 681 1973 683 1973 716 1971 717 1971 719 1971 719 1969 739 1954 791 1954 839 1971 841 1971 1024 1979 1025 1979 1112 1973 1114 1973 1116 1973 1137 1957 1139 1942 1139 1882 1072 1881 1070 1881 1068 1881 1064 1882 1027 1904 991 1882 983 1877 981 1877 979 1877 941 1877 939 1877 937 1877 935 1877 935 1879 929 1882 908 1902 835 1890 833 1890 831 1890 793 1900 729 1884 679 1871 677 1871 623 1871 621 1871 619 1871 617 1871 617 1873 604 1884 592 1896 544 1884 506 1877 504 1877 502 1877 477 1884 461 1890 446 1886 419 1877 417 1877 415 1877 413 1877 411 1877 398 1886 386 1892 296 1888 294 1886 242 1867 240 1867 238 1867 236 1867 234 1867 204 1886 198 1888 102 1888 102 1925"/></Shape>
	    <String CONTENT="که گون حقيقت است و يكانگى مولاناست رييده باشند"
                    HPOS="100"
                    VPOS="1867"
                    WIDTH="1039"
                    HEIGHT="112"
                    WC="0.9369978917681653"></String>
          </TextLine>

          
          
          <TextLine ID="eSc_line_633f5693"
                    TAGREFS="LT4834"
                    BASELINE="560 2034 1129 2044" 
                    HPOS="558"
                    VPOS="1973"
                    WIDTH="571"
                    HEIGHT="106">
            <Shape><Polygon POINTS="560 2034 558 2048 660 2065 662 2065 766 2059 818 2056 825 2061 839 2073 839 2075 841 2075 843 2075 845 2075 927 2067 943 2065 947 2067 958 2077 960 2077 962 2077 964 2077 966 2077 985 2069 1006 2059 1018 2071 1025 2077 1025 2079 1027 2079 1029 2079 1031 2079 1127 2075 1129 2044 1126 1981 1083 2002 962 1984 947 1982 945 1982 925 1984 846 1998 835 1986 827 1981 827 1979 825 1979 823 1979 821 1979 820 1979 793 1988 783 1992 779 1988 766 1977 766 1975 764 1975 762 1975 660 1973 658 1973 656 1973 619 1992 614 1994 560 1994 560 2034"/></Shape>
	    <String CONTENT="آن وقت ناجی ورستگار باشد"
                    HPOS="558"
                    VPOS="1973"
                    WIDTH="571"
                    HEIGHT="106"
                    WC="0.943856155872345"></String>
          </TextLine>

          
        </TextBlock>
        
        <TextBlock HPOS="554"
                   VPOS="192"
                   WIDTH="167"
                   HEIGHT="98"
                   ID="eSc_textblock_8622e081"
                   TAGREFS="BT16059">
          <Shape><Polygon POINTS="592 192 698 207 721 236 660 290 577 290 554 230 592 192"/></Shape>
          
          
          <TextLine ID="eSc_line_3acbb90a"
                    TAGREFS="LT4834"
                    BASELINE="590 248 669 248" 
                    HPOS="590"
                    VPOS="209"
                    WIDTH="79"
                    HEIGHT="71">
            <Shape><Polygon POINTS="590 248 590 271 667 280 669 248 667 209 590 215 590 248"/></Shape>
	    <String CONTENT=""
                    HPOS="590"
                    VPOS="209"
                    WIDTH="79"
                    HEIGHT="71"></String>
          </TextLine>

          
        </TextBlock>
        
        <TextBlock HPOS="107"
                   VPOS="2107"
                   WIDTH="122"
                   HEIGHT="52"
                   ID="eSc_textblock_3253e27b"
                   TAGREFS="BT16061">
          <Shape><Polygon POINTS="140 2107 161 2131 213 2115 229 2159 107 2159 140 2107"/></Shape>
          
          
          <TextLine ID="eSc_line_19640675"
                    TAGREFS="LT4834"
                    BASELINE="113 2148 221 2142" 
                    HPOS="111"
                    VPOS="2115"
                    WIDTH="110"
                    HEIGHT="52">
            <Shape><Polygon POINTS="207 2115 205 2115 188 2121 169 2127 150 2121 134 2119 128 2119 111 2140 113 2148 113 2167 219 2163 221 2142 217 2129 207 2115"/></Shape>
	    <String CONTENT=""
                    HPOS="111"
                    VPOS="2115"
                    WIDTH="110"
                    HEIGHT="52"></String>
          </TextLine>

          
        </TextBlock>
        
        <TextBlock HPOS="569"
                   VPOS="2100"
                   WIDTH="68"
                   HEIGHT="59"
                   ID="eSc_textblock_dc78f6a3"
                   TAGREFS="BT16061">
          <Shape><Polygon POINTS="587 2100 637 2107 629 2159 569 2136 587 2100"/></Shape>
          
          
          <TextLine ID="eSc_line_adce4f17"
                    TAGREFS="LT4834"
                    BASELINE="614 2129 627 2129" 
                    HPOS="614"
                    VPOS="2104"
                    WIDTH="13"
                    HEIGHT="67">
            <Shape><Polygon POINTS="614 2104 614 2129 614 2171 627 2171 627 2129 623 2104 614 2104"/></Shape>
	    <String CONTENT=""
                    HPOS="614"
                    VPOS="2104"
                    WIDTH="13"
                    HEIGHT="67"></String>
          </TextLine>

          
        </TextBlock>
        
        <TextBlock HPOS="1216"
                   VPOS="884"
                   WIDTH="44"
                   HEIGHT="60"
                   ID="eSc_textblock_b6eaeae7"
                   TAGREFS="BT16062">
          <Shape><Polygon POINTS="1239 884 1260 928 1245 944 1216 944 1239 884"/></Shape>
          
        </TextBlock>
        

        
      </PrintSpace>
    </Page>
  </Layout>
</alto>
