<?xml version="1.0" encoding="UTF-8"?>
<alto xmlns:xsi="http://www.w3.org/2001/XMLSchema-instance"
      xmlns="http://www.loc.gov/standards/alto/ns-v4#"
      xsi:schemaLocation="http://www.loc.gov/standards/alto/ns-v4# http://www.loc.gov/standards/alto/v4/alto-4-2.xsd">
  <Description>
    <MeasurementUnit>pixel</MeasurementUnit>
    <sourceImageInformation>
      <fileName>TwoIsmailiTreatises024.jpg</fileName>
      
    </sourceImageInformation>
  </Description>
  
  <Tags>
    <OtherTag ID="BT16074" LABEL="MarginTextZone:commentary" DESCRIPTION="block type MarginTextZone:commentary"/><OtherTag ID="BT16073" LABEL="MarginTextZone:note#1" DESCRIPTION="block type MarginTextZone:note#1"/><OtherTag ID="BT16072" LABEL="MainZone:column#2" DESCRIPTION="block type MainZone:column#2"/><OtherTag ID="BT16071" LABEL="MainZone:column#3" DESCRIPTION="block type MainZone:column#3"/><OtherTag ID="BT16070" LABEL="GraphicZone:illustration" DESCRIPTION="block type GraphicZone:illustration"/><OtherTag ID="BT16069" LABEL="MainZone:column#1" DESCRIPTION="block type MainZone:column#1"/><OtherTag ID="BT16068" LABEL="MarginTextZone:note#2" DESCRIPTION="block type MarginTextZone:note#2"/><OtherTag ID="BT16067" LABEL="CustomZone:publication" DESCRIPTION="block type CustomZone:publication"/><OtherTag ID="BT16066" LABEL="RunningTitleZone" DESCRIPTION="block type RunningTitleZone"/><OtherTag ID="BT16065" LABEL="NumberingZone" DESCRIPTION="block type NumberingZone"/><OtherTag ID="BT16064" LABEL="default" DESCRIPTION="block type default"/><OtherTag ID="BT16063" LABEL="TitlePageZone" DESCRIPTION="block type TitlePageZone"/><OtherTag ID="BT16062" LABEL="NumberingZone:other" DESCRIPTION="block type NumberingZone:other"/><OtherTag ID="BT16061" LABEL="QuireMarksZone:catchwords" DESCRIPTION="block type QuireMarksZone:catchwords"/><OtherTag ID="BT16060" LABEL="MainZone" DESCRIPTION="block type MainZone"/><OtherTag ID="BT16059" LABEL="NumberingZone:page" DESCRIPTION="block type NumberingZone:page"/><OtherTag ID="BT16058" LABEL="MarginTextZone:note" DESCRIPTION="block type MarginTextZone:note"/><OtherTag ID="BT16057" LABEL="DigitizationArtefactZone" DESCRIPTION="block type DigitizationArtefactZone"/><OtherTag ID="BT4" LABEL="Illustration" DESCRIPTION="block type Illustration"/><OtherTag ID="BT3" LABEL="Commentary" DESCRIPTION="block type Commentary"/><OtherTag ID="BT2" LABEL="Main" DESCRIPTION="block type Main"/><OtherTag ID="BT1" LABEL="Title" DESCRIPTION="block type Title"/>
    <OtherTag ID="LT4834" LABEL="DefaultLine" DESCRIPTION="line type DefaultLine"/><OtherTag ID="LT4835" LABEL="HeadingLine:title" DESCRIPTION="line type HeadingLine:title"/>
  </Tags>
  
  <Layout>
    <Page WIDTH="1444"
          HEIGHT="2154"
          PHYSICAL_IMG_NR="20"
          ID="eSc_dummypage_">
      <PrintSpace HPOS="0"
                  VPOS="0"
                  WIDTH="1444"
                  HEIGHT="2154">
        
        <TextBlock HPOS="352"
                   VPOS="251"
                   WIDTH="1032"
                   HEIGHT="1649"
                   ID="eSc_textblock_860c3599"
                   TAGREFS="BT16060">
          <Shape><Polygon POINTS="1056 251 1341 258 1370 280 1384 1419 1363 1872 1298 1900 373 1900 352 804 380 330 409 287 452 280 1056 251"/></Shape>
          
          
          <TextLine ID="eSc_line_3c8be991"
                    TAGREFS="LT4834"
                    BASELINE="923 315 1352 312" 
                    HPOS="921"
                    VPOS="263"
                    WIDTH="431"
                    HEIGHT="81">
            <Shape><Polygon POINTS="923 315 923 337 1054 333 1068 335 1135 344 1136 344 1138 344 1140 344 1140 342 1151 333 1208 342 1210 342 1212 342 1251 332 1311 342 1312 342 1314 342 1352 328 1352 312 1348 278 1237 263 1235 263 1233 263 1196 276 1183 265 1183 263 1181 263 1179 263 1149 263 1147 263 1145 263 1144 263 1122 278 1108 269 1106 269 1104 269 1102 269 1036 278 1018 265 1016 265 1014 265 1012 265 1011 265 971 278 935 265 933 265 932 265 930 265 928 265 928 267 921 272 923 315"/></Shape>
	    <String CONTENT="و دوزخيان در دوزخ"
                    HPOS="921"
                    VPOS="263"
                    WIDTH="431"
                    HEIGHT="81"
                    WC="0.9345383538919336"></String>
          </TextLine>

          
          
          <TextLine ID="eSc_line_d0e9489b"
                    TAGREFS="LT4834"
                    BASELINE="400 407 1203 412" 
                    HPOS="398"
                    VPOS="341"
                    WIDTH="805"
                    HEIGHT="102">
            <Shape><Polygon POINTS="400 407 398 430 411 437 413 437 414 437 416 437 502 427 510 427 515 427 560 437 562 437 563 437 565 437 565 436 576 427 580 425 581 427 592 436 592 437 594 437 596 437 598 439 625 439 625 437 626 437 648 427 664 420 781 420 793 429 804 436 806 436 808 436 810 436 865 429 912 421 919 429 932 439 932 441 933 441 935 441 937 443 977 443 977 441 978 441 980 441 980 439 993 429 1002 421 1057 421 1074 429 1093 437 1095 437 1097 437 1099 437 1100 437 1111 429 1122 421 1145 429 1172 437 1174 437 1176 437 1178 437 1201 429 1203 412 1203 351 1126 344 1124 344 1122 344 1120 344 1111 351 1095 364 1081 351 1074 346 1072 346 1070 346 1068 346 1066 346 1065 346 1056 353 1034 366 966 353 899 342 898 342 896 342 894 342 894 344 881 355 872 366 786 366 774 357 766 351 765 351 763 351 761 351 759 351 743 357 738 359 736 357 716 342 714 342 713 342 646 341 644 341 642 341 641 341 616 359 608 364 558 364 554 359 535 342 535 341 533 341 531 341 510 341 508 341 506 341 504 341 483 360 479 362 400 362 400 407"/></Shape>
	    <String CONTENT="وديگردليل آنکه دور قيامت که پيش از آدم بود"
                    HPOS="398"
                    VPOS="341"
                    WIDTH="805"
                    HEIGHT="102"
                    WC="0.9242563193494623"></String>
          </TextLine>

          
          
          <TextLine ID="eSc_line_e5c353d8"
                    TAGREFS="LT4834"
                    BASELINE="371 499 1348 509" 
                    HPOS="369"
                    VPOS="437"
                    WIDTH="979"
                    HEIGHT="108">
            <Shape><Polygon POINTS="371 457 371 499 369 513 477 515 495 533 495 534 497 534 499 534 533 536 535 536 680 518 698 536 698 538 700 538 702 538 704 540 863 540 863 538 865 538 903 522 1002 522 1099 542 1100 543 1153 543 1153 542 1154 542 1156 542 1185 524 1215 543 1217 543 1219 543 1221 545 1257 545 1257 543 1259 543 1260 543 1275 531 1298 542 1300 542 1302 542 1303 542 1347 524 1348 509 1347 477 1280 466 1278 466 1192 472 1158 473 1149 470 1099 448 1097 448 1095 448 1093 448 1091 448 1059 468 1057 470 1056 468 1029 443 1029 441 1027 441 1025 441 994 441 993 441 991 441 942 464 937 468 890 468 885 463 860 441 860 439 858 439 856 439 810 439 808 439 806 439 804 439 772 459 754 470 689 457 680 455 659 437 657 437 655 437 554 437 553 437 551 437 549 437 529 452 510 466 486 457 484 457 483 457 431 466 373 448 371 457"/></Shape>
	    <String CONTENT="تا به اين دم بافيست که در آوايم اگر چه قيامت ميشکی باشد اما"
                    HPOS="369"
                    VPOS="437"
                    WIDTH="979"
                    HEIGHT="108"
                    WC="0.8774709388613701"></String>
          </TextLine>

          
          
          <TextLine ID="eSc_line_1185e7a1"
                    TAGREFS="LT4834"
                    BASELINE="369 595 1341 603" 
                    HPOS="368"
                    VPOS="538"
                    WIDTH="973"
                    HEIGHT="95">
            <Shape><Polygon POINTS="369 595 368 610 515 626 517 626 673 615 693 628 695 628 696 628 698 628 766 617 824 628 826 628 827 628 853 617 863 628 863 630 865 630 867 630 869 630 937 617 1133 631 1135 633 1264 633 1264 631 1339 617 1341 603 1339 569 1280 569 1278 567 1246 543 1244 543 1242 543 1205 543 1203 543 1201 543 1199 543 1165 565 1163 567 1160 565 1099 542 1097 542 1095 542 1093 542 1091 542 1066 565 1065 565 1039 563 876 552 874 552 872 552 871 552 858 560 847 549 847 547 845 547 844 547 842 547 840 547 813 560 788 540 786 540 784 540 783 540 781 540 779 540 750 560 743 565 632 565 626 558 616 549 616 547 614 547 612 547 610 547 608 547 580 554 562 540 562 538 560 538 558 538 449 538 447 538 445 538 443 538 416 556 407 561 369 556 369 595"/></Shape>
	    <String CONTENT="با ضافه شريعت گرديده است همه پنيسگان اشارت به حجت ر"
                    HPOS="368"
                    VPOS="538"
                    WIDTH="973"
                    HEIGHT="95"
                    WC="0.8798221676957374"></String>
          </TextLine>

          
          
          <TextLine ID="eSc_line_0b807ea3"
                    TAGREFS="LT4834"
                    BASELINE="371 698 1348 703" 
                    HPOS="369"
                    VPOS="635"
                    WIDTH="979"
                    HEIGHT="95">
            <Shape><Polygon POINTS="371 698 369 721 414 716 423 723 429 726 429 728 431 728 432 728 434 730 664 730 664 728 666 728 668 728 668 726 673 721 677 719 748 721 889 726 890 726 944 721 973 718 978 719 991 726 993 726 994 726 996 726 998 726 1007 719 1012 718 1038 719 1118 728 1120 728 1122 728 1124 728 1124 726 1133 719 1250 719 1251 719 1309 730 1311 730 1312 730 1347 718 1348 703 1343 644 1303 671 1244 660 1242 660 1241 660 1239 660 1239 662 1228 673 1120 673 1104 658 1102 658 1100 658 1099 658 1097 658 1095 658 1095 660 1081 673 1054 673 1038 656 1038 655 1036 655 1034 655 1032 655 1030 655 1029 655 1005 669 935 667 924 656 924 655 923 655 921 655 919 655 917 655 872 667 851 653 824 635 822 635 820 635 748 635 747 635 745 635 743 635 723 653 680 637 678 637 677 637 675 637 673 637 648 656 642 662 601 667 590 658 571 640 571 639 569 639 567 639 407 635 405 635 404 635 402 635 371 656 371 698"/></Shape>
	    <String CONTENT="کرده اند و باز بشارت داده اند و گفه اند حجت و قايم بدان سل"
                    HPOS="369"
                    VPOS="635"
                    WIDTH="979"
                    HEIGHT="95"
                    WC="0.8906549605829962"></String>
          </TextLine>

          
          
          <TextLine ID="eSc_line_e21aaa60"
                    TAGREFS="LT4834"
                    BASELINE="378 788 1343 796" 
                    HPOS="377"
                    VPOS="730"
                    WIDTH="966"
                    HEIGHT="102">
            <Shape><Polygon POINTS="378 788 377 804 571 827 572 829 660 829 660 827 662 827 664 827 680 813 686 809 711 809 772 811 775 814 783 822 783 823 784 823 786 823 788 823 829 816 851 813 858 816 876 829 878 829 880 829 881 829 883 829 914 818 926 814 932 820 939 825 941 825 942 825 944 825 973 820 977 820 980 820 1012 831 1014 831 1016 831 1018 831 1038 822 1054 814 1065 822 1074 831 1075 831 1077 831 1079 832 1118 832 1118 831 1120 831 1122 831 1122 829 1127 823 1138 813 1165 823 1167 823 1169 823 1296 814 1311 829 1314 831 1314 832 1316 832 1318 832 1320 832 1341 829 1343 796 1341 752 1210 739 1208 739 1206 739 1205 739 1194 748 1172 761 1124 757 1113 746 1111 744 1111 743 1109 743 1108 743 1106 743 1104 743 1102 743 1100 746 1081 759 1002 744 1000 744 998 744 959 759 941 743 941 741 939 741 937 741 935 741 933 741 932 741 905 759 793 759 693 741 691 741 689 741 687 741 687 743 677 753 657 743 655 743 653 743 651 743 603 755 576 734 574 732 572 732 571 732 569 732 567 732 565 732 563 734 533 752 499 735 497 735 495 735 493 735 459 750 440 732 438 732 436 732 378 730 378 788"/></Shape>
	    <String CONTENT=" باشند که اوصياو اوليادابستاد اولوالعزم با جميع"
                    HPOS="377"
                    VPOS="730"
                    WIDTH="966"
                    HEIGHT="102"
                    WC="0.8281348791528256"></String>
          </TextLine>

          
          
          <TextLine ID="eSc_line_40496555"
                    TAGREFS="LT4834"
                    BASELINE="1038 901 1339 899" 
                    HPOS="1036"
                    VPOS="852"
                    WIDTH="303"
                    HEIGHT="68">
            <Shape><Polygon POINTS="1038 901 1038 917 1338 920 1339 899 1338 870 1289 852 1287 852 1285 852 1120 868 1100 852 1099 852 1097 852 1066 852 1065 852 1063 852 1061 852 1036 866 1038 901"/></Shape>
	    <String CONTENT="بر اين مفراند"
                    HPOS="1036"
                    VPOS="852"
                    WIDTH="303"
                    HEIGHT="68"
                    WC="0.9118613371482263"></String>
          </TextLine>

          
          
          <TextLine ID="eSc_line_f1905ff8"
                    TAGREFS="LT4834"
                    BASELINE="375 987 1187 985" 
                    HPOS="373"
                    VPOS="922"
                    WIDTH="814"
                    HEIGHT="101">
            <Shape><Polygon POINTS="375 987 375 1001 492 1003 513 1017 515 1017 517 1017 519 1017 520 1017 522 1017 542 1001 581 1021 583 1021 585 1021 587 1021 589 1021 589 1019 610 1001 612 999 641 999 644 1001 687 1021 689 1021 691 1023 833 1023 833 1021 835 1021 836 1021 862 999 863 999 881 999 883 999 915 1021 917 1021 919 1021 921 1023 950 1023 950 1021 951 1021 1009 999 1126 1021 1127 1021 1129 1021 1187 998 1187 985 1185 956 1140 938 1138 938 1136 938 1135 938 1086 954 1020 940 1018 940 1016 940 1014 940 1014 942 1000 956 926 956 894 928 892 928 890 928 889 928 887 928 885 928 851 956 768 956 723 953 695 924 695 922 693 922 691 922 644 922 642 922 641 922 639 922 639 924 616 944 603 933 601 933 599 933 598 933 596 933 594 933 581 944 553 922 551 922 549 922 425 922 423 922 422 922 420 922 373 953 375 987"/></Shape>
	    <String CONTENT="حضرت با باسيد ناحسن صباح قدس سره رزقنا عنه"
                    HPOS="373"
                    VPOS="922"
                    WIDTH="814"
                    HEIGHT="101"
                    WC="0.8844508911882129"></String>
          </TextLine>

          
          
          <TextLine ID="eSc_line_b9cc9aa1"
                    TAGREFS="LT4834"
                    BASELINE="375 1078 1338 1078" 
                    HPOS="375"
                    VPOS="1015"
                    WIDTH="963"
                    HEIGHT="103">
            <Shape><Polygon POINTS="375 1078 375 1093 603 1105 605 1105 662 1094 684 1114 684 1116 686 1116 687 1116 689 1116 691 1116 738 1098 788 1116 790 1116 792 1116 885 1103 919 1109 921 1109 923 1109 924 1109 941 1098 998 1100 1020 1116 1021 1116 1023 1116 1025 1118 1167 1118 1167 1116 1169 1116 1171 1116 1197 1094 1271 1111 1273 1111 1275 1111 1276 1111 1296 1094 1338 1094 1338 1078 1338 1028 1311 1015 1309 1015 1224 1015 1223 1015 1221 1015 1219 1015 1219 1017 1208 1028 1185 1050 1005 1046 991 1035 989 1035 987 1035 986 1035 984 1035 950 1050 896 1044 876 1023 871 1019 871 1017 869 1017 867 1017 865 1017 863 1017 854 1023 806 1050 669 1037 668 1037 666 1037 642 1050 610 1019 608 1017 608 1015 607 1015 605 1015 574 1015 572 1015 571 1015 565 1017 506 1050 472 1017 472 1015 470 1015 468 1015 375 1015 375 1078"/></Shape>
	    <String CONTENT="صحت کير قايم قيامت بود و عيسی دور قيامت که کار پدر را انکا"
                    HPOS="375"
                    VPOS="1015"
                    WIDTH="963"
                    HEIGHT="103"
                    WC="0.8920274900979009"></String>
          </TextLine>

          
          
          <TextLine ID="eSc_line_ee87040e"
                    TAGREFS="LT4834"
                    BASELINE="380 1179 1343 1182" 
                    HPOS="378"
                    VPOS="1120"
                    WIDTH="965"
                    HEIGHT="95">
            <Shape><Polygon POINTS="380 1179 378 1199 420 1209 422 1209 423 1209 425 1209 441 1199 452 1193 551 1193 563 1199 592 1211 594 1211 596 1211 664 1200 853 1211 854 1211 856 1211 858 1211 878 1197 880 1197 944 1209 946 1209 948 1209 984 1195 986 1195 989 1195 1025 1213 1027 1213 1029 1215 1086 1215 1086 1213 1088 1213 1122 1195 1250 1195 1269 1195 1300 1204 1302 1204 1303 1204 1305 1204 1341 1193 1343 1182 1341 1121 1221 1147 1142 1134 1140 1134 1138 1134 1136 1134 1136 1136 1124 1148 1070 1148 1047 1127 1045 1127 1043 1127 1041 1127 1039 1127 1038 1127 1009 1148 921 1148 878 1127 876 1127 874 1127 872 1127 871 1127 869 1127 869 1129 853 1139 838 1129 826 1120 824 1120 822 1120 801 1120 799 1120 797 1120 795 1120 795 1121 786 1129 770 1143 727 1134 725 1134 723 1134 695 1145 639 1141 623 1132 599 1120 598 1120 440 1120 438 1120 436 1120 380 1134 380 1179"/></Shape>
	    <String CONTENT="خنده سيد ناقدش ستره میفرمايد که چون قانم طور کند شتری"
                    HPOS="378"
                    VPOS="1120"
                    WIDTH="965"
                    HEIGHT="95"
                    WC="0.8974306712735374"></String>
          </TextLine>

          
          
          <TextLine ID="eSc_line_b46c9159"
                    TAGREFS="LT4834"
                    BASELINE="377 1272 1339 1288" 
                    HPOS="375"
                    VPOS="1209"
                    WIDTH="964"
                    HEIGHT="113">
            <Shape><Polygon POINTS="377 1272 375 1283 511 1301 513 1301 515 1301 517 1301 533 1288 574 1297 576 1297 578 1297 607 1290 637 1308 639 1308 641 1308 642 1308 644 1308 686 1290 727 1290 745 1303 747 1303 748 1303 750 1303 815 1299 853 1317 854 1317 910 1319 1077 1321 1079 1321 1081 1321 1083 1321 1083 1319 1104 1299 1140 1312 1142 1312 1144 1312 1145 1312 1169 1299 1212 1303 1230 1321 1230 1322 1232 1322 1233 1322 1235 1322 1237 1322 1266 1313 1276 1322 1278 1322 1280 1322 1282 1322 1284 1322 1338 1299 1339 1288 1339 1254 1233 1222 1232 1222 1230 1222 1228 1222 1165 1243 1138 1225 1136 1225 1135 1225 1133 1225 1131 1225 1129 1225 1118 1233 1106 1222 1106 1220 1104 1220 1102 1220 1068 1220 1066 1220 1065 1220 1063 1220 1025 1245 1002 1245 980 1227 978 1227 977 1227 975 1227 973 1227 971 1227 944 1245 939 1247 887 1247 883 1243 851 1220 849 1220 847 1220 845 1220 844 1220 790 1242 783 1243 535 1238 531 1234 510 1213 510 1211 508 1211 506 1211 483 1209 425 1209 423 1209 422 1209 420 1209 420 1211 398 1231 377 1231 377 1272"/></Shape>
	    <String CONTENT="قربانی کند و علم سرخ بيرون آورد آن وقت مولانا کو شکها"
                    HPOS="375"
                    VPOS="1209"
                    WIDTH="964"
                    HEIGHT="113"
                    WC="0.9339736494151029"></String>
          </TextLine>

          
          
          <TextLine ID="eSc_line_8a7207b5"
                    TAGREFS="LT4834"
                    BASELINE="373 1376 1343 1380" 
                    HPOS="371"
                    VPOS="1308"
                    WIDTH="972"
                    HEIGHT="110">
            <Shape><Polygon POINTS="373 1376 371 1414 457 1416 459 1416 461 1416 463 1416 466 1412 490 1391 533 1387 572 1398 574 1398 576 1398 607 1392 626 1407 626 1409 628 1409 630 1409 632 1409 633 1409 637 1407 671 1387 696 1405 700 1409 702 1409 704 1409 705 1409 707 1409 709 1409 713 1405 730 1391 790 1403 802 1405 804 1405 806 1405 813 1403 851 1387 856 1394 858 1394 858 1396 860 1396 862 1396 863 1396 892 1391 908 1400 937 1418 939 1418 941 1418 942 1418 944 1418 982 1400 1075 1418 1077 1418 1079 1418 1081 1418 1081 1416 1104 1394 1108 1391 1115 1394 1124 1400 1126 1400 1127 1400 1129 1400 1190 1392 1214 1389 1217 1391 1233 1405 1233 1407 1235 1407 1237 1407 1239 1407 1241 1407 1269 1391 1285 1407 1285 1409 1287 1409 1289 1409 1291 1409 1293 1409 1341 1387 1343 1380 1343 1335 1318 1326 1316 1326 1314 1326 1312 1326 1285 1335 1273 1340 1267 1335 1241 1312 1241 1310 1239 1310 1237 1310 1221 1310 1219 1310 1217 1310 1215 1310 1215 1312 1192 1335 1181 1346 1005 1346 986 1331 951 1310 950 1310 948 1310 946 1310 944 1310 942 1310 919 1331 905 1342 889 1331 856 1308 854 1308 853 1308 851 1308 849 1308 808 1319 806 1319 806 1321 795 1330 783 1344 739 1344 723 1330 698 1308 696 1308 695 1308 693 1308 691 1308 646 1328 623 1339 599 1328 590 1324 589 1324 587 1324 585 1324 583 1324 583 1326 581 1328 567 1340 549 1328 526 1308 524 1308 522 1308 393 1308 391 1308 389 1308 387 1308 373 1319 373 1376"/></Shape>
	    <String CONTENT="خراب كند و پرده تقيه که در شريعت باشد بردارد و مدتش"
                    HPOS="371"
                    VPOS="1308"
                    WIDTH="972"
                    HEIGHT="110"
                    WC="0.9088609686084822"></String>
          </TextLine>

          
          
          <TextLine ID="eSc_line_cccf60b2"
                    TAGREFS="LT4834"
                    BASELINE="373 1475 1332 1479" 
                    HPOS="371"
                    VPOS="1407"
                    WIDTH="961"
                    HEIGHT="104">
            <Shape><Polygon POINTS="373 1475 371 1493 481 1507 483 1507 484 1507 486 1507 486 1506 501 1493 502 1491 508 1493 553 1506 554 1506 556 1506 558 1506 560 1506 580 1491 592 1486 659 1486 664 1491 678 1504 680 1504 682 1504 684 1504 686 1504 723 1491 739 1486 786 1486 797 1489 811 1498 813 1498 815 1498 817 1498 838 1489 845 1488 862 1489 910 1497 912 1497 984 1489 996 1488 998 1489 1021 1509 1023 1509 1025 1509 1027 1509 1029 1509 1065 1491 1129 1509 1131 1509 1133 1511 1163 1511 1163 1509 1165 1509 1167 1509 1167 1507 1183 1493 1230 1509 1232 1509 1233 1511 1289 1511 1289 1509 1291 1509 1330 1486 1332 1479 1332 1441 1262 1414 1260 1414 1259 1414 1257 1414 1167 1439 1136 1410 1136 1409 1135 1409 1133 1409 1131 1409 1129 1409 1039 1439 1038 1439 1034 1439 973 1430 971 1430 912 1439 905 1439 899 1439 844 1427 842 1427 792 1437 770 1418 770 1416 768 1416 766 1416 765 1416 763 1416 705 1436 677 1409 677 1407 675 1407 673 1407 459 1407 457 1407 456 1407 454 1407 454 1409 436 1427 373 1436 373 1475"/></Shape>
	    <String CONTENT="عالم ستی و هستی نباشد و همه اصحاب قانمش به حکم ظاهر"
                    HPOS="371"
                    VPOS="1407"
                    WIDTH="961"
                    HEIGHT="104"
                    WC="0.9324011843578488"></String>
          </TextLine>

          
          
          <TextLine ID="eSc_line_4c253c80"
                    TAGREFS="LT4834"
                    BASELINE="389 1570 1199 1570" 
                    HPOS="389"
                    VPOS="1500"
                    WIDTH="810"
                    HEIGHT="97">
            <Shape><Polygon POINTS="389 1570 389 1581 402 1593 402 1595 404 1595 405 1595 407 1597 441 1597 441 1595 443 1595 445 1595 445 1593 461 1581 562 1583 578 1595 580 1595 581 1595 583 1595 585 1595 614 1581 644 1590 646 1590 648 1590 650 1590 677 1583 693 1595 695 1595 696 1595 698 1597 732 1597 732 1595 734 1595 736 1595 756 1581 851 1592 853 1592 854 1592 869 1584 881 1595 883 1595 885 1595 887 1595 889 1595 941 1581 1012 1595 1014 1595 1016 1595 1045 1584 1057 1595 1059 1595 1061 1595 1063 1597 1174 1597 1174 1595 1176 1595 1178 1595 1199 1581 1199 1570 1199 1529 1167 1518 1165 1518 1163 1518 1162 1518 1120 1529 1099 1518 1097 1518 1095 1518 1093 1518 1059 1529 1020 1506 1018 1506 1016 1506 1014 1506 1012 1506 968 1531 889 1531 845 1507 844 1507 842 1507 840 1507 793 1520 720 1500 718 1500 677 1500 675 1500 673 1500 671 1500 653 1513 610 1500 608 1500 607 1500 605 1500 569 1520 549 1502 549 1500 547 1500 545 1500 479 1500 477 1500 475 1500 474 1500 474 1502 456 1518 440 1509 438 1509 436 1509 434 1509 432 1509 389 1529 389 1570"/></Shape>
	    <String CONTENT="واين همه بشارت در خداوند علی ذکرد اسجود و ابيچ"
                    HPOS="389"
                    VPOS="1500"
                    WIDTH="810"
                    HEIGHT="97"
                    WC="0.8728446390317834"></String>
          </TextLine>

          
          
          <TextLine ID="eSc_line_2c10ef4f"
                    TAGREFS="LT4834"
                    BASELINE="378 1662 1334 1674" 
                    HPOS="377"
                    VPOS="1593"
                    WIDTH="957"
                    HEIGHT="115">
            <Shape><Polygon POINTS="378 1662 377 1696 396 1698 398 1698 400 1698 402 1698 402 1696 431 1672 508 1672 526 1687 526 1689 528 1689 529 1689 531 1689 533 1689 562 1678 592 1696 594 1696 596 1696 598 1696 599 1696 601 1696 637 1674 664 1696 671 1701 673 1701 675 1701 677 1703 768 1703 768 1701 770 1701 784 1694 813 1680 845 1694 867 1703 869 1703 871 1703 872 1703 874 1703 887 1694 898 1685 915 1694 930 1699 932 1699 933 1699 935 1699 946 1694 973 1680 1009 1680 1029 1692 1041 1703 1043 1703 1045 1703 1047 1703 1048 1703 1077 1692 1108 1681 1171 1681 1187 1692 1210 1708 1212 1708 1214 1708 1215 1708 1320 1705 1321 1705 1323 1705 1323 1703 1332 1692 1334 1674 1334 1629 1287 1629 1285 1628 1267 1613 1266 1613 1264 1613 1199 1602 1156 1602 1154 1602 1153 1602 1151 1602 1111 1626 1109 1626 1048 1626 1048 1624 1034 1611 1034 1610 1032 1610 1030 1610 1029 1610 955 1624 950 1624 948 1624 919 1608 917 1608 915 1608 914 1608 887 1622 885 1624 824 1624 822 1622 802 1604 802 1602 801 1602 799 1602 797 1602 795 1602 775 1611 759 1597 757 1597 756 1597 754 1597 752 1597 702 1613 666 1597 664 1597 662 1597 660 1597 659 1597 639 1610 563 1595 562 1595 560 1595 558 1595 531 1617 502 1593 501 1593 499 1593 447 1593 445 1593 443 1593 441 1593 413 1617 411 1617 378 1617 378 1662"/></Shape>
	    <String CONTENT="ب ديدم و آنچه سيد ناخن حمد را پينام بر تعلی ذکره السلام"
                    HPOS="377"
                    VPOS="1593"
                    WIDTH="957"
                    HEIGHT="115"
                    WC="0.90493664677654"></String>
          </TextLine>

          
          
          <TextLine ID="eSc_line_ae006177"
                    TAGREFS="LT4834"
                    BASELINE="373 1766 1330 1766" 
                    HPOS="373"
                    VPOS="1698"
                    WIDTH="957"
                    HEIGHT="97">
            <Shape><Polygon POINTS="373 1766 373 1780 393 1791 395 1791 396 1791 398 1791 441 1778 447 1777 447 1778 463 1791 463 1793 465 1793 466 1793 468 1795 502 1795 502 1793 504 1793 506 1793 528 1778 528 1777 529 1778 549 1793 551 1793 553 1793 554 1793 556 1793 558 1793 576 1778 578 1777 578 1778 603 1793 605 1793 607 1793 608 1793 678 1778 684 1777 689 1778 736 1793 738 1793 739 1793 741 1793 743 1793 765 1777 766 1777 792 1777 793 1777 808 1789 808 1791 810 1791 811 1791 813 1791 876 1782 894 1789 896 1789 898 1789 899 1789 901 1789 910 1780 928 1789 930 1789 932 1789 933 1789 935 1789 946 1780 980 1793 982 1793 984 1795 1066 1795 1066 1793 1068 1793 1070 1793 1090 1777 1124 1786 1126 1786 1127 1787 1127 1786 1129 1786 1163 1777 1181 1791 1183 1791 1185 1791 1187 1791 1330 1775 1330 1766 1327 1717 1298 1732 1221 1723 1219 1723 1217 1723 1196 1732 1178 1717 1176 1717 1174 1717 1172 1717 1171 1717 1151 1723 1140 1714 1124 1699 1124 1698 1122 1698 1120 1698 1086 1698 1084 1698 1083 1698 1081 1698 1059 1712 1030 1730 1007 1719 1005 1719 1003 1719 1002 1719 975 1733 917 1733 869 1714 867 1714 865 1714 863 1714 799 1732 756 1705 754 1705 752 1705 750 1705 748 1705 747 1705 678 1733 625 1733 567 1701 560 1698 558 1698 373 1698 373 1766"/></Shape>
	    <String CONTENT=" خدمت و بندگی فرستد و آزاد آمرزش خواهد ديگر"
                    HPOS="373"
                    VPOS="1698"
                    WIDTH="957"
                    HEIGHT="97"
                    WC="0.9160992105801901"></String>
          </TextLine>

          
          
          <TextLine ID="eSc_line_99e0478a"
                    TAGREFS="LT4834"
                    BASELINE="375 1857 1334 1865" 
                    HPOS="373"
                    VPOS="1802"
                    WIDTH="961"
                    HEIGHT="100">
            <Shape><Polygon POINTS="375 1857 373 1886 389 1897 391 1897 393 1897 395 1899 450 1899 450 1897 452 1897 454 1897 454 1895 468 1882 470 1882 474 1882 580 1897 581 1897 583 1897 612 1882 614 1882 616 1882 655 1899 657 1899 659 1899 660 1899 707 1884 810 1884 811 1884 853 1900 854 1900 856 1900 858 1900 914 1886 950 1900 951 1900 953 1900 955 1900 957 1900 975 1888 994 1899 996 1899 998 1899 1075 1893 1090 1902 1091 1902 1093 1902 1095 1902 1212 1899 1214 1899 1215 1899 1226 1890 1284 1902 1285 1902 1287 1902 1332 1886 1334 1865 1332 1825 1305 1825 1302 1823 1285 1811 1284 1811 1282 1811 1280 1811 1278 1811 1276 1811 1276 1812 1264 1821 1242 1807 1241 1807 1239 1807 1237 1807 1138 1820 1100 1825 1091 1820 1077 1807 1075 1807 1074 1807 1072 1807 1070 1807 1068 1807 1052 1818 1045 1823 1038 1818 1018 1805 1016 1805 1014 1805 975 1805 973 1805 971 1805 946 1816 928 1825 856 1825 833 1814 808 1803 806 1803 804 1803 750 1807 748 1807 747 1807 747 1809 741 1812 730 1821 684 1812 682 1812 639 1821 619 1809 607 1802 605 1802 603 1802 535 1802 533 1802 531 1802 519 1807 510 1812 499 1807 488 1802 486 1802 484 1802 483 1802 481 1802 475 1807 459 1820 375 1805 375 1857"/></Shape>
	    <String CONTENT="خداوند ب سين عبد الملک ببايد خواند تا اين حال معلوم شود"
                    HPOS="373"
                    VPOS="1802"
                    WIDTH="961"
                    HEIGHT="100"
                    WC="0.9001450045542283"></String>
          </TextLine>

          
        </TextBlock>
        
        <TextBlock HPOS="783"
                   VPOS="136"
                   WIDTH="141"
                   HEIGHT="91"
                   ID="eSc_textblock_9ceb3765"
                   TAGREFS="BT16059">
          <Shape><Polygon POINTS="818 136 903 143 924 172 910 220 811 227 783 172 818 136"/></Shape>
          
          
          <TextLine ID="eSc_line_274abd95"
                    TAGREFS="LT4834"
                    BASELINE="820 188 881 188" 
                    HPOS="820"
                    VPOS="154"
                    WIDTH="61"
                    HEIGHT="63">
            <Shape><Polygon POINTS="820 188 820 217 881 211 881 188 880 154 820 156 820 188"/></Shape>
	    <String CONTENT=""
                    HPOS="820"
                    VPOS="154"
                    WIDTH="61"
                    HEIGHT="63"></String>
          </TextLine>

          
        </TextBlock>
        
        <TextBlock HPOS="294"
                   VPOS="1199"
                   WIDTH="41"
                   HEIGHT="70"
                   ID="eSc_textblock_7769b63a"
                   TAGREFS="BT16062">
          <Shape><Polygon POINTS="308 1199 335 1220 335 1269 294 1261 308 1199"/></Shape>
          
          
          <TextLine ID="eSc_line_da14f144"
                    TAGREFS="LT4834"
                    BASELINE="296 1256 305 1256" 
                    HPOS="296"
                    VPOS="1238"
                    WIDTH="9"
                    HEIGHT="45">
            <Shape><Polygon POINTS="296 1251 296 1256 296 1283 305 1283 305 1256 305 1238 298 1238 296 1251"/></Shape>
	    <String CONTENT=""
                    HPOS="296"
                    VPOS="1238"
                    WIDTH="9"
                    HEIGHT="45"></String>
          </TextLine>

          
        </TextBlock>
        
        <TextBlock HPOS="783"
                   VPOS="1909"
                   WIDTH="120"
                   HEIGHT="78"
                   ID="eSc_textblock_ac732a84"
                   TAGREFS="BT16061">
          <Shape><Polygon POINTS="811 1909 896 1917 903 1987 797 1972 783 1931 811 1909"/></Shape>
          
          
          <TextLine ID="eSc_line_fce3621a"
                    TAGREFS="LT4834"
                    BASELINE="808 1958 892 1954" 
                    HPOS="804"
                    VPOS="1920"
                    WIDTH="88"
                    HEIGHT="49">
            <Shape><Polygon POINTS="808 1958 808 1969 892 1969 892 1954 887 1920 804 1922 808 1958"/></Shape>
	    <String CONTENT="وحو"
                    HPOS="804"
                    VPOS="1920"
                    WIDTH="88"
                    HEIGHT="49"
                    WC="0.9779353539148966"></String>
          </TextLine>

          
        </TextBlock>
        

        
      </PrintSpace>
    </Page>
  </Layout>
</alto>
