<?xml version="1.0" encoding="UTF-8"?>
<alto xmlns:xsi="http://www.w3.org/2001/XMLSchema-instance"
      xmlns="http://www.loc.gov/standards/alto/ns-v4#"
      xsi:schemaLocation="http://www.loc.gov/standards/alto/ns-v4# http://www.loc.gov/standards/alto/v4/alto-4-2.xsd">
  <Description>
    <MeasurementUnit>pixel</MeasurementUnit>
    <sourceImageInformation>
      <fileName>TwoIsmailiTreatises026.jpg</fileName>
      
    </sourceImageInformation>
  </Description>
  
  <Tags>
    <OtherTag ID="BT16074" LABEL="MarginTextZone:commentary" DESCRIPTION="block type MarginTextZone:commentary"/><OtherTag ID="BT16073" LABEL="MarginTextZone:note#1" DESCRIPTION="block type MarginTextZone:note#1"/><OtherTag ID="BT16072" LABEL="MainZone:column#2" DESCRIPTION="block type MainZone:column#2"/><OtherTag ID="BT16071" LABEL="MainZone:column#3" DESCRIPTION="block type MainZone:column#3"/><OtherTag ID="BT16070" LABEL="GraphicZone:illustration" DESCRIPTION="block type GraphicZone:illustration"/><OtherTag ID="BT16069" LABEL="MainZone:column#1" DESCRIPTION="block type MainZone:column#1"/><OtherTag ID="BT16068" LABEL="MarginTextZone:note#2" DESCRIPTION="block type MarginTextZone:note#2"/><OtherTag ID="BT16067" LABEL="CustomZone:publication" DESCRIPTION="block type CustomZone:publication"/><OtherTag ID="BT16066" LABEL="RunningTitleZone" DESCRIPTION="block type RunningTitleZone"/><OtherTag ID="BT16065" LABEL="NumberingZone" DESCRIPTION="block type NumberingZone"/><OtherTag ID="BT16064" LABEL="default" DESCRIPTION="block type default"/><OtherTag ID="BT16063" LABEL="TitlePageZone" DESCRIPTION="block type TitlePageZone"/><OtherTag ID="BT16062" LABEL="NumberingZone:other" DESCRIPTION="block type NumberingZone:other"/><OtherTag ID="BT16061" LABEL="QuireMarksZone:catchwords" DESCRIPTION="block type QuireMarksZone:catchwords"/><OtherTag ID="BT16060" LABEL="MainZone" DESCRIPTION="block type MainZone"/><OtherTag ID="BT16059" LABEL="NumberingZone:page" DESCRIPTION="block type NumberingZone:page"/><OtherTag ID="BT16058" LABEL="MarginTextZone:note" DESCRIPTION="block type MarginTextZone:note"/><OtherTag ID="BT16057" LABEL="DigitizationArtefactZone" DESCRIPTION="block type DigitizationArtefactZone"/><OtherTag ID="BT4" LABEL="Illustration" DESCRIPTION="block type Illustration"/><OtherTag ID="BT3" LABEL="Commentary" DESCRIPTION="block type Commentary"/><OtherTag ID="BT2" LABEL="Main" DESCRIPTION="block type Main"/><OtherTag ID="BT1" LABEL="Title" DESCRIPTION="block type Title"/>
    <OtherTag ID="LT4834" LABEL="DefaultLine" DESCRIPTION="line type DefaultLine"/><OtherTag ID="LT4835" LABEL="HeadingLine:title" DESCRIPTION="line type HeadingLine:title"/>
  </Tags>
  
  <Layout>
    <Page WIDTH="1576"
          HEIGHT="2334"
          PHYSICAL_IMG_NR="22"
          ID="eSc_dummypage_">
      <PrintSpace HPOS="0"
                  VPOS="0"
                  WIDTH="1576"
                  HEIGHT="2334">
        
        <TextBlock HPOS="365"
                   VPOS="264"
                   WIDTH="1125"
                   HEIGHT="1601"
                   ID="eSc_textblock_5782854b"
                   TAGREFS="BT16060">
          <Shape><Polygon POINTS="994 264 1467 287 1490 739 1467 1841 1420 1865 381 1841 365 637 396 326 622 280 994 264"/></Shape>
          
          
          <TextLine ID="eSc_line_b8827994"
                    TAGREFS="LT4834"
                    BASELINE="871 344 1443 350" 
                    HPOS="869"
                    VPOS="285"
                    WIDTH="574"
                    HEIGHT="98">
            <Shape><Polygon POINTS="871 344 869 375 1120 365 1132 373 1144 381 1146 381 1147 381 1149 383 1216 383 1216 381 1217 381 1219 381 1219 379 1229 371 1229 369 1231 371 1254 381 1256 381 1258 381 1260 381 1295 369 1299 367 1305 369 1340 383 1342 383 1344 383 1346 383 1348 383 1365 367 1367 367 1412 377 1414 377 1416 377 1441 365 1443 350 1443 317 1387 289 1385 289 1383 289 1381 289 1379 289 1379 291 1360 309 1328 291 1326 291 1325 291 1323 291 1321 291 1295 313 1266 315 1254 315 1245 315 1062 285 1060 285 1058 285 984 311 984 313 951 313 951 311 935 297 935 295 933 295 931 295 930 295 871 309 871 344"/></Shape>
	    <String CONTENT="واين ستری ست که همايد"
                    HPOS="869"
                    VPOS="285"
                    WIDTH="574"
                    HEIGHT="98"
                    WC="0.9432118875639779"></String>
          </TextLine>

          
          
          <TextLine ID="eSc_line_770c848c"
                    TAGREFS="LT4834"
                    BASELINE="393 447 1288 459" 
                    HPOS="391"
                    VPOS="373"
                    WIDTH="897"
                    HEIGHT="115">
            <Shape><Polygon POINTS="393 447 391 460 426 478 428 478 429 480 474 480 474 478 476 478 507 462 542 478 544 478 546 478 548 478 595 464 618 480 620 480 622 480 624 480 679 468 696 482 698 482 700 482 702 484 784 484 784 482 786 482 788 482 788 480 801 466 838 466 867 482 869 482 871 482 1097 470 1227 488 1229 488 1231 488 1286 470 1288 459 1286 422 1237 422 1235 420 1223 408 1223 406 1221 406 1219 406 1217 406 1159 414 1118 381 1116 381 1114 381 1056 381 1054 381 1052 381 1050 381 1050 383 1019 410 1011 418 924 406 916 406 883 379 881 379 879 379 877 379 875 379 873 379 832 402 819 412 782 414 743 404 741 404 739 404 737 404 706 414 694 402 692 402 690 402 688 402 624 412 585 392 544 373 542 373 540 373 393 385 393 447"/></Shape>
	    <String CONTENT="و ولادت پاک خداوند حسن نقدس اسماه بحکم"
                    HPOS="391"
                    VPOS="373"
                    WIDTH="897"
                    HEIGHT="115"
                    WC="0.9289154520160273"></String>
          </TextLine>

          
          
          <TextLine ID="eSc_line_af4a98a5"
                    TAGREFS="LT4834"
                    BASELINE="385 556 1439 564" 
                    HPOS="383"
                    VPOS="497"
                    WIDTH="1056"
                    HEIGHT="100">
            <Shape><Polygon POINTS="385 556 383 571 406 583 408 583 410 583 453 577 474 591 476 591 478 591 480 591 546 581 579 591 581 591 583 591 585 591 587 591 587 589 605 573 630 591 632 591 634 591 636 591 638 591 667 577 762 585 764 585 832 575 910 595 912 595 914 597 967 597 967 595 968 595 970 595 992 577 1021 593 1023 593 1025 593 1027 593 1029 593 1029 591 1044 577 1064 587 1066 587 1068 587 1118 579 1136 591 1138 591 1140 591 1142 591 1144 591 1161 581 1184 597 1186 597 1188 597 1190 597 1192 597 1223 579 1239 589 1241 589 1243 589 1245 589 1301 579 1317 591 1319 591 1321 591 1323 591 1437 577 1439 564 1437 523 1258 527 1249 521 1237 509 1235 509 1233 509 1231 509 1229 509 1206 519 1194 525 1151 519 1087 511 1085 511 1083 511 1054 519 1031 525 1023 519 1013 509 1013 507 1011 507 1009 507 965 501 963 501 961 501 959 501 959 503 941 517 937 523 854 523 842 517 834 511 832 511 830 511 828 511 826 511 805 517 793 519 789 517 774 503 772 503 770 503 768 503 766 503 723 515 698 523 682 515 649 497 647 497 431 497 429 497 428 497 385 511 385 556"/></Shape>
	    <String CONTENT="بعد از چندين وفت و سال بوده است و در آن ل تازی"
                    HPOS="383"
                    VPOS="497"
                    WIDTH="1056"
                    HEIGHT="100"
                    WC="0.8892345263602885"></String>
          </TextLine>

          
          
          <TextLine ID="eSc_line_17a5f61f"
                    TAGREFS="LT4834"
                    BASELINE="371 659 1441 665" 
                    HPOS="369"
                    VPOS="597"
                    WIDTH="1072"
                    HEIGHT="103">
            <Shape><Polygon POINTS="371 659 369 682 597 676 620 686 644 696 645 696 647 698 729 698 729 696 731 696 733 696 749 686 752 684 768 686 811 692 813 692 815 692 838 686 867 678 889 686 914 696 916 696 1042 698 1044 698 1046 698 1048 698 1048 696 1060 686 1064 682 1153 680 1161 686 1173 698 1173 700 1175 700 1177 700 1179 700 1229 696 1231 696 1233 696 1233 694 1243 686 1249 680 1268 686 1297 696 1299 696 1301 696 1439 686 1441 665 1435 601 1402 628 1334 616 1332 616 1330 616 1286 628 1262 604 1258 602 1258 601 1256 601 1254 601 1253 601 1212 602 1210 602 1208 602 1204 606 1177 626 1151 606 1146 602 1144 602 1142 602 1140 602 1138 602 1136 602 1136 604 1132 608 1110 628 1064 616 1062 616 1060 616 902 626 889 614 889 612 887 612 885 612 883 612 881 612 879 612 844 626 832 614 819 601 819 599 817 599 815 599 774 599 772 599 770 599 768 599 749 616 737 624 725 616 702 597 700 597 698 597 669 597 667 597 665 597 663 597 663 599 644 618 636 626 591 626 585 618 564 599 564 597 562 597 560 597 513 597 511 597 509 597 507 597 507 599 496 608 484 599 484 597 482 597 480 597 418 597 416 597 414 597 412 597 412 599 387 622 385 624 371 624 371 659"/></Shape>
	    <String CONTENT="که خداوند ذکره السلام فرموده است که آنی وسعت عالم"
                    HPOS="369"
                    VPOS="597"
                    WIDTH="1072"
                    HEIGHT="103"
                    WC="0.8865015733242035"></String>
          </TextLine>

          
          
          <TextLine ID="eSc_line_a4047990"
                    TAGREFS="LT4834"
                    BASELINE="400 766 1439 774" 
                    HPOS="398"
                    VPOS="698"
                    WIDTH="1041"
                    HEIGHT="111">
            <Shape><Polygon POINTS="400 766 398 781 429 799 431 799 433 799 435 799 437 799 453 785 472 801 474 801 476 801 478 803 587 803 587 801 589 801 626 783 647 801 649 801 651 801 653 801 702 793 786 803 788 803 789 803 791 803 815 785 869 785 918 805 920 805 922 805 1058 787 1087 801 1089 801 1091 801 1155 789 1194 801 1196 801 1198 801 1200 801 1202 801 1202 799 1210 793 1225 807 1227 807 1229 807 1231 809 1288 809 1288 807 1289 807 1328 789 1358 807 1360 807 1361 807 1363 807 1365 807 1367 807 1398 789 1437 789 1439 774 1439 727 1391 711 1389 711 1387 711 1385 711 1360 725 1348 731 1336 723 1321 713 1319 713 1317 713 1315 713 1313 713 1311 713 1311 715 1303 723 1291 735 1262 735 1219 719 1173 704 1171 704 1169 704 1167 704 1134 717 1097 735 986 735 961 713 961 711 959 711 957 711 955 711 953 711 949 713 933 717 928 711 920 704 920 702 918 702 916 702 879 702 877 702 875 702 873 702 861 709 838 727 752 731 721 707 719 707 717 707 716 707 714 707 649 729 607 704 605 704 603 704 601 704 498 723 474 702 474 700 472 700 470 700 400 698 400 766"/></Shape>
	    <String CONTENT="الزمان والمکان شر حال خويشتن جزوی به فرمايد بعد از آن"
                    HPOS="398"
                    VPOS="698"
                    WIDTH="1041"
                    HEIGHT="111"
                    WC="0.9105924058843542"></String>
          </TextLine>

          
          
          <TextLine ID="eSc_line_340c3594"
                    TAGREFS="LT4834"
                    BASELINE="387 869 1435 875" 
                    HPOS="385"
                    VPOS="813"
                    WIDTH="1050"
                    HEIGHT="91">
            <Shape><Polygon POINTS="387 869 385 881 490 900 492 902 612 902 612 900 614 900 616 900 638 884 706 884 727 898 729 898 731 898 733 898 807 890 832 900 834 900 836 900 838 900 840 900 850 890 879 902 881 902 883 902 1000 886 1054 902 1056 902 1058 902 1060 902 1062 902 1085 886 1200 904 1202 904 1365 888 1398 900 1400 900 1402 900 1404 900 1433 886 1435 875 1433 838 1398 838 1396 836 1381 822 1381 820 1379 820 1377 820 1375 820 1373 820 1371 820 1371 822 1356 836 1356 838 1326 838 1325 836 1291 816 1289 816 1288 816 1286 816 1284 816 1282 816 1282 818 1262 836 1260 840 1204 840 1200 836 1173 816 1171 816 1169 816 1132 816 1130 816 1128 816 1056 836 1052 836 1046 836 988 826 986 826 984 826 982 826 968 836 965 836 879 836 877 836 861 822 861 820 859 820 858 820 856 820 789 834 784 836 782 834 762 818 762 816 760 816 758 816 756 816 754 816 752 816 752 818 735 834 700 813 698 813 696 813 694 813 692 813 620 834 618 836 591 836 589 834 562 813 560 813 558 813 453 813 451 813 449 813 387 832 387 869"/></Shape>
	    <String CONTENT="خداوند محمد نقدس اسمايه بعد از خداوند حسن جل شانه و"
                    HPOS="385"
                    VPOS="813"
                    WIDTH="1050"
                    HEIGHT="91"
                    WC="0.9262283444404602"></String>
          </TextLine>

          
          
          <TextLine ID="eSc_line_399acc89"
                    TAGREFS="LT4834"
                    BASELINE="381 972 1432 986" 
                    HPOS="379"
                    VPOS="912"
                    WIDTH="1053"
                    HEIGHT="111">
            <Shape><Polygon POINTS="381 972 379 984 476 1011 478 1011 480 1011 482 1011 525 990 531 988 552 991 608 999 610 999 647 993 679 990 690 995 729 1015 731 1015 900 1017 902 1017 904 1017 906 1017 924 1003 935 993 970 993 980 1005 982 1005 982 1007 984 1007 986 1007 988 1007 990 1007 992 1005 1011 995 1021 1005 1023 1005 1025 1005 1027 1005 1029 1005 1031 1005 1046 995 1093 999 1110 1011 1126 1021 1128 1021 1130 1021 1132 1023 1163 1023 1163 1021 1165 1021 1167 1021 1167 1019 1175 1013 1190 997 1225 997 1247 1015 1253 1021 1254 1021 1256 1021 1258 1023 1282 1023 1282 1021 1284 1021 1286 1021 1286 1019 1289 1017 1305 1001 1334 1019 1340 1023 1342 1023 1344 1023 1346 1023 1348 1023 1350 1023 1356 1019 1383 1003 1426 1021 1432 986 1432 945 1416 937 1414 937 1412 937 1410 937 1358 947 1354 947 1352 947 1282 921 1280 921 1278 921 1276 921 1221 943 1221 945 1159 945 1093 945 1087 939 1060 921 1058 921 1056 921 1054 921 1052 921 1023 939 1015 943 1009 937 984 918 982 918 980 918 978 918 976 918 937 933 920 918 918 918 916 918 848 918 846 918 844 918 842 918 823 933 821 935 817 933 799 925 797 925 795 925 793 925 778 931 762 939 749 931 727 918 725 918 723 918 721 918 719 918 690 929 671 939 620 939 608 927 595 916 595 914 593 914 591 914 589 914 587 914 585 914 572 925 558 939 542 939 531 925 519 914 519 912 517 912 515 912 513 912 511 912 509 912 492 923 482 931 459 923 457 923 455 923 453 923 418 935 404 921 398 918 398 916 396 916 394 916 393 916 391 916 381 919 381 972"/></Shape>
	    <String CONTENT="به آخر حال شرح خداويد حسن کير من الابشدا الی الامها"
                    HPOS="379"
                    VPOS="912"
                    WIDTH="1053"
                    HEIGHT="111"
                    WC="0.8771325859885949"></String>
          </TextLine>

          
          
          <TextLine ID="eSc_line_bdc3d67c"
                    TAGREFS="LT4834"
                    BASELINE="389 1077 1428 1089" 
                    HPOS="387"
                    VPOS="1013"
                    WIDTH="1041"
                    HEIGHT="109">
            <Shape><Polygon POINTS="389 1077 387 1096 398 1108 398 1110 400 1110 402 1110 404 1112 465 1112 465 1110 466 1110 468 1110 494 1091 494 1089 535 1089 537 1091 562 1112 564 1112 566 1112 568 1112 836 1093 846 1093 852 1093 893 1098 908 1114 908 1116 910 1116 912 1116 914 1116 916 1116 970 1095 978 1095 1000 1095 1021 1112 1023 1112 1025 1112 1027 1112 1029 1112 1077 1096 1136 1108 1138 1108 1223 1096 1288 1120 1289 1120 1291 1122 1363 1122 1363 1120 1365 1120 1426 1096 1428 1089 1426 1048 1360 1052 1350 1044 1326 1025 1326 1023 1325 1023 1323 1023 1280 1023 1278 1023 1276 1023 1233 1040 1212 1050 1196 1040 1179 1026 1177 1026 1175 1026 1173 1026 1171 1026 1169 1026 1169 1028 1157 1038 1153 1044 1140 1038 1124 1030 1122 1030 1120 1030 1095 1036 1046 1048 1031 1034 1017 1021 1017 1019 1015 1019 1013 1019 1011 1019 1009 1019 1007 1019 988 1032 978 1038 963 1030 955 1028 953 1028 951 1028 949 1028 947 1028 945 1030 928 1042 900 1028 898 1028 896 1028 895 1028 893 1028 891 1028 848 1046 749 1046 616 1026 614 1026 612 1026 575 1044 552 1017 548 1015 548 1013 546 1013 544 1013 389 1013 389 1077"/></Shape>
	    <String CONTENT="مفر مايد كه ابتداو آتتها بسوى اوست در اين باب فکری"
                    HPOS="387"
                    VPOS="1013"
                    WIDTH="1041"
                    HEIGHT="109"
                    WC="0.9091533112759683"></String>
          </TextLine>

          
          
          <TextLine ID="eSc_line_3fca916f"
                    TAGREFS="LT4834"
                    BASELINE="391 1176 1432 1190" 
                    HPOS="389"
                    VPOS="1114"
                    WIDTH="1043"
                    HEIGHT="111">
            <Shape><Polygon POINTS="391 1176 389 1190 478 1192 498 1211 498 1213 500 1213 501 1213 503 1213 593 1196 638 1215 640 1215 642 1215 644 1215 684 1196 717 1215 719 1215 721 1215 723 1215 725 1215 784 1198 840 1219 842 1219 984 1221 986 1221 1072 1202 1181 1207 1198 1223 1200 1223 1202 1223 1204 1223 1342 1205 1383 1225 1385 1225 1387 1225 1389 1225 1430 1203 1432 1190 1428 1126 1379 1149 1346 1141 1344 1141 1342 1141 1340 1141 1289 1153 1192 1153 1171 1130 1165 1126 1165 1124 1163 1124 1161 1124 1136 1122 1085 1122 1083 1122 1081 1122 1079 1122 1068 1131 1038 1151 992 1151 984 1139 982 1139 982 1137 980 1137 978 1137 976 1137 912 1147 881 1133 842 1118 840 1118 786 1118 784 1118 782 1118 780 1118 758 1135 751 1141 743 1135 731 1126 729 1126 727 1126 725 1126 723 1126 721 1126 708 1137 694 1145 653 1145 645 1137 626 1120 624 1120 622 1120 620 1120 572 1126 544 1114 542 1114 540 1114 420 1120 418 1120 416 1120 391 1135 391 1176"/></Shape>
	    <String CONTENT="كرد حضرت ما تقدس میفرمايد که آخرسيد ناخلق را بوی"
                    HPOS="389"
                    VPOS="1114"
                    WIDTH="1043"
                    HEIGHT="111"
                    WC="0.9079294557474098"></String>
          </TextLine>

          
          
          <TextLine ID="eSc_line_e180170c"
                    TAGREFS="LT4834"
                    BASELINE="389 1283 1430 1295" 
                    HPOS="387"
                    VPOS="1225"
                    WIDTH="1043"
                    HEIGHT="97">
            <Shape><Polygon POINTS="389 1283 387 1293 439 1310 441 1310 443 1310 445 1310 496 1297 554 1308 556 1308 634 1299 649 1310 649 1312 651 1312 653 1312 655 1312 727 1299 737 1310 739 1310 739 1312 741 1312 743 1312 780 1314 930 1316 931 1316 933 1316 935 1316 935 1314 951 1303 1002 1312 1003 1312 1005 1312 1027 1303 1062 1314 1064 1314 1066 1314 1142 1305 1188 1318 1190 1318 1192 1318 1237 1308 1251 1320 1253 1320 1254 1320 1256 1322 1325 1322 1325 1320 1326 1320 1328 1320 1346 1308 1391 1318 1393 1318 1395 1318 1428 1305 1430 1295 1424 1233 1383 1260 1346 1240 1344 1240 1342 1240 1340 1240 1338 1240 1309 1260 1266 1235 1256 1231 1254 1231 1253 1231 1251 1231 1233 1237 1167 1258 1124 1242 1122 1242 1120 1242 1118 1242 1116 1242 1093 1258 935 1254 924 1242 924 1240 922 1240 920 1240 918 1240 916 1240 914 1240 895 1250 887 1240 879 1235 879 1233 877 1233 875 1233 873 1233 823 1242 811 1244 801 1242 737 1225 735 1225 680 1225 679 1225 677 1225 675 1225 653 1244 649 1248 644 1244 622 1225 620 1225 618 1225 616 1225 558 1235 546 1227 544 1227 542 1227 540 1227 538 1227 501 1246 484 1233 482 1233 480 1233 478 1233 476 1233 474 1233 453 1248 449 1250 389 1250 389 1283"/></Shape>
	    <String CONTENT="که دعوت کرده است نه آجر به سوی مولاناذکره السلام دعوت"
                    HPOS="387"
                    VPOS="1225"
                    WIDTH="1043"
                    HEIGHT="97"
                    WC="0.9121808884320436"></String>
          </TextLine>

          
          
          <TextLine ID="eSc_line_5be83d76"
                    TAGREFS="LT4834"
                    BASELINE="396 1396 1432 1404" 
                    HPOS="394"
                    VPOS="1326"
                    WIDTH="1038"
                    HEIGHT="103">
            <Shape><Polygon POINTS="396 1396 394 1408 428 1423 429 1423 431 1423 433 1423 470 1410 505 1423 507 1423 509 1423 511 1423 558 1410 579 1423 581 1423 583 1423 585 1423 679 1414 712 1425 714 1425 716 1425 815 1412 914 1427 916 1427 965 1417 1023 1427 1025 1427 1027 1427 1029 1427 1050 1415 1126 1415 1171 1427 1173 1427 1175 1427 1177 1427 1179 1427 1194 1415 1231 1425 1233 1425 1235 1425 1321 1415 1400 1429 1402 1429 1404 1429 1430 1414 1432 1404 1426 1336 1396 1363 1358 1363 1330 1345 1328 1345 1326 1345 1325 1345 1323 1345 1321 1345 1295 1361 1260 1347 1258 1347 1256 1347 1254 1347 1227 1363 1177 1363 1136 1338 1134 1338 1132 1338 1130 1338 1128 1338 1062 1361 970 1361 953 1343 953 1342 951 1342 949 1342 947 1342 945 1342 943 1342 926 1353 902 1332 902 1330 900 1330 898 1330 801 1330 764 1330 762 1330 760 1330 710 1357 673 1347 671 1347 669 1347 667 1347 665 1347 653 1357 589 1355 556 1328 554 1328 552 1328 517 1328 515 1328 513 1328 511 1328 476 1351 453 1330 453 1328 451 1328 449 1328 396 1326 396 1396"/></Shape>
	    <String CONTENT="کرده است مولانا از آن ردی بود که گفته کلشی هلک اا"
                    HPOS="394"
                    VPOS="1326"
                    WIDTH="1038"
                    HEIGHT="103"
                    WC="0.85876966714859"></String>
          </TextLine>

          
          
          <TextLine ID="eSc_line_ced186e5"
                    TAGREFS="LT4834"
                    BASELINE="387 1499 1428 1507" 
                    HPOS="385"
                    VPOS="1437"
                    WIDTH="1043"
                    HEIGHT="95">
            <Shape><Polygon POINTS="387 1499 385 1517 396 1526 398 1526 400 1526 402 1526 587 1515 644 1513 661 1517 706 1528 708 1528 710 1528 712 1528 743 1519 751 1517 762 1519 819 1528 821 1528 823 1528 850 1520 863 1517 879 1520 904 1526 906 1526 908 1526 910 1526 931 1520 941 1519 945 1520 953 1528 953 1530 955 1530 957 1530 959 1530 961 1530 984 1522 1002 1517 1062 1522 1095 1526 1097 1526 1110 1524 1146 1517 1163 1524 1179 1532 1181 1532 1182 1532 1184 1532 1202 1526 1223 1519 1424 1528 1428 1507 1428 1468 1311 1468 1309 1466 1297 1456 1295 1456 1293 1456 1291 1456 1289 1456 1256 1464 1249 1466 1243 1464 1223 1454 1221 1454 1219 1454 1217 1454 1194 1464 1186 1466 1173 1462 1147 1456 1146 1456 1144 1456 1077 1462 1042 1464 1037 1460 1015 1443 1013 1443 1011 1443 1009 1443 965 1452 908 1439 906 1439 904 1439 902 1439 879 1452 854 1439 852 1439 850 1439 848 1439 846 1439 819 1458 811 1462 799 1456 788 1452 786 1452 784 1452 756 1456 721 1462 714 1456 704 1447 704 1445 702 1445 700 1445 698 1445 696 1445 694 1445 680 1454 679 1456 679 1454 651 1437 649 1437 647 1437 645 1437 566 1452 558 1454 550 1452 498 1437 496 1437 494 1437 492 1437 463 1447 414 1437 412 1437 410 1437 387 1449 387 1499"/></Shape>
	    <String CONTENT="وجهه آن دست خدای بود که فرموده يدالله فوق آيدي"
                    HPOS="385"
                    VPOS="1437"
                    WIDTH="1043"
                    HEIGHT="95"
                    WC="0.9133568927645683"></String>
          </TextLine>

          
          
          <TextLine ID="eSc_line_ed3df05c"
                    TAGREFS="LT4834"
                    BASELINE="379 1602 1422 1606" 
                    HPOS="377"
                    VPOS="1532"
                    WIDTH="1045"
                    HEIGHT="111">
            <Shape><Polygon POINTS="379 1602 377 1626 418 1639 420 1639 422 1639 424 1639 426 1639 445 1624 455 1618 490 1618 500 1624 521 1639 523 1639 525 1639 527 1641 554 1641 554 1639 556 1639 558 1639 583 1624 591 1618 608 1624 632 1629 634 1629 636 1629 638 1629 651 1624 661 1618 712 1618 717 1622 735 1635 737 1635 739 1635 741 1635 786 1626 795 1633 795 1635 797 1635 799 1635 908 1641 910 1641 912 1641 914 1641 941 1622 943 1620 949 1622 1000 1635 1002 1635 1003 1635 1064 1620 1068 1620 1070 1620 1089 1639 1089 1641 1091 1641 1093 1641 1095 1643 1130 1643 1130 1641 1132 1641 1134 1641 1134 1639 1153 1622 1334 1641 1336 1641 1338 1641 1340 1641 1375 1620 1377 1620 1420 1620 1422 1606 1418 1557 1256 1567 1223 1557 1196 1548 1194 1548 1192 1548 1190 1548 1165 1557 1134 1567 1085 1557 1083 1557 1081 1557 1079 1557 1048 1567 1038 1557 1029 1550 1029 1548 1027 1548 1025 1548 1023 1548 1021 1548 1019 1548 1019 1550 1009 1557 1005 1561 1000 1557 957 1534 955 1534 902 1534 900 1534 898 1534 859 1556 807 1532 805 1532 803 1532 743 1542 696 1532 694 1532 692 1532 690 1532 690 1534 665 1557 659 1563 647 1557 644 1554 642 1554 640 1554 638 1554 612 1557 568 1565 554 1557 513 1532 511 1532 509 1532 422 1532 420 1532 418 1532 416 1532 379 1554 379 1602"/></Shape>
	    <String CONTENT="منم و دست من است و ديگر جای فرموده که جنب الله فطر"
                    HPOS="377"
                    VPOS="1532"
                    WIDTH="1045"
                    HEIGHT="111"
                    WC="0.9037222027778625"></String>
          </TextLine>

          
          
          <TextLine ID="eSc_line_e94d0742"
                    TAGREFS="LT4834"
                    BASELINE="385 1697 1426 1713" 
                    HPOS="383"
                    VPOS="1633"
                    WIDTH="1043"
                    HEIGHT="105">
            <Shape><Polygon POINTS="385 1697 383 1711 404 1725 406 1725 408 1725 410 1725 412 1725 463 1713 573 1725 575 1725 632 1713 727 1729 729 1729 731 1729 774 1715 828 1727 830 1727 891 1721 898 1731 900 1731 900 1732 902 1732 904 1732 906 1732 1163 1721 1210 1736 1212 1736 1325 1738 1326 1738 1328 1738 1360 1725 1424 1725 1426 1713 1426 1674 1360 1651 1358 1651 1356 1651 1354 1651 1309 1666 1270 1655 1268 1655 1266 1655 1264 1655 1262 1655 1245 1670 1212 1657 1210 1657 1208 1657 1206 1657 1173 1670 1171 1670 1068 1670 1066 1668 1005 1639 1003 1639 1002 1639 881 1664 854 1643 852 1643 850 1643 848 1643 846 1643 828 1649 778 1635 776 1635 638 1633 636 1633 634 1633 581 1661 579 1662 517 1662 515 1661 445 1633 443 1633 441 1633 439 1633 385 1657 385 1697"/></Shape>
	    <String CONTENT="و هلوی مناست و در جمله آن روز بتازی گفته است و در اين"
                    HPOS="383"
                    VPOS="1633"
                    WIDTH="1043"
                    HEIGHT="105"
                    WC="0.9168446649003912"></String>
          </TextLine>

          
          
          <TextLine ID="eSc_line_0ed27713"
                    TAGREFS="LT4834"
                    BASELINE="385 1808 1241 1818 1418 1806" 
                    HPOS="383"
                    VPOS="1736"
                    WIDTH="1035"
                    HEIGHT="113">
            <Shape><Polygon POINTS="385 1808 383 1820 422 1838 424 1838 426 1838 428 1838 463 1820 505 1820 531 1841 533 1841 535 1841 537 1841 618 1822 702 1843 704 1843 706 1845 739 1845 739 1843 741 1843 743 1843 743 1841 762 1824 830 1824 871 1841 873 1841 875 1841 1040 1826 1181 1847 1182 1847 1258 1834 1274 1845 1274 1847 1276 1847 1278 1847 1280 1849 1356 1849 1356 1847 1358 1847 1360 1847 1360 1845 1379 1828 1416 1828 1418 1806 1410 1760 1377 1769 1344 1760 1342 1760 1340 1760 1338 1760 1307 1773 1188 1773 1151 1760 1149 1760 1147 1760 1031 1769 1015 1756 1000 1744 1000 1742 998 1742 996 1742 959 1742 957 1742 955 1742 953 1742 931 1756 914 1768 889 1756 854 1740 852 1740 850 1740 848 1740 815 1756 803 1762 797 1756 782 1742 782 1740 780 1740 778 1740 739 1740 737 1740 675 1754 628 1766 614 1754 607 1748 605 1748 603 1748 601 1748 550 1754 544 1754 540 1754 466 1736 402 1736 400 1736 398 1736 396 1736 396 1738 385 1748 385 1808"/></Shape>
	    <String CONTENT="فصل به فارسی فرموده است که دجود خلقی چون دعوی خدانی کند"
                    HPOS="383"
                    VPOS="1736"
                    WIDTH="1035"
                    HEIGHT="113"
                    WC="0.9202840274030512"></String>
          </TextLine>

          
        </TextBlock>
        
        <TextBlock HPOS="815"
                   VPOS="163"
                   WIDTH="153"
                   HEIGHT="91"
                   ID="eSc_textblock_515749f5"
                   TAGREFS="BT16059">
          <Shape><Polygon POINTS="861 163 968 171 968 239 830 254 815 194 861 163"/></Shape>
          
          
          <TextLine ID="eSc_line_52c4b9f3"
                    TAGREFS="LT4834"
                    BASELINE="854 223 931 217" 
                    HPOS="848"
                    VPOS="171"
                    WIDTH="83"
                    HEIGHT="81">
            <Shape><Polygon POINTS="854 223 854 245 904 252 906 252 908 252 931 239 931 217 926 175 879 171 877 171 875 171 873 171 848 184 854 223"/></Shape>
	    <String CONTENT=""
                    HPOS="848"
                    VPOS="171"
                    WIDTH="83"
                    HEIGHT="81"></String>
          </TextLine>

          
        </TextBlock>
        
        <TextBlock HPOS="358"
                   VPOS="1859"
                   WIDTH="1124"
                   HEIGHT="200"
                   ID="eSc_textblock_bf733ae4"
                   TAGREFS="BT16058">
          <Shape><Polygon POINTS="373 1859 1443 1867 1482 1882 1482 1943 1443 1968 1459 2020 1389 2051 854 2059 797 2028 396 2005 358 1935 373 1859"/></Shape>
          
          
          <TextLine ID="eSc_line_287ccbba"
                    TAGREFS="LT4834"
                    BASELINE="394 1913 1422 1925" 
                    HPOS="393"
                    VPOS="1861"
                    WIDTH="1029"
                    HEIGHT="97">
            <Shape><Polygon POINTS="394 1913 393 1931 428 1943 429 1943 431 1943 433 1943 459 1931 461 1931 538 1931 542 1933 568 1950 570 1950 572 1950 573 1950 657 1935 671 1933 764 1933 770 1937 795 1952 797 1952 799 1952 801 1952 803 1952 844 1939 850 1937 856 1939 906 1954 908 1954 910 1954 912 1954 965 1941 968 1941 974 1941 1066 1954 1068 1954 1070 1954 1072 1954 1072 1952 1083 1943 1089 1939 1128 1945 1167 1948 1169 1948 1171 1948 1181 1945 1198 1939 1227 1946 1276 1958 1278 1958 1280 1958 1420 1948 1422 1925 1422 1884 1410 1873 1410 1871 1408 1871 1406 1871 1404 1871 1289 1882 1253 1886 1229 1882 1175 1869 1173 1869 1116 1878 1087 1884 1062 1878 1035 1871 1033 1871 1031 1871 1000 1876 970 1882 935 1874 885 1865 883 1865 824 1873 772 1880 716 1871 669 1863 612 1863 610 1863 608 1863 607 1863 599 1869 587 1876 562 1867 554 1865 552 1865 550 1865 533 1867 478 1876 465 1865 459 1861 457 1861 455 1861 453 1861 451 1861 439 1865 424 1871 394 1865 394 1913"/></Shape>
	    <String CONTENT="بدآئه ا أزسورة القصص لا الا لا ه أيهاسوره الفح"
                    HPOS="393"
                    VPOS="1861"
                    WIDTH="1029"
                    HEIGHT="97"
                    WC="0.6913685226440429"></String>
          </TextLine>

          
          
          <TextLine ID="eSc_line_55ba214b"
                    TAGREFS="LT4834"
                    BASELINE="867 2030 1422 2026" 
                    HPOS="865"
                    VPOS="1970"
                    WIDTH="557"
                    HEIGHT="95">
            <Shape><Polygon POINTS="867 2030 867 2057 992 2046 1011 2057 1019 2063 1021 2063 1023 2063 1089 2065 1091 2065 1093 2065 1118 2057 1163 2044 1254 2057 1301 2063 1303 2063 1420 2055 1422 2026 1416 1974 1262 1981 1235 1978 1194 1970 1192 1970 1190 1970 1169 1980 1161 1981 1157 1980 1146 1970 1144 1970 1142 1970 1140 1970 922 1983 887 1972 885 1972 883 1972 881 1972 879 1972 865 1980 867 2030"/></Shape>
	    <String CONTENT="إزائه لاه ازسوره الزمر الا ال "
                    HPOS="865"
                    VPOS="1970"
                    WIDTH="557"
                    HEIGHT="95"
                    WC="0.8101867781952024"></String>
          </TextLine>

          
        </TextBlock>
        
        <TextBlock HPOS="854"
                   VPOS="2077"
                   WIDTH="138"
                   HEIGHT="107"
                   ID="eSc_textblock_d7b05d49"
                   TAGREFS="BT16061">
          <Shape><Polygon POINTS="908 2077 968 2092 992 2160 953 2184 854 2168 861 2092 908 2077"/></Shape>
          
          
          <TextLine ID="eSc_line_f4eadb17"
                    TAGREFS="LT4834"
                    BASELINE="881 2147 947 2141" 
                    HPOS="877"
                    VPOS="2090"
                    WIDTH="70"
                    HEIGHT="80">
            <Shape><Polygon POINTS="881 2147 883 2170 947 2153 947 2141 937 2090 877 2114 881 2147"/></Shape>
	    <String CONTENT=""
                    HPOS="877"
                    VPOS="2090"
                    WIDTH="70"
                    HEIGHT="80"></String>
          </TextLine>

          
        </TextBlock>
        
        <TextBlock HPOS="287"
                   VPOS="988"
                   WIDTH="69"
                   HEIGHT="114"
                   ID="eSc_textblock_c45d5882"
                   TAGREFS="BT16062">
          <Shape><Polygon POINTS="311 988 356 1019 348 1102 287 1079 311 988"/></Shape>
          
        </TextBlock>
        

        
      </PrintSpace>
    </Page>
  </Layout>
</alto>
