<?xml version="1.0" encoding="UTF-8"?>
<alto xmlns:xsi="http://www.w3.org/2001/XMLSchema-instance"
      xmlns="http://www.loc.gov/standards/alto/ns-v4#"
      xsi:schemaLocation="http://www.loc.gov/standards/alto/ns-v4# http://www.loc.gov/standards/alto/v4/alto-4-2.xsd">
  <Description>
    <MeasurementUnit>pixel</MeasurementUnit>
    <sourceImageInformation>
      <fileName>TwoIsmailiTreatises047.jpg</fileName>
      
    </sourceImageInformation>
  </Description>
  
  <Tags>
    <OtherTag ID="BT16074" LABEL="MarginTextZone:commentary" DESCRIPTION="block type MarginTextZone:commentary"/><OtherTag ID="BT16073" LABEL="MarginTextZone:note#1" DESCRIPTION="block type MarginTextZone:note#1"/><OtherTag ID="BT16072" LABEL="MainZone:column#2" DESCRIPTION="block type MainZone:column#2"/><OtherTag ID="BT16071" LABEL="MainZone:column#3" DESCRIPTION="block type MainZone:column#3"/><OtherTag ID="BT16070" LABEL="GraphicZone:illustration" DESCRIPTION="block type GraphicZone:illustration"/><OtherTag ID="BT16069" LABEL="MainZone:column#1" DESCRIPTION="block type MainZone:column#1"/><OtherTag ID="BT16068" LABEL="MarginTextZone:note#2" DESCRIPTION="block type MarginTextZone:note#2"/><OtherTag ID="BT16067" LABEL="CustomZone:publication" DESCRIPTION="block type CustomZone:publication"/><OtherTag ID="BT16066" LABEL="RunningTitleZone" DESCRIPTION="block type RunningTitleZone"/><OtherTag ID="BT16065" LABEL="NumberingZone" DESCRIPTION="block type NumberingZone"/><OtherTag ID="BT16064" LABEL="default" DESCRIPTION="block type default"/><OtherTag ID="BT16063" LABEL="TitlePageZone" DESCRIPTION="block type TitlePageZone"/><OtherTag ID="BT16062" LABEL="NumberingZone:other" DESCRIPTION="block type NumberingZone:other"/><OtherTag ID="BT16061" LABEL="QuireMarksZone:catchwords" DESCRIPTION="block type QuireMarksZone:catchwords"/><OtherTag ID="BT16060" LABEL="MainZone" DESCRIPTION="block type MainZone"/><OtherTag ID="BT16059" LABEL="NumberingZone:page" DESCRIPTION="block type NumberingZone:page"/><OtherTag ID="BT16058" LABEL="MarginTextZone:note" DESCRIPTION="block type MarginTextZone:note"/><OtherTag ID="BT16057" LABEL="DigitizationArtefactZone" DESCRIPTION="block type DigitizationArtefactZone"/><OtherTag ID="BT4" LABEL="Illustration" DESCRIPTION="block type Illustration"/><OtherTag ID="BT3" LABEL="Commentary" DESCRIPTION="block type Commentary"/><OtherTag ID="BT2" LABEL="Main" DESCRIPTION="block type Main"/><OtherTag ID="BT1" LABEL="Title" DESCRIPTION="block type Title"/>
    <OtherTag ID="LT4834" LABEL="DefaultLine" DESCRIPTION="line type DefaultLine"/><OtherTag ID="LT4835" LABEL="HeadingLine:title" DESCRIPTION="line type HeadingLine:title"/>
  </Tags>
  
  <Layout>
    <Page WIDTH="1514"
          HEIGHT="2172"
          PHYSICAL_IMG_NR="43"
          ID="eSc_dummypage_">
      <PrintSpace HPOS="0"
                  VPOS="0"
                  WIDTH="1514"
                  HEIGHT="2172">
        
        <TextBlock HPOS="101"
                   VPOS="231"
                   WIDTH="1172"
                   HEIGHT="1693"
                   ID="eSc_textblock_8df76496"
                   TAGREFS="BT16060">
          <Shape><Polygon POINTS="204 231 1193 246 1273 1381 1229 1665 1244 1786 1186 1916 210 1924 152 1880 159 1513 115 1395 123 1209 101 1187 130 1100 108 1091 101 962 137 924 108 903 115 839 166 830 108 801 130 738 166 751 166 716 115 700 123 637 159 635 123 606 123 557 143 535 157 593 166 526 166 419 130 418 130 383 159 396 159 282 204 231"/></Shape>
          
          
          <TextLine ID="eSc_line_7b8d9fe7"
                    TAGREFS="LT4834"
                    BASELINE="168 322 1155 313" 
                    HPOS="166"
                    VPOS="249"
                    WIDTH="989"
                    HEIGHT="105">
            <Shape><Polygon POINTS="168 322 168 345 286 354 287 354 289 354 311 345 344 334 400 345 407 347 409 347 416 345 476 333 496 345 496 347 498 347 499 347 501 347 503 347 505 345 532 333 633 343 635 343 689 331 735 345 747 351 749 351 751 351 773 345 843 329 880 345 885 349 887 349 889 351 938 351 938 349 939 349 941 349 945 345 974 327 1037 327 1075 345 1077 347 1079 347 1081 347 1153 345 1155 313 1151 276 1097 276 1050 253 1048 253 1046 253 1044 253 974 275 943 260 941 260 939 260 938 260 936 260 936 262 919 278 892 278 863 255 862 255 860 255 775 249 773 249 771 249 769 249 769 251 737 280 680 280 659 260 659 258 657 258 655 258 633 258 632 258 630 258 628 258 628 260 608 280 594 280 565 253 565 251 563 251 561 251 559 251 557 251 555 251 519 275 487 253 485 253 483 253 481 253 389 269 358 260 356 260 354 260 353 260 351 260 351 262 329 284 278 284 204 255 202 255 201 255 199 255 197 255 166 280 168 322"/></Shape>
	    <String CONTENT="بر چيار فضل اختصار کرده شد تا کسانکه طالب دين حق"
                    HPOS="166"
                    VPOS="249"
                    WIDTH="989"
                    HEIGHT="105"
                    WC="0.9021114191661278"></String>
          </TextLine>

          
          
          <TextLine ID="eSc_line_cb6ae729"
                    TAGREFS="LT4834"
                    BASELINE="182 430 889 414 1160 418" 
                    HPOS="181"
                    VPOS="360"
                    WIDTH="979"
                    HEIGHT="97">
            <Shape><Polygon POINTS="182 430 182 445 195 456 197 456 199 456 201 457 280 457 280 456 316 454 318 454 320 454 340 439 440 452 441 452 443 452 478 436 479 436 485 436 574 448 575 448 668 436 760 447 762 447 858 430 872 428 885 430 968 443 970 443 972 443 1001 428 1005 427 1010 428 1044 438 1046 438 1048 438 1160 425 1160 418 1159 365 1135 360 1133 360 1131 360 1130 360 1124 365 1104 383 990 383 968 371 963 367 961 367 959 367 958 367 956 367 939 372 918 380 900 374 887 369 885 369 883 369 881 369 869 374 849 385 834 376 827 371 825 371 824 371 822 371 820 371 818 371 818 372 813 376 802 385 771 378 751 374 749 374 717 380 661 392 635 392 628 383 622 380 622 378 621 378 619 378 617 378 615 378 588 385 572 389 568 385 554 372 554 371 552 371 550 371 476 371 474 371 472 371 418 390 405 396 374 396 371 392 353 376 353 374 351 374 349 374 284 374 282 374 181 398 182 430"/></Shape>
	    <String CONTENT="باشند بروى نمايند و اين رساله را مطلوب المؤ منين"
                    HPOS="181"
                    VPOS="360"
                    WIDTH="979"
                    HEIGHT="97"
                    WC="0.8962343961608653"></String>
          </TextLine>

          
          
          <TextLine ID="eSc_line_1142160b"
                    TAGREFS="LT4834"
                    BASELINE="190 521 1164 515" 
                    HPOS="188"
                    VPOS="465"
                    WIDTH="976"
                    HEIGHT="94">
            <Shape><Polygon POINTS="190 521 190 532 210 543 211 543 213 543 215 543 217 543 226 533 240 546 240 548 242 548 244 548 246 548 248 548 291 533 315 543 316 543 318 543 320 543 338 535 380 557 382 557 383 559 492 559 492 557 494 557 496 557 510 546 521 555 523 555 525 555 527 555 577 550 579 550 581 550 599 533 646 553 648 553 650 553 651 553 653 553 653 552 670 537 702 544 704 544 706 544 735 530 769 552 771 552 773 552 775 552 776 552 778 552 805 532 842 541 843 541 845 541 847 541 849 541 849 539 860 530 862 528 925 528 1064 532 1086 552 1086 553 1088 553 1090 553 1092 555 1121 555 1121 553 1122 553 1124 553 1164 528 1164 515 1160 486 1052 465 1050 465 1048 465 1046 465 1046 466 1025 486 996 486 979 472 977 472 976 472 974 472 972 472 970 472 954 486 914 486 891 465 889 465 887 465 885 465 883 465 881 465 881 466 862 485 834 470 833 470 758 468 757 468 755 468 715 488 639 488 621 472 619 472 617 472 615 472 613 472 579 486 514 466 512 466 510 466 508 466 467 483 454 470 454 468 452 468 450 468 423 468 421 468 420 468 418 468 394 486 378 472 378 470 376 470 374 470 373 470 371 470 369 470 351 483 287 468 286 468 284 468 239 488 220 481 219 481 217 481 215 481 188 490 190 521"/></Shape>
	    <String CONTENT="نام نهاده شد و اين حفر را توقع به كرم عميم محادباند"
                    HPOS="188"
                    VPOS="465"
                    WIDTH="976"
                    HEIGHT="94"
                    WC="0.9470098994526208"></String>
          </TextLine>

          
          
          <TextLine ID="eSc_line_0b450651"
                    TAGREFS="LT4834"
                    BASELINE="177 624 1168 613" 
                    HPOS="175"
                    VPOS="555"
                    WIDTH="993"
                    HEIGHT="105">
            <Shape><Polygon POINTS="177 624 177 638 231 646 244 658 244 660 246 660 248 660 249 660 251 660 338 637 340 637 362 657 362 658 364 658 365 658 367 660 472 660 472 658 474 658 537 633 541 633 546 633 599 644 601 644 666 640 682 653 682 655 684 655 686 655 688 657 717 657 717 655 718 655 720 655 744 637 802 646 804 646 805 646 838 629 878 651 880 651 881 651 883 651 885 651 885 649 909 629 974 629 986 640 988 640 990 640 992 640 994 640 1008 633 1028 651 1030 651 1032 651 1034 651 1035 651 1037 651 1054 637 1108 651 1110 651 1111 651 1113 651 1168 624 1168 613 1166 573 1099 555 1097 555 1095 555 1093 555 1043 575 1032 581 990 581 986 575 968 561 968 559 967 559 965 559 963 559 961 559 900 577 887 582 818 582 811 579 791 564 789 564 787 564 785 564 784 564 782 564 757 581 753 582 749 581 729 570 728 570 726 570 724 570 695 581 691 582 682 582 653 577 632 557 630 557 628 557 565 557 563 557 561 557 559 557 559 559 532 581 503 559 501 559 499 559 459 559 458 559 456 559 454 559 454 561 434 579 418 564 416 564 414 564 412 564 411 564 409 564 376 586 344 559 342 559 340 559 338 559 284 561 282 561 280 561 251 584 228 575 226 575 224 575 222 575 175 588 177 624"/></Shape>
	    <String CONTENT="عزيزان و اصحاب زاده هم اله تو فسیقهم الخيرات که چون"
                    HPOS="175"
                    VPOS="555"
                    WIDTH="993"
                    HEIGHT="105"
                    WC="0.900959862797868"></String>
          </TextLine>

          
          
          <TextLine ID="eSc_line_2bb22f87"
                    TAGREFS="LT4834"
                    BASELINE="186 720 1169 716" 
                    HPOS="184"
                    VPOS="657"
                    WIDTH="985"
                    HEIGHT="86">
            <Shape><Polygon POINTS="186 720 186 731 327 743 329 743 331 743 333 743 333 742 345 731 380 731 385 731 461 743 463 743 523 731 536 742 536 743 537 743 539 743 541 743 543 743 561 734 583 743 584 743 586 743 588 743 619 731 644 743 646 743 648 743 650 743 675 729 677 729 679 729 722 742 724 742 726 742 795 729 796 729 798 729 829 738 831 738 833 738 943 731 954 740 954 742 956 742 958 742 959 742 961 742 992 729 1140 742 1142 742 1144 742 1169 727 1169 716 1168 676 1137 662 1135 662 1133 662 1131 662 1093 676 1086 680 1079 676 1061 669 1059 669 1057 669 1055 669 1054 669 1044 678 1039 680 1021 678 976 671 974 671 972 671 950 678 945 680 941 678 896 657 894 657 836 657 834 657 833 657 831 657 804 673 787 666 785 666 784 666 782 666 780 666 780 667 769 678 684 680 679 680 653 667 651 667 650 667 648 667 646 667 637 675 621 660 621 658 619 658 617 658 507 658 505 658 503 658 501 658 501 660 478 682 478 684 459 684 385 684 367 667 365 667 364 667 362 667 298 676 240 658 239 658 237 658 235 658 184 682 186 720"/></Shape>
	    <String CONTENT="اين رساله را ملاحظه نمايند از لفظ رکنگ و با معنی ناجابگا"
                    HPOS="184"
                    VPOS="657"
                    WIDTH="985"
                    HEIGHT="86"
                    WC="0.9065047896334103"></String>
          </TextLine>

          
          
          <TextLine ID="eSc_line_54d1bc92"
                    TAGREFS="LT4834"
                    BASELINE="184 819 1169 810" 
                    HPOS="182"
                    VPOS="760"
                    WIDTH="987"
                    HEIGHT="88">
            <Shape><Polygon POINTS="184 819 184 838 374 848 376 848 378 848 380 848 380 847 392 834 398 828 440 834 478 838 479 838 512 832 534 828 546 832 590 845 592 845 594 845 595 845 624 830 632 827 641 830 673 841 675 841 677 841 679 841 720 828 726 827 729 828 769 845 771 845 773 845 775 845 809 830 833 843 834 843 836 843 838 843 840 843 840 841 856 827 956 825 1006 838 1008 838 1010 838 1099 823 1126 841 1128 841 1130 841 1131 841 1133 841 1169 819 1169 810 1168 772 1135 760 1133 760 1095 760 1093 760 1092 760 1090 760 1075 772 1023 762 1021 762 1019 762 994 774 986 778 972 774 914 762 912 762 910 762 909 762 909 763 896 776 881 763 881 762 880 762 878 762 840 762 838 762 836 762 834 762 816 778 814 778 784 763 782 763 780 763 778 763 776 763 776 765 764 778 760 781 749 778 717 769 715 769 713 769 711 769 691 780 686 781 682 780 666 767 664 767 662 767 579 763 577 763 575 763 574 763 546 780 527 772 525 772 523 772 521 772 519 772 519 774 510 781 508 785 465 785 416 783 409 783 383 765 382 765 380 765 378 765 376 765 374 765 351 783 349 785 340 783 273 771 271 771 269 771 268 771 268 772 253 785 253 787 182 787 184 819"/></Shape>
	    <String CONTENT="ويا مهوی و خطانی بيند آن را از اين بنده عام تا نمام دا"
                    HPOS="182"
                    VPOS="760"
                    WIDTH="987"
                    HEIGHT="88"
                    WC="0.8738782920620658"></String>
          </TextLine>

          
          
          <TextLine ID="eSc_line_6a7f959e"
                    TAGREFS="LT4834"
                    BASELINE="182 919 1169 910" 
                    HPOS="181"
                    VPOS="852"
                    WIDTH="988"
                    HEIGHT="91">
            <Shape><Polygon POINTS="182 919 182 933 195 943 197 943 199 943 201 943 202 943 233 932 239 930 257 932 376 943 378 943 380 943 403 930 409 928 507 928 521 928 555 941 557 941 559 941 561 941 563 941 577 928 595 937 597 937 767 939 769 939 771 939 818 926 820 926 831 926 1019 935 1021 935 1023 935 1043 924 1048 923 1130 923 1131 923 1140 932 1142 932 1144 932 1146 932 1148 932 1169 923 1169 910 1164 870 1144 872 1140 870 1122 854 1122 852 1121 852 1119 852 1117 852 1115 852 1054 870 1025 852 1023 852 1021 852 1019 852 1017 852 1015 852 986 872 983 876 936 877 925 872 901 861 900 861 898 861 896 861 856 870 785 854 784 854 749 856 747 856 746 856 724 876 722 877 718 876 700 868 699 868 697 868 695 868 693 868 693 870 686 876 682 879 668 877 632 870 630 870 628 870 603 877 597 879 592 877 559 865 557 865 555 865 554 865 505 879 498 881 494 879 458 857 456 857 454 857 392 857 391 857 389 857 347 881 342 885 293 885 291 883 266 859 264 859 262 859 226 859 224 859 222 859 220 859 220 861 197 883 197 885 181 885 182 919"/></Shape>
	    <String CONTENT="و اصلاح در آن ارزانى دارند وآن را از راه مكرمت به ذيل"
                    HPOS="181"
                    VPOS="852"
                    WIDTH="988"
                    HEIGHT="91"
                    WC="0.9342091197317297"></String>
          </TextLine>

          
          
          <TextLine ID="eSc_line_8c4e3dc8"
                    TAGREFS="LT4834"
                    BASELINE="186 1006 1048 1002 1162 993" 
                    HPOS="184"
                    VPOS="941"
                    WIDTH="978"
                    HEIGHT="99">
            <Shape><Polygon POINTS="186 1006 186 1017 273 1017 275 1017 327 1038 329 1038 331 1040 452 1040 452 1038 454 1038 456 1038 456 1037 474 1022 527 1029 528 1029 530 1029 554 1020 622 1037 624 1038 702 1038 702 1037 704 1037 706 1037 706 1035 718 1022 747 1037 749 1037 751 1037 753 1037 755 1037 778 1019 793 1029 795 1029 796 1029 798 1029 800 1029 802 1029 802 1028 816 1015 829 1022 831 1022 833 1022 834 1022 862 1013 865 1013 869 1013 896 1026 898 1026 900 1026 1015 1013 1019 1013 1021 1013 1043 1033 1044 1033 1046 1033 1048 1033 1050 1033 1110 1013 1160 1013 1162 993 1157 941 1093 943 1092 943 1041 966 947 959 934 948 930 944 930 943 929 943 927 943 925 943 838 950 820 952 813 952 760 943 758 943 757 943 733 953 706 968 684 955 673 948 671 948 670 948 668 948 666 948 664 948 651 957 633 970 510 970 492 962 474 953 472 953 470 953 469 953 441 964 425 970 416 964 378 944 376 944 374 944 373 944 329 959 293 944 291 944 289 944 287 944 286 944 257 970 184 971 186 1006"/></Shape>
	    <String CONTENT="شفقت بوشانند واگر سخن پسنديده و معنی به جايگاه بسنند"
                    HPOS="184"
                    VPOS="941"
                    WIDTH="978"
                    HEIGHT="99"
                    WC="0.9030309439851687"></String>
          </TextLine>

          
          
          <TextLine ID="eSc_line_b827ac03"
                    TAGREFS="LT4834"
                    BASELINE="182 1105 1177 1095" 
                    HPOS="181"
                    VPOS="1038"
                    WIDTH="996"
                    HEIGHT="98">
            <Shape><Polygon POINTS="182 1105 182 1118 217 1136 219 1136 220 1136 222 1136 253 1125 345 1136 347 1136 441 1116 494 1134 496 1134 498 1134 536 1133 537 1133 539 1133 539 1131 552 1118 592 1133 594 1133 595 1133 597 1133 632 1118 662 1127 664 1127 666 1127 668 1127 670 1127 686 1113 715 1113 749 1113 764 1113 800 1113 814 1125 814 1127 816 1127 818 1127 820 1127 822 1127 860 1118 925 1129 927 1129 929 1129 930 1129 959 1111 1003 1129 1005 1129 1006 1129 1008 1129 1010 1129 1010 1127 1012 1127 1023 1114 1057 1109 1063 1109 1064 1109 1110 1124 1111 1124 1113 1124 1115 1124 1177 1107 1177 1095 1175 1062 1159 1053 1157 1053 1155 1053 1153 1053 1151 1053 1119 1064 1104 1051 1104 1049 1102 1049 1101 1049 1099 1049 1097 1049 1050 1064 1010 1047 1008 1047 1006 1047 1005 1047 1003 1047 979 1064 916 1038 914 1038 862 1038 860 1038 858 1038 856 1038 856 1040 827 1067 825 1067 776 1064 762 1051 762 1049 760 1049 758 1049 757 1049 755 1049 753 1049 726 1069 700 1069 670 1069 651 1055 651 1053 650 1053 648 1053 646 1053 644 1053 604 1066 581 1044 581 1042 579 1042 577 1042 541 1042 539 1042 537 1042 536 1042 536 1044 508 1067 479 1046 478 1046 476 1046 474 1046 472 1046 470 1046 438 1071 389 1060 387 1060 385 1060 342 1073 313 1047 313 1046 311 1046 309 1046 224 1046 222 1046 220 1046 219 1046 181 1067 182 1105"/></Shape>
	    <String CONTENT="ان را از وجود ميارک خداوند زمان ذکره السلام دانند و سمع"
                    HPOS="181"
                    VPOS="1038"
                    WIDTH="996"
                    HEIGHT="98"
                    WC="0.8984788385304537"></String>
          </TextLine>

          
          
          <TextLine ID="eSc_line_26c3e900"
                    TAGREFS="LT4834"
                    BASELINE="184 1207 1175 1194" 
                    HPOS="182"
                    VPOS="1142"
                    WIDTH="993"
                    HEIGHT="96">
            <Shape><Polygon POINTS="184 1207 184 1219 307 1238 309 1238 311 1238 313 1238 313 1236 331 1219 371 1219 391 1236 392 1236 394 1236 396 1236 398 1236 400 1236 400 1234 416 1221 434 1221 463 1236 465 1236 467 1236 534 1221 592 1232 594 1232 595 1232 597 1232 622 1218 624 1216 624 1218 646 1228 648 1228 650 1228 651 1228 680 1221 693 1232 695 1232 697 1232 699 1234 749 1234 749 1232 751 1232 796 1216 802 1214 805 1216 836 1230 838 1230 840 1230 985 1228 986 1228 988 1228 988 1227 1003 1214 1005 1210 1034 1210 1101 1210 1110 1214 1135 1223 1137 1223 1139 1223 1140 1223 1175 1212 1175 1194 1173 1163 1148 1152 1146 1152 1144 1152 1142 1152 1126 1160 1106 1142 1104 1142 1102 1142 1101 1142 1003 1158 988 1151 986 1151 985 1151 983 1151 981 1151 981 1152 972 1160 958 1151 956 1151 954 1151 952 1151 950 1151 909 1163 887 1149 885 1149 883 1149 881 1149 880 1149 845 1167 814 1167 778 1147 776 1147 775 1147 720 1158 704 1147 702 1147 700 1147 699 1147 603 1171 565 1171 545 1151 545 1149 543 1149 541 1149 478 1149 476 1149 474 1149 472 1149 445 1167 416 1158 414 1158 412 1158 411 1158 409 1158 409 1160 396 1172 365 1172 342 1156 340 1156 338 1156 268 1152 266 1152 264 1152 262 1152 239 1171 182 1174 184 1207"/></Shape>
	    <String CONTENT="رضا استماع فرماييد و اين ضعيف ذل را بدقای ي"
                    HPOS="182"
                    VPOS="1142"
                    WIDTH="993"
                    HEIGHT="96"
                    WC="0.8802264783271524"></String>
          </TextLine>

          
          
          <TextLine ID="eSc_line_0d0718be"
                    TAGREFS="LT4834"
                    BASELINE="903 1299 1178 1295" 
                    HPOS="901"
                    VPOS="1243"
                    WIDTH="277"
                    HEIGHT="87">
            <Shape><Polygon POINTS="903 1299 903 1315 921 1315 925 1317 938 1328 938 1330 939 1330 941 1330 943 1330 945 1330 970 1319 976 1317 981 1321 1005 1330 1006 1330 1008 1330 1010 1330 1028 1323 1050 1314 1175 1328 1178 1295 1177 1267 1144 1247 1142 1247 1140 1247 1088 1243 1086 1243 1084 1243 1082 1243 1052 1268 1019 1268 990 1247 988 1247 986 1247 985 1247 983 1247 901 1270 903 1299"/></Shape>
	    <String CONTENT="ياد فرمايند"
                    HPOS="901"
                    VPOS="1243"
                    WIDTH="277"
                    HEIGHT="87"
                    WC="0.9501231637868014"></String>
          </TextLine>

          
          
          <TextLine ID="eSc_line_e53a064b"
                    TAGREFS="LT4834"
                    BASELINE="199 1406 1041 1388" 
                    HPOS="195"
                    VPOS="1324"
                    WIDTH="846"
                    HEIGHT="111">
            <Shape><Polygon POINTS="199 1406 199 1419 224 1433 226 1433 228 1435 280 1435 280 1433 362 1413 367 1413 371 1413 447 1429 449 1429 490 1420 514 1428 516 1428 517 1428 519 1428 521 1428 521 1426 537 1409 539 1409 543 1409 615 1426 617 1426 619 1426 661 1408 662 1408 670 1408 784 1422 785 1422 862 1404 872 1402 881 1404 927 1413 929 1413 930 1413 958 1402 963 1400 968 1402 997 1415 999 1415 1001 1415 1003 1415 1041 1400 1041 1388 1035 1344 961 1344 956 1343 932 1332 930 1332 929 1332 927 1332 925 1332 925 1333 914 1341 912 1344 907 1341 880 1330 878 1330 876 1330 874 1330 849 1341 831 1348 791 1339 784 1339 782 1339 775 1339 726 1350 704 1339 679 1324 677 1324 675 1324 673 1324 671 1324 653 1337 632 1353 565 1353 543 1337 541 1337 539 1337 537 1337 496 1343 478 1335 456 1326 454 1326 452 1326 373 1333 311 1339 289 1332 280 1330 278 1330 277 1330 275 1330 269 1332 253 1341 195 1332 199 1406"/></Shape>
	    <String CONTENT="هرست فصلهای مطلوب المؤمنين که به فصيل"
                    HPOS="195"
                    VPOS="1324"
                    WIDTH="846"
                    HEIGHT="111"
                    WC="0.9135501149453615"></String>
          </TextLine>

          
          
          <TextLine ID="eSc_line_e22387ec"
                    TAGREFS="LT4834"
                    BASELINE="228 1513 342 1500 834 1502 921 1491 1186 1487" 
                    HPOS="226"
                    VPOS="1431"
                    WIDTH="960"
                    HEIGHT="107">
            <Shape><Polygon POINTS="228 1513 228 1538 320 1536 322 1536 324 1536 324 1534 351 1509 421 1520 423 1520 503 1507 550 1527 552 1527 554 1527 555 1527 557 1527 559 1527 561 1525 586 1511 626 1524 661 1534 662 1534 664 1534 666 1534 693 1522 713 1511 726 1520 742 1533 744 1533 746 1533 747 1534 789 1534 789 1533 791 1533 793 1533 793 1531 809 1516 851 1533 852 1533 854 1534 903 1534 903 1533 905 1533 907 1533 907 1531 927 1513 934 1504 959 1504 1079 1504 1086 1505 1137 1527 1139 1527 1140 1527 1142 1527 1144 1527 1186 1502 1186 1487 1184 1453 1142 1435 1140 1435 1139 1435 1137 1435 1135 1435 1135 1437 1119 1451 1088 1440 1086 1440 1084 1440 1082 1440 1055 1451 1054 1451 999 1431 997 1431 996 1431 852 1437 851 1437 849 1437 849 1438 836 1449 834 1451 829 1449 804 1433 802 1433 800 1433 798 1433 796 1433 795 1433 775 1449 767 1455 717 1455 675 1448 661 1446 659 1446 646 1448 601 1455 590 1448 590 1446 588 1446 586 1446 584 1446 583 1446 581 1446 581 1448 572 1455 476 1448 474 1448 425 1457 411 1446 402 1437 400 1437 398 1437 396 1437 226 1442 228 1513"/></Shape>
	    <String CONTENT="ايناست فصل اول در بيان مبد و معاد فصل دو"
                    HPOS="226"
                    VPOS="1431"
                    WIDTH="960"
                    HEIGHT="107"
                    WC="0.908203487098217"></String>
          </TextLine>

          
          
          <TextLine ID="eSc_line_a6ae8f29"
                    TAGREFS="LT4834"
                    BASELINE="201 1601 1186 1589" 
                    HPOS="199"
                    VPOS="1531"
                    WIDTH="987"
                    HEIGHT="103">
            <Shape><Polygon POINTS="201 1601 201 1619 248 1630 249 1630 251 1630 278 1619 286 1614 387 1612 392 1616 414 1634 416 1634 418 1634 420 1634 421 1634 483 1614 485 1614 503 1630 503 1632 505 1632 507 1632 508 1634 574 1634 574 1632 575 1632 577 1632 577 1630 597 1612 601 1607 633 1607 639 1612 659 1629 659 1630 661 1630 662 1630 664 1632 720 1632 720 1630 722 1630 724 1630 724 1629 744 1609 746 1605 793 1605 800 1609 833 1629 834 1629 836 1629 838 1629 840 1629 919 1605 930 1603 943 1605 1019 1619 1021 1619 1023 1619 1025 1619 1043 1603 1044 1601 1050 1603 1115 1623 1117 1623 1119 1623 1121 1623 1122 1623 1157 1601 1159 1601 1184 1601 1186 1589 1182 1549 1012 1531 1010 1531 1008 1531 948 1551 878 1533 876 1533 874 1533 872 1533 816 1552 789 1533 787 1533 785 1533 784 1533 782 1533 780 1533 780 1534 769 1543 693 1534 691 1534 689 1534 633 1556 575 1556 476 1560 438 1560 438 1558 418 1540 418 1538 416 1538 414 1538 412 1538 411 1538 333 1560 315 1545 313 1545 311 1545 228 1540 226 1540 224 1540 222 1540 199 1554 201 1601"/></Shape>
	    <String CONTENT="در بيان مؤمن اسما عيلى فصل سيوم در بيان تو لاد تترا"
                    HPOS="199"
                    VPOS="1531"
                    WIDTH="987"
                    HEIGHT="103"
                    WC="0.9239106396069894"></String>
          </TextLine>

          
          
          <TextLine ID="eSc_line_ff39c3d6"
                    TAGREFS="LT4834"
                    BASELINE="289 1692 916 1686 1182 1670" 
                    HPOS="287"
                    VPOS="1621"
                    WIDTH="895"
                    HEIGHT="107">
            <Shape><Polygon POINTS="289 1692 289 1705 373 1708 414 1728 416 1728 418 1728 420 1728 421 1728 421 1726 445 1703 476 1719 478 1719 479 1719 481 1719 507 1710 555 1717 557 1717 559 1717 597 1701 632 1714 633 1714 635 1714 637 1714 677 1703 695 1715 697 1715 699 1715 700 1715 762 1710 800 1726 802 1726 804 1726 805 1726 807 1726 807 1724 834 1701 860 1724 860 1726 862 1726 863 1726 865 1728 923 1728 923 1726 925 1726 927 1726 961 1697 996 1724 997 1724 999 1724 1001 1726 1046 1726 1046 1724 1102 1723 1104 1723 1106 1723 1106 1721 1137 1690 1182 1688 1182 1670 1175 1621 1119 1638 1097 1625 1097 1623 1095 1623 1093 1623 1054 1623 1052 1623 1050 1623 1048 1623 1048 1625 1046 1627 1030 1645 996 1629 986 1625 985 1625 983 1625 981 1625 965 1630 909 1647 793 1638 751 1634 749 1634 747 1634 728 1639 699 1648 686 1641 671 1632 670 1632 668 1632 666 1632 664 1632 633 1643 615 1650 599 1645 561 1632 559 1632 557 1632 555 1632 554 1632 530 1648 527 1650 525 1648 517 1643 517 1641 516 1641 514 1641 512 1641 510 1641 490 1650 470 1634 469 1634 467 1634 409 1634 407 1634 405 1634 403 1634 380 1654 378 1657 287 1657 289 1692"/></Shape>
	    <String CONTENT="فصل ميارم در بيان هفت اركان شريعت"
                    HPOS="287"
                    VPOS="1621"
                    WIDTH="895"
                    HEIGHT="107"
                    WC="0.9468731338327582"></String>
          </TextLine>

          
          
          <TextLine ID="eSc_line_cd45c57d"
                    TAGREFS="LT4834"
                    BASELINE="202 1795 862 1788" 
                    HPOS="201"
                    VPOS="1730"
                    WIDTH="661"
                    HEIGHT="90">
            <Shape><Polygon POINTS="202 1795 202 1802 324 1820 325 1820 327 1820 329 1820 349 1808 411 1819 412 1819 414 1819 416 1819 416 1817 434 1802 517 1811 519 1811 521 1811 552 1800 566 1813 568 1813 570 1813 572 1813 574 1813 603 1800 671 1817 673 1817 675 1817 677 1817 699 1799 804 1815 805 1815 807 1815 862 1795 862 1788 858 1752 805 1750 782 1730 780 1730 778 1730 776 1730 717 1735 715 1735 691 1746 679 1753 532 1752 517 1743 508 1739 507 1739 505 1739 503 1739 501 1739 501 1741 498 1743 488 1753 396 1755 367 1741 354 1733 353 1733 306 1733 304 1733 302 1733 300 1733 300 1735 295 1739 289 1744 282 1739 278 1735 278 1733 277 1733 275 1733 273 1733 201 1735 202 1795"/></Shape>
	    <String CONTENT="در بيان مبدد و معاد مرد عاقل رايت"
                    HPOS="201"
                    VPOS="1730"
                    WIDTH="661"
                    HEIGHT="90"
                    WC="0.9618230046647968"></String>
          </TextLine>

          
          
          <TextLine ID="eSc_line_ca93e24a"
                    TAGREFS="LT4834"
                    BASELINE="1025 1811 1171 1806" 
                    HPOS="1021"
                    VPOS="1739"
                    WIDTH="150"
                    HEIGHT="136">
            <Shape><Polygon POINTS="1025 1811 1025 1875 1072 1873 1073 1873 1075 1873 1075 1871 1097 1851 1124 1826 1169 1826 1171 1806 1164 1739 1115 1761 1021 1744 1025 1811"/></Shape>
	    <String CONTENT="فصل"
                    HPOS="1021"
                    VPOS="1739"
                    WIDTH="150"
                    HEIGHT="136"
                    WC="0.7447369198004404"></String>
          </TextLine>

          
          
          <TextLine ID="eSc_line_97bc9c20"
                    TAGREFS="LT4834"
                    BASELINE="202 1896 1072 1882" 
                    HPOS="201"
                    VPOS="1815"
                    WIDTH="871"
                    HEIGHT="109">
            <Shape><Polygon POINTS="202 1896 202 1924 246 1916 325 1922 336 1922 338 1922 340 1922 342 1922 365 1909 416 1909 425 1918 429 1922 431 1922 432 1922 434 1922 608 1920 610 1920 612 1920 612 1918 621 1911 624 1907 637 1911 662 1918 664 1918 666 1918 668 1918 699 1909 715 1904 728 1907 747 1914 749 1914 751 1914 753 1914 776 1905 789 1902 858 1902 862 1902 896 1914 898 1914 900 1914 901 1914 956 1900 961 1898 967 1898 1015 1913 1017 1913 1019 1913 1021 1913 1072 1895 1072 1882 1063 1815 1028 1837 1005 1819 1005 1817 1003 1817 1001 1817 999 1817 997 1817 994 1819 956 1840 925 1822 918 1817 916 1817 914 1817 881 1817 880 1817 878 1817 876 1817 876 1819 869 1824 856 1837 831 1828 829 1828 827 1828 825 1828 795 1842 767 1828 747 1819 746 1819 744 1819 742 1819 740 1819 722 1831 700 1844 599 1846 581 1837 575 1835 574 1835 572 1835 570 1835 559 1838 525 1849 421 1849 414 1844 378 1826 376 1826 374 1826 373 1826 322 1842 304 1828 302 1828 300 1828 222 1828 220 1828 219 1828 217 1828 217 1829 215 1829 201 1844 202 1896"/></Shape>
	    <String CONTENT="اکا دانست که ميد وجود آدمی از اثر باری تعالی"
                    HPOS="201"
                    VPOS="1815"
                    WIDTH="871"
                    HEIGHT="109"
                    WC="0.875090856022305"></String>
          </TextLine>

          
        </TextBlock>
        
        <TextBlock HPOS="579"
                   VPOS="137"
                   WIDTH="165"
                   HEIGHT="85"
                   ID="eSc_textblock_47e50267"
                   TAGREFS="BT16059">
          <Shape><Polygon POINTS="630 137 722 144 744 208 579 222 586 159 630 137"/></Shape>
          
          
          <TextLine ID="eSc_line_394b769d"
                    TAGREFS="LT4834"
                    BASELINE="615 197 704 191" 
                    HPOS="612"
                    VPOS="157"
                    WIDTH="92"
                    HEIGHT="71">
            <Shape><Polygon POINTS="615 197 615 226 670 228 671 228 673 228 704 209 704 191 699 157 612 161 615 197"/></Shape>
	    <String CONTENT="عع"
                    HPOS="612"
                    VPOS="157"
                    WIDTH="92"
                    HEIGHT="71"
                    WC="0.9917488396167755"></String>
          </TextLine>

          
        </TextBlock>
        
        <TextBlock HPOS="615"
                   VPOS="1925"
                   WIDTH="143"
                   HEIGHT="107"
                   ID="eSc_textblock_9d18a81c"
                   TAGREFS="BT16061">
          <Shape><Polygon POINTS="666 1925 758 1940 751 2032 666 2025 615 1981 666 1925"/></Shape>
          
          
          <TextLine ID="eSc_line_24ac58b8"
                    TAGREFS="LT4834"
                    BASELINE="651 1994 764 1987" 
                    HPOS="648"
                    VPOS="1929"
                    WIDTH="116"
                    HEIGHT="80">
            <Shape><Polygon POINTS="757 1949 738 1936 731 1934 677 1929 675 1929 673 1929 648 1942 648 1943 651 1994 651 2009 764 2009 764 1987 758 1938 757 1936 757 1949"/></Shape>
	    <String CONTENT="ميانجى"
                    HPOS="648"
                    VPOS="1929"
                    WIDTH="116"
                    HEIGHT="80"
                    WC="0.8611078162988027"></String>
          </TextLine>

          
        </TextBlock>
        
        <TextBlock HPOS="130"
                   VPOS="456"
                   WIDTH="20"
                   HEIGHT="48"
                   ID="eSc_textblock_24809168"
                   TAGREFS="BT16060">
          <Shape><Polygon POINTS="132 456 150 463 150 504 130 504 132 456"/></Shape>
          
        </TextBlock>
        

        
      </PrintSpace>
    </Page>
  </Layout>
</alto>
