<?xml version="1.0" encoding="UTF-8"?>
<alto xmlns:xsi="http://www.w3.org/2001/XMLSchema-instance"
      xmlns="http://www.loc.gov/standards/alto/ns-v4#"
      xsi:schemaLocation="http://www.loc.gov/standards/alto/ns-v4# http://www.loc.gov/standards/alto/v4/alto-4-2.xsd">
  <Description>
    <MeasurementUnit>pixel</MeasurementUnit>
    <sourceImageInformation>
      <fileName>TwoIsmailiTreatises065.jpg</fileName>
      
    </sourceImageInformation>
  </Description>
  
  <Tags>
    <OtherTag ID="BT16074" LABEL="MarginTextZone:commentary" DESCRIPTION="block type MarginTextZone:commentary"/><OtherTag ID="BT16073" LABEL="MarginTextZone:note#1" DESCRIPTION="block type MarginTextZone:note#1"/><OtherTag ID="BT16072" LABEL="MainZone:column#2" DESCRIPTION="block type MainZone:column#2"/><OtherTag ID="BT16071" LABEL="MainZone:column#3" DESCRIPTION="block type MainZone:column#3"/><OtherTag ID="BT16070" LABEL="GraphicZone:illustration" DESCRIPTION="block type GraphicZone:illustration"/><OtherTag ID="BT16069" LABEL="MainZone:column#1" DESCRIPTION="block type MainZone:column#1"/><OtherTag ID="BT16068" LABEL="MarginTextZone:note#2" DESCRIPTION="block type MarginTextZone:note#2"/><OtherTag ID="BT16067" LABEL="CustomZone:publication" DESCRIPTION="block type CustomZone:publication"/><OtherTag ID="BT16066" LABEL="RunningTitleZone" DESCRIPTION="block type RunningTitleZone"/><OtherTag ID="BT16065" LABEL="NumberingZone" DESCRIPTION="block type NumberingZone"/><OtherTag ID="BT16064" LABEL="default" DESCRIPTION="block type default"/><OtherTag ID="BT16063" LABEL="TitlePageZone" DESCRIPTION="block type TitlePageZone"/><OtherTag ID="BT16062" LABEL="NumberingZone:other" DESCRIPTION="block type NumberingZone:other"/><OtherTag ID="BT16061" LABEL="QuireMarksZone:catchwords" DESCRIPTION="block type QuireMarksZone:catchwords"/><OtherTag ID="BT16060" LABEL="MainZone" DESCRIPTION="block type MainZone"/><OtherTag ID="BT16059" LABEL="NumberingZone:page" DESCRIPTION="block type NumberingZone:page"/><OtherTag ID="BT16058" LABEL="MarginTextZone:note" DESCRIPTION="block type MarginTextZone:note"/><OtherTag ID="BT16057" LABEL="DigitizationArtefactZone" DESCRIPTION="block type DigitizationArtefactZone"/><OtherTag ID="BT4" LABEL="Illustration" DESCRIPTION="block type Illustration"/><OtherTag ID="BT3" LABEL="Commentary" DESCRIPTION="block type Commentary"/><OtherTag ID="BT2" LABEL="Main" DESCRIPTION="block type Main"/><OtherTag ID="BT1" LABEL="Title" DESCRIPTION="block type Title"/>
    <OtherTag ID="LT4834" LABEL="DefaultLine" DESCRIPTION="line type DefaultLine"/><OtherTag ID="LT4835" LABEL="HeadingLine:title" DESCRIPTION="line type HeadingLine:title"/>
  </Tags>
  
  <Layout>
    <Page WIDTH="1533"
          HEIGHT="2211"
          PHYSICAL_IMG_NR="61"
          ID="eSc_dummypage_">
      <PrintSpace HPOS="0"
                  VPOS="0"
                  WIDTH="1533"
                  HEIGHT="2211">
        
        <TextBlock HPOS="412"
                   VPOS="302"
                   WIDTH="109"
                   HEIGHT="20"
                   ID="eSc_textblock_9053b407"
                   TAGREFS="BT16064">
          <Shape><Polygon POINTS="429 302 506 302 521 322 412 322 429 302"/></Shape>
          
          
          <TextLine ID="eSc_line_7fe44f8c"
                    TAGREFS="LT4834"
                    BASELINE="416 324 569 311" 
                    HPOS="414"
                    VPOS="280"
                    WIDTH="155"
                    HEIGHT="68">
            <Shape><Polygon POINTS="506 305 488 302 469 318 451 318 432 322 414 322 416 324 418 348 569 331 569 311 561 280 512 296 504 296 506 305"/></Shape>
	    <String CONTENT=""
                    HPOS="414"
                    VPOS="280"
                    WIDTH="155"
                    HEIGHT="68"></String>
          </TextLine>

          
        </TextBlock>
        
        <TextBlock HPOS="235"
                   VPOS="596"
                   WIDTH="367"
                   HEIGHT="58"
                   ID="eSc_textblock_103b997b"
                   TAGREFS="BT16064">
          <Shape><Polygon POINTS="333 596 528 596 538 619 567 611 602 617 455 654 235 624 333 596"/></Shape>
          
          
          <TextLine ID="eSc_line_8e033945"
                    TAGREFS="LT4834"
                    BASELINE="127 626 595 626" 
                    HPOS="127"
                    VPOS="587"
                    WIDTH="468"
                    HEIGHT="70">
            <Shape><Polygon POINTS="587 619 569 624 550 624 532 611 514 596 495 596 477 596 458 596 440 596 421 596 403 596 392 596 372 598 364 596 348 596 329 596 311 602 292 606 274 624 256 622 237 624 235 604 211 604 210 602 189 587 187 587 186 587 184 587 127 600 127 626 127 646 178 655 180 655 182 655 200 646 256 652 257 652 259 652 278 644 287 641 298 644 322 650 324 650 326 650 327 650 329 650 329 648 337 643 340 639 396 639 399 641 412 654 412 655 414 655 416 655 418 657 468 657 468 655 469 655 471 655 471 654 484 643 550 655 552 655 554 655 595 637 595 626 595 617 587 619"/></Shape>
	    <String CONTENT=""
                    HPOS="127"
                    VPOS="587"
                    WIDTH="468"
                    HEIGHT="70"></String>
          </TextLine>

          
        </TextBlock>
        
        <TextBlock HPOS="198"
                   VPOS="692"
                   WIDTH="463"
                   HEIGHT="65"
                   ID="eSc_textblock_f436fb9c"
                   TAGREFS="BT16064">
          <Shape><Polygon POINTS="340 692 506 692 661 720 455 757 198 742 213 700 340 692"/></Shape>
          
          
          <TextLine ID="eSc_line_f6acefd1"
                    TAGREFS="LT4834"
                    BASELINE="145 727 596 727" 
                    HPOS="145"
                    VPOS="692"
                    WIDTH="451"
                    HEIGHT="74">
            <Shape><Polygon POINTS="587 707 569 703 550 700 532 696 514 692 510 692 480 698 468 692 458 692 442 692 436 698 429 692 421 692 403 692 385 692 366 692 348 692 329 692 322 700 320 700 217 700 200 724 195 700 145 700 145 727 145 760 173 760 173 759 175 759 176 759 202 740 250 740 265 755 274 762 274 764 276 764 278 764 280 766 340 766 340 764 342 764 374 749 392 740 403 748 427 764 429 764 431 764 432 764 434 764 436 764 460 746 534 757 536 757 538 757 596 738 596 727 596 707 587 707"/></Shape>
	    <String CONTENT="مولاياذکره السلام"
                    HPOS="145"
                    VPOS="692"
                    WIDTH="451"
                    HEIGHT="74"
                    WC="0.9332891737713533"></String>
          </TextLine>

          
        </TextBlock>
        
        <TextBlock HPOS="722"
                   VPOS="309"
                   WIDTH="42"
                   HEIGHT="13"
                   ID="eSc_textblock_89f568de"
                   TAGREFS="BT16064">
          <Shape><Polygon POINTS="738 309 757 309 764 322 722 322 738 309"/></Shape>
          
          
          <TextLine ID="eSc_line_817e9257"
                    TAGREFS="LT4834"
                    BASELINE="685 316 836 316" 
                    HPOS="685"
                    VPOS="245"
                    WIDTH="151"
                    HEIGHT="99">
            <Shape><Polygon POINTS="685 316 685 337 692 344 694 344 696 344 698 344 836 333 836 316 836 267 722 245 720 245 718 245 716 245 685 265 685 316"/></Shape>
	    <String CONTENT="ع"
                    HPOS="685"
                    VPOS="245"
                    WIDTH="151"
                    HEIGHT="99"
                    WC="0.9847627282142639"></String>
          </TextLine>

          
        </TextBlock>
        
        <TextBlock HPOS="737"
                   VPOS="397"
                   WIDTH="337"
                   HEIGHT="43"
                   ID="eSc_textblock_7251fc66"
                   TAGREFS="BT16064">
          <Shape><Polygon POINTS="768 397 862 412 884 397 1074 410 773 440 737 425 768 397"/></Shape>
          
          
          <TextLine ID="eSc_line_4a84ccca"
                    TAGREFS="LT4834"
                    BASELINE="865 418 1131 410" 
                    HPOS="864"
                    VPOS="375"
                    WIDTH="267"
                    HEIGHT="85">
            <Shape><Polygon POINTS="1066 410 1048 412 1029 410 1011 412 993 405 974 403 956 401 937 401 919 399 901 397 882 397 864 409 865 418 865 447 915 460 917 460 980 445 991 455 991 456 993 456 994 456 996 458 1055 458 1055 456 1057 456 1059 456 1059 455 1079 438 1079 436 1131 434 1131 410 1125 375 1074 377 1072 377 1070 377 1066 410"/></Shape>
	    <String CONTENT="مسعوو"
                    HPOS="864"
                    VPOS="375"
                    WIDTH="267"
                    HEIGHT="85"
                    WC="0.8186535775661469"></String>
          </TextLine>

          
        </TextBlock>
        
        <TextBlock HPOS="700"
                   VPOS="685"
                   WIDTH="381"
                   HEIGHT="72"
                   ID="eSc_textblock_a19ade13"
                   TAGREFS="BT16064">
          <Shape><Polygon POINTS="930 685 1066 692 1081 735 928 757 700 727 729 692 930 685"/></Shape>
          
          
          <TextLine ID="eSc_line_6b914418"
                    TAGREFS="LT4834"
                    BASELINE="678 725 945 725" 
                    HPOS="678"
                    VPOS="685"
                    WIDTH="267"
                    HEIGHT="66">
            <Shape><Polygon POINTS="936 685 917 685 899 685 889 685 875 685 862 687 843 687 825 689 807 689 788 689 770 690 751 690 733 690 714 707 711 690 678 690 678 725 678 737 720 749 722 749 724 751 893 751 893 749 945 737 945 725 943 685 936 685"/></Shape>
	    <String CONTENT=""
                    HPOS="678"
                    VPOS="685"
                    WIDTH="267"
                    HEIGHT="66"></String>
          </TextLine>

          
          
          <TextLine ID="eSc_line_9543e85e"
                    TAGREFS="LT4834"
                    BASELINE="1011 727 1127 724" 
                    HPOS="1009"
                    VPOS="683"
                    WIDTH="118"
                    HEIGHT="74">
            <Shape><Polygon POINTS="1064 698 1057 694 1009 690 1011 727 1011 744 1048 757 1050 757 1052 757 1053 757 1055 757 1081 738 1081 737 1125 733 1127 724 1123 685 1087 683 1085 683 1083 683 1081 683 1077 687 1064 694 1064 698"/></Shape>
	    <String CONTENT="مص"
                    HPOS="1009"
                    VPOS="683"
                    WIDTH="118"
                    HEIGHT="74"
                    WC="0.9976112842559814"></String>
          </TextLine>

          
        </TextBlock>
        
        <TextBlock HPOS="117"
                   VPOS="1024"
                   WIDTH="1075"
                   HEIGHT="389"
                   ID="eSc_textblock_58b1b8ba"
                   TAGREFS="BT16060">
          <Shape><Polygon POINTS="141 1024 661 1068 631 1096 447 1118 661 1127 676 1155 631 1221 678 1252 912 1223 759 1184 781 1142 972 1118 854 1076 1147 1031 1184 1061 1192 1391 1177 1413 683 1383 631 1413 147 1405 132 1326 302 1311 154 1310 125 1287 132 1230 346 1216 117 1199 125 1127 420 1112 117 1096 141 1024"/></Shape>
          
          
          <TextLine ID="eSc_line_de454e4e"
                    TAGREFS="LT4834"
                    BASELINE="151 1127 213 1122" 
                    HPOS="149"
                    VPOS="1118"
                    WIDTH="66"
                    HEIGHT="31">
            <Shape><Polygon POINTS="204 1118 186 1120 167 1123 149 1123 151 1127 152 1149 215 1149 213 1122 211 1118 204 1118"/></Shape>
	    <String CONTENT=""
                    HPOS="149"
                    VPOS="1118"
                    WIDTH="66"
                    HEIGHT="31"></String>
          </TextLine>

          
          
          <TextLine ID="eSc_line_9d0ddded"
                    TAGREFS="LT4834"
                    BASELINE="436 1125 598 1118" 
                    HPOS="434"
                    VPOS="1099"
                    WIDTH="164"
                    HEIGHT="59">
            <Shape><Polygon POINTS="582 1101 563 1118 545 1118 526 1116 508 1120 490 1120 471 1118 453 1118 447 1101 434 1101 436 1125 436 1151 471 1158 473 1158 475 1158 477 1158 493 1146 501 1140 512 1144 549 1155 550 1155 552 1155 554 1155 598 1133 598 1118 593 1099 582 1101"/></Shape>
	    <String CONTENT=""
                    HPOS="434"
                    VPOS="1099"
                    WIDTH="164"
                    HEIGHT="59"></String>
          </TextLine>

          
          
          <TextLine ID="eSc_line_60aa3236"
                    TAGREFS="LT4834"
                    BASELINE="994 1118 1131 1111" 
                    HPOS="991"
                    VPOS="1074"
                    WIDTH="140"
                    HEIGHT="64">
            <Shape><Polygon POINTS="994 1118 994 1127 1024 1138 1026 1138 1028 1138 1131 1122 1131 1111 1125 1074 991 1083 994 1118"/></Shape>
	    <String CONTENT="معد"
                    HPOS="991"
                    VPOS="1074"
                    WIDTH="140"
                    HEIGHT="64"
                    WC="0.9908676346143087"></String>
          </TextLine>

          
          
          <TextLine ID="eSc_line_677ebb83"
                    TAGREFS="LT4834"
                    BASELINE="458 1223 608 1223" 
                    HPOS="458"
                    VPOS="1179"
                    WIDTH="150"
                    HEIGHT="73">
            <Shape><Polygon POINTS="458 1223 458 1238 521 1252 523 1252 608 1234 608 1223 608 1193 589 1181 587 1181 585 1181 584 1181 582 1181 567 1188 536 1179 534 1179 532 1179 530 1179 528 1179 499 1197 458 1197 458 1223"/></Shape>
	    <String CONTENT="مهر لقيه"
                    HPOS="458"
                    VPOS="1179"
                    WIDTH="150"
                    HEIGHT="73"
                    WC="0.9290801584720612"></String>
          </TextLine>

          
          
          <TextLine ID="eSc_line_fa76c834"
                    TAGREFS="LT4834"
                    BASELINE="991 1217 1140 1210" 
                    HPOS="989"
                    VPOS="1155"
                    WIDTH="151"
                    HEIGHT="85">
            <Shape><Polygon POINTS="991 1217 991 1228 1063 1240 1064 1240 1140 1221 1140 1210 1133 1171 1116 1179 1109 1173 1087 1155 1085 1155 1083 1155 1059 1155 1057 1155 1055 1155 1053 1155 1015 1182 1011 1186 989 1186 991 1217"/></Shape>
	    <String CONTENT="معرفت"
                    HPOS="989"
                    VPOS="1155"
                    WIDTH="151"
                    HEIGHT="85"
                    WC="0.8750161290168762"></String>
          </TextLine>

          
          
          <TextLine ID="eSc_line_a3980cde"
                    TAGREFS="LT4834"
                    BASELINE="143 1328 246 1328" 
                    HPOS="143"
                    VPOS="1315"
                    WIDTH="103"
                    HEIGHT="35">
            <Shape><Polygon POINTS="235 1317 217 1317 198 1319 180 1321 162 1322 143 1324 143 1328 143 1339 160 1350 162 1350 163 1350 165 1350 246 1337 246 1328 245 1315 235 1317"/></Shape>
	    <String CONTENT=""
                    HPOS="143"
                    VPOS="1315"
                    WIDTH="103"
                    HEIGHT="35"></String>
          </TextLine>

          
          
          <TextLine ID="eSc_line_cdeca459"
                    TAGREFS="LT4834"
                    BASELINE="304 1326 608 1326" 
                    HPOS="304"
                    VPOS="1269"
                    WIDTH="304"
                    HEIGHT="87">
            <Shape><Polygon POINTS="304 1326 304 1343 327 1341 333 1343 346 1354 348 1354 350 1354 351 1354 445 1343 468 1354 469 1354 471 1354 473 1354 475 1354 491 1345 501 1352 501 1354 503 1354 504 1354 506 1356 547 1356 547 1354 608 1339 608 1326 608 1293 556 1271 554 1271 552 1271 550 1271 493 1293 475 1278 473 1278 471 1278 469 1278 468 1278 466 1278 447 1289 425 1271 425 1269 423 1269 421 1269 377 1269 375 1269 374 1269 372 1269 335 1293 304 1293 304 1326"/></Shape>
	    <String CONTENT="ناجى ورستگار"
                    HPOS="304"
                    VPOS="1269"
                    WIDTH="304"
                    HEIGHT="87"
                    WC="0.9832533448934555"></String>
          </TextLine>

          
          
          <TextLine ID="eSc_line_d08dcebd"
                    TAGREFS="LT4834"
                    BASELINE="700 1322 773 1317" 
                    HPOS="696"
                    VPOS="1280"
                    WIDTH="77"
                    HEIGHT="61">
            <Shape><Polygon POINTS="700 1322 700 1341 773 1339 773 1317 768 1280 696 1284 700 1322"/></Shape>
	    <String CONTENT=""
                    HPOS="696"
                    VPOS="1280"
                    WIDTH="77"
                    HEIGHT="61"></String>
          </TextLine>

          
          
          <TextLine ID="eSc_line_4a128059"
                    TAGREFS="LT4834"
                    BASELINE="994 1319 1144 1319" 
                    HPOS="994"
                    VPOS="1275"
                    WIDTH="150"
                    HEIGHT="73">
            <Shape><Polygon POINTS="994 1319 994 1328 1035 1348 1037 1348 1039 1348 1144 1332 1144 1319 1144 1284 1083 1275 1081 1275 1079 1275 1050 1287 1044 1291 994 1291 994 1319"/></Shape>
	    <String CONTENT="مغرب"
                    HPOS="994"
                    VPOS="1275"
                    WIDTH="150"
                    HEIGHT="73"
                    WC="0.9856139421463013"></String>
          </TextLine>

          
        </TextBlock>
        
        <TextBlock HPOS="722"
                   VPOS="773"
                   WIDTH="359"
                   HEIGHT="102"
                   ID="eSc_textblock_74a8e088"
                   TAGREFS="BT16064">
          <Shape><Polygon POINTS="945 773 1081 801 906 818 1074 818 1044 825 1066 853 1015 875 722 853 729 788 945 773"/></Shape>
          
          
          <TextLine ID="eSc_line_7b93b5db"
                    TAGREFS="LT4834"
                    BASELINE="679 825 1127 812" 
                    HPOS="678"
                    VPOS="770"
                    WIDTH="449"
                    HEIGHT="92">
            <Shape><Polygon POINTS="1064 801 1046 814 1028 814 1009 814 991 814 972 814 954 814 936 810 917 818 906 795 902 795 893 786 882 775 880 777 862 777 843 779 825 781 821 781 810 790 760 784 751 786 733 786 731 781 698 779 696 779 694 779 692 779 692 781 678 794 679 825 679 843 711 843 713 843 746 862 748 862 749 862 803 856 805 856 807 856 807 854 808 854 816 845 902 858 904 858 906 858 948 840 952 838 952 840 971 856 971 858 972 858 974 858 976 860 998 860 998 858 1000 858 1063 838 1081 832 1125 836 1127 812 1122 770 1076 773 1074 773 1072 773 1072 775 1068 777 1064 801"/></Shape>
	    <String CONTENT="روگره انجود وان يخ "
                    HPOS="678"
                    VPOS="770"
                    WIDTH="449"
                    HEIGHT="92"
                    WC="0.7837274937253249"></String>
          </TextLine>

          
        </TextBlock>
        
        <TextBlock HPOS="737"
                   VPOS="891"
                   WIDTH="381"
                   HEIGHT="161"
                   ID="eSc_textblock_f70ec5d8"
                   TAGREFS="BT16064">
          <Shape><Polygon POINTS="856 891 993 891 1118 926 1002 978 971 1052 766 1052 737 1017 788 965 751 913 856 891"/></Shape>
          
          
          <TextLine ID="eSc_line_c7ddc303"
                    TAGREFS="LT4834"
                    BASELINE="888 934 1136 921" 
                    HPOS="884"
                    VPOS="882"
                    WIDTH="252"
                    HEIGHT="85">
            <Shape><Polygon POINTS="1107 919 1088 919 1070 913 1052 908 1033 902 1015 897 994 891 976 891 958 891 939 891 934 891 884 908 888 934 888 950 956 967 958 967 1017 954 1053 961 1055 961 1057 961 1136 939 1136 921 1131 882 1111 886 1107 919"/></Shape>
	    <String CONTENT="ماشرای"
                    HPOS="884"
                    VPOS="882"
                    WIDTH="252"
                    HEIGHT="85"
                    WC="0.8193755447864532"></String>
          </TextLine>

          
        </TextBlock>
        
        <TextBlock HPOS="1017"
                   VPOS="619"
                   WIDTH="94"
                   HEIGHT="20"
                   ID="eSc_textblock_3485fd00"
                   TAGREFS="BT16064">
          <Shape><Polygon POINTS="1018 619 1111 619 1111 624 1017 639 1018 619"/></Shape>
          
          
          <TextLine ID="eSc_line_75fe6e24"
                    TAGREFS="LT4834"
                    BASELINE="996 624 1135 620" 
                    HPOS="994"
                    VPOS="585"
                    WIDTH="141"
                    HEIGHT="67">
            <Shape><Polygon POINTS="1105 620 1087 619 1068 619 1050 619 1031 619 1013 617 1011 602 994 602 996 624 996 641 1028 652 1029 652 1031 652 1135 643 1135 620 1127 585 1109 589 1105 620"/></Shape>
	    <String CONTENT=""
                    HPOS="994"
                    VPOS="585"
                    WIDTH="141"
                    HEIGHT="67"></String>
          </TextLine>

          
        </TextBlock>
        
        <TextBlock HPOS="729"
                   VPOS="1193"
                   WIDTH="101"
                   HEIGHT="50"
                   ID="eSc_textblock_8fb41225"
                   TAGREFS="BT16059">
          <Shape><Polygon POINTS="768 1193 816 1201 830 1236 729 1243 729 1208 768 1193"/></Shape>
          
          
          <TextLine ID="eSc_line_ba5d8e6b"
                    TAGREFS="LT4834"
                    BASELINE="705 1223 768 1223" 
                    HPOS="705"
                    VPOS="1192"
                    WIDTH="63"
                    HEIGHT="48">
            <Shape><Polygon POINTS="760 1195 742 1203 738 1192 705 1192 705 1223 705 1236 766 1240 768 1223 768 1193 760 1195"/></Shape>
	    <String CONTENT=""
                    HPOS="705"
                    VPOS="1192"
                    WIDTH="63"
                    HEIGHT="48"></String>
          </TextLine>

          
        </TextBlock>
        
        <TextBlock HPOS="132"
                   VPOS="1422"
                   WIDTH="536"
                   HEIGHT="212"
                   ID="eSc_textblock_4c831254"
                   TAGREFS="BT16060">
          <Shape><Polygon POINTS="158 1422 654 1429 668 1494 631 1523 661 1532 668 1590 631 1619 661 1634 206 1634 257 1614 140 1604 147 1525 361 1510 147 1509 132 1444 158 1422"/></Shape>
          
          
          <TextLine ID="eSc_line_8a33ea2a"
                    TAGREFS="LT4834"
                    BASELINE="143 1429 234 1424" 
                    HPOS="141"
                    VPOS="1422"
                    WIDTH="93"
                    HEIGHT="29">
            <Shape><Polygon POINTS="215 1422 197 1422 178 1422 160 1422 141 1426 143 1429 143 1440 169 1451 171 1451 173 1451 175 1451 234 1433 234 1424 232 1422 215 1422"/></Shape>
	    <String CONTENT=""
                    HPOS="141"
                    VPOS="1422"
                    WIDTH="93"
                    HEIGHT="29"></String>
          </TextLine>

          
          
          <TextLine ID="eSc_line_e5e30101"
                    TAGREFS="LT4834"
                    BASELINE="141 1525 615 1525" 
                    HPOS="141"
                    VPOS="1479"
                    WIDTH="474"
                    HEIGHT="77">
            <Shape><Polygon POINTS="344 1510 326 1512 307 1512 289 1514 270 1516 252 1518 234 1518 215 1520 197 1521 178 1521 160 1523 143 1501 141 1501 141 1525 141 1540 167 1553 169 1553 171 1553 263 1540 281 1555 283 1555 285 1555 287 1555 289 1555 318 1542 414 1555 416 1555 418 1555 420 1555 434 1544 466 1553 468 1553 469 1553 471 1553 473 1553 488 1542 501 1553 501 1555 503 1555 504 1555 506 1556 541 1556 541 1555 543 1555 545 1555 545 1553 560 1540 615 1540 615 1525 615 1499 574 1479 573 1479 571 1479 469 1490 375 1479 374 1479 372 1479 370 1479 346 1494 344 1510"/></Shape>
	    <String CONTENT="با صر خسرواستد"
                    HPOS="141"
                    VPOS="1479"
                    WIDTH="474"
                    HEIGHT="77"
                    WC="0.9603564952101026"></String>
          </TextLine>

          
          
          <TextLine ID="eSc_line_56e67f0a"
                    TAGREFS="LT4834"
                    BASELINE="141 1621 613 1615" 
                    HPOS="141"
                    VPOS="1558"
                    WIDTH="472"
                    HEIGHT="92">
            <Shape><Polygon POINTS="250 1614 232 1617 213 1610 195 1608 186 1606 141 1621 141 1643 187 1639 219 1643 269 1650 270 1650 272 1650 309 1641 322 1637 326 1641 333 1647 333 1649 335 1649 337 1649 339 1650 399 1650 399 1649 401 1649 403 1649 403 1647 412 1637 414 1636 458 1636 462 1637 490 1647 491 1647 493 1647 547 1636 576 1647 578 1647 580 1647 582 1647 613 1632 613 1615 606 1558 565 1569 508 1566 410 1560 409 1560 407 1560 370 1579 357 1584 348 1580 313 1566 311 1566 309 1566 307 1566 256 1584 250 1614"/></Shape>
	    <String CONTENT="نزار ا مصطفی"
                    HPOS="141"
                    VPOS="1558"
                    WIDTH="472"
                    HEIGHT="92"
                    WC="0.9134637216726939"></String>
          </TextLine>

          
        </TextBlock>
        
        <TextBlock HPOS="1068"
                   VPOS="1017"
                   WIDTH="28"
                   HEIGHT="12"
                   ID="eSc_textblock_39c81957"
                   TAGREFS="BT16064">
          <Shape><Polygon POINTS="1085 1017 1096 1029 1068 1029 1076 1017 1085 1017"/></Shape>
          
          
          <TextLine ID="eSc_line_f839854a"
                    TAGREFS="LT4834"
                    BASELINE="1018 1028 1129 1018" 
                    HPOS="1015"
                    VPOS="974"
                    WIDTH="116"
                    HEIGHT="92">
            <Shape><Polygon POINTS="1072 1018 1064 994 1059 993 1055 991 1053 991 1052 991 1050 991 1015 1002 1018 1028 1018 1050 1070 1066 1072 1066 1074 1066 1112 1063 1114 1063 1116 1063 1116 1061 1131 1044 1129 1018 1123 974 1098 976 1096 976 1094 976 1094 978 1092 978 1088 983 1074 998 1072 1018"/></Shape>
	    <String CONTENT="معجراه"
                    HPOS="1015"
                    VPOS="974"
                    WIDTH="116"
                    HEIGHT="92"
                    WC="0.8865237633387247"></String>
          </TextLine>

          
        </TextBlock>
        
        <TextBlock HPOS="744"
                   VPOS="1407"
                   WIDTH="153"
                   HEIGHT="20"
                   ID="eSc_textblock_ac968721"
                   TAGREFS="BT16064">
          <Shape><Polygon POINTS="827 1407 897 1427 744 1427 744 1415 827 1407"/></Shape>
          
          
          <TextLine ID="eSc_line_8c7f22eb"
                    TAGREFS="LT4834"
                    BASELINE="696 1420 836 1416" 
                    HPOS="694"
                    VPOS="1383"
                    WIDTH="142"
                    HEIGHT="70">
            <Shape><Polygon POINTS="823 1407 805 1407 786 1409 768 1411 749 1413 742 1385 694 1383 696 1420 696 1444 711 1453 713 1453 714 1453 716 1453 718 1453 751 1444 783 1451 784 1451 786 1451 788 1451 836 1435 836 1416 834 1409 823 1407"/></Shape>
	    <String CONTENT=""
                    HPOS="694"
                    VPOS="1383"
                    WIDTH="142"
                    HEIGHT="70"></String>
          </TextLine>

          
        </TextBlock>
        
        <TextBlock HPOS="692"
                   VPOS="1422"
                   WIDTH="500"
                   HEIGHT="322"
                   ID="eSc_textblock_68b1ef64"
                   TAGREFS="BT16060">
          <Shape><Polygon POINTS="1122 1422 1184 1429 1192 1466 1177 1744 928 1737 1127 1717 928 1693 950 1643 899 1628 985 1604 737 1582 759 1540 882 1509 692 1494 781 1437 1122 1422"/></Shape>
          
          
          <TextLine ID="eSc_line_8d2b44e2"
                    TAGREFS="LT4834"
                    BASELINE="867 1521 1151 1514" 
                    HPOS="867"
                    VPOS="1442"
                    WIDTH="284"
                    HEIGHT="107">
            <Shape><Polygon POINTS="867 1501 867 1521 867 1532 936 1549 937 1549 939 1549 993 1532 1111 1544 1112 1544 1114 1544 1151 1525 1151 1514 1144 1442 1087 1466 1070 1451 1061 1444 1059 1444 1057 1444 1055 1444 1053 1444 1022 1459 1020 1459 974 1446 972 1446 971 1446 969 1446 967 1446 926 1472 912 1481 871 1481 867 1501"/></Shape>
	    <String CONTENT="ملک شاه سلجوقی"
                    HPOS="867"
                    VPOS="1442"
                    WIDTH="284"
                    HEIGHT="107"
                    WC="0.9219959293093"></String>
          </TextLine>

          
          
          <TextLine ID="eSc_line_7ed4a7e7"
                    TAGREFS="LT4834"
                    BASELINE="926 1615 1155 1610" 
                    HPOS="924"
                    VPOS="1545"
                    WIDTH="231"
                    HEIGHT="109">
            <Shape><Polygon POINTS="980 1604 961 1610 943 1610 924 1599 926 1615 926 1654 985 1652 987 1652 1004 1645 1035 1628 1155 1619 1155 1610 1149 1545 1011 1573 1009 1573 1007 1573 1007 1575 993 1590 982 1590 980 1604"/></Shape>
	    <String CONTENT="ملک شويم"
                    HPOS="924"
                    VPOS="1545"
                    WIDTH="231"
                    HEIGHT="109"
                    WC="0.9040987938642502"></String>
          </TextLine>

          
        </TextBlock>
        
        <TextBlock HPOS="1009"
                   VPOS="1415"
                   WIDTH="43"
                   HEIGHT="5"
                   ID="eSc_textblock_1aebb3c1"
                   TAGREFS="BT16064">
          <Shape><Polygon POINTS="1018 1415 1052 1415 1052 1420 1009 1420 1018 1415"/></Shape>
          
          
          <TextLine ID="eSc_line_1f700e0f"
                    TAGREFS="LT4834"
                    BASELINE="915 1418 1146 1413" 
                    HPOS="913"
                    VPOS="1352"
                    WIDTH="233"
                    HEIGHT="110">
            <Shape><Polygon POINTS="1042 1415 1024 1415 1017 1389 1015 1389 994 1368 989 1365 989 1363 987 1363 985 1363 983 1363 982 1363 980 1363 965 1372 939 1387 913 1380 915 1418 915 1462 963 1462 965 1462 967 1462 967 1461 976 1453 1000 1427 1024 1424 1077 1433 1105 1438 1107 1438 1109 1438 1146 1420 1146 1413 1140 1352 1076 1367 1074 1367 1072 1367 1072 1368 1052 1389 1046 1389 1042 1415"/></Shape>
	    <String CONTENT="ملک اسلام"
                    HPOS="913"
                    VPOS="1352"
                    WIDTH="233"
                    HEIGHT="110"
                    WC="0.8833218548032973"></String>
          </TextLine>

          
        </TextBlock>
        
        <TextBlock HPOS="751"
                   VPOS="1599"
                   WIDTH="161"
                   HEIGHT="50"
                   ID="eSc_textblock_824e39b7"
                   TAGREFS="BT16064">
          <Shape><Polygon POINTS="827 1599 912 1606 904 1649 751 1619 827 1599"/></Shape>
          
          
          <TextLine ID="eSc_line_222ced38"
                    TAGREFS="LT4834"
                    BASELINE="692 1619 834 1619" 
                    HPOS="692"
                    VPOS="1584"
                    WIDTH="142"
                    HEIGHT="65">
            <Shape><Polygon POINTS="821 1599 803 1604 784 1608 766 1617 759 1586 727 1584 725 1584 724 1584 692 1593 692 1619 692 1637 832 1649 834 1619 834 1599 821 1599"/></Shape>
	    <String CONTENT=""
                    HPOS="692"
                    VPOS="1584"
                    WIDTH="142"
                    HEIGHT="65"></String>
          </TextLine>

          
        </TextBlock>
        
        <TextBlock HPOS="184"
                   VPOS="1908"
                   WIDTH="27"
                   HEIGHT="35"
                   ID="eSc_textblock_3d9ec48a"
                   TAGREFS="BT16061">
          <Shape><Polygon POINTS="193 1908 211 1908 204 1943 184 1943 193 1908"/></Shape>
          
          
          <TextLine ID="eSc_line_656aa5e0"
                    TAGREFS="LT4834"
                    BASELINE="167 1932 228 1932" 
                    HPOS="167"
                    VPOS="1899"
                    WIDTH="61"
                    HEIGHT="65">
            <Shape><Polygon POINTS="204 1923 186 1919 184 1905 167 1906 167 1932 167 1951 226 1964 228 1932 226 1899 208 1901 204 1923"/></Shape>
	    <String CONTENT=""
                    HPOS="167"
                    VPOS="1899"
                    WIDTH="61"
                    HEIGHT="65"></String>
          </TextLine>

          
        </TextBlock>
        
        <TextBlock HPOS="140"
                   VPOS="582"
                   WIDTH="12"
                   HEIGHT="13"
                   ID="eSc_textblock_cbed4fb1"
                   TAGREFS="BT16060">
          <Shape><Polygon POINTS="149 582 152 587 140 595 140 582 149 582"/></Shape>
          
        </TextBlock>
        
        <TextBlock HPOS="184"
                   VPOS="552"
                   WIDTH="5"
                   HEIGHT="6"
                   ID="eSc_textblock_3626cecb"
                   TAGREFS="BT16060">
          <Shape><Polygon POINTS="189 556 184 558 184 552 189 552 189 556"/></Shape>
          
        </TextBlock>
        
        <TextBlock HPOS="184"
                   VPOS="582"
                   WIDTH="5"
                   HEIGHT="5"
                   ID="eSc_textblock_fd075059"
                   TAGREFS="BT16060">
          <Shape><Polygon POINTS="189 585 184 587 184 582 189 582 189 585"/></Shape>
          
        </TextBlock>
        
        <TextBlock HPOS="132"
                   VPOS="324"
                   WIDTH="116"
                   HEIGHT="50"
                   ID="eSc_textblock_b586f85f"
                   TAGREFS="BT16060">
          <Shape><Polygon POINTS="156 324 234 331 248 351 226 374 132 359 156 324"/></Shape>
          
        </TextBlock>
        
        <TextBlock HPOS="125"
                   VPOS="633"
                   WIDTH="138"
                   HEIGHT="43"
                   ID="eSc_textblock_07d5a7f9"
                   TAGREFS="BT16060">
          <Shape><Polygon POINTS="149 633 263 641 263 646 140 676 125 641 149 633"/></Shape>
          
        </TextBlock>
        
        <TextBlock HPOS="272"
                   VPOS="744"
                   WIDTH="28"
                   HEIGHT="13"
                   ID="eSc_textblock_7b8af2ef"
                   TAGREFS="BT16060">
          <Shape><Polygon POINTS="281 744 300 744 300 749 272 757 281 744"/></Shape>
          
        </TextBlock>
        
        <TextBlock HPOS="375"
                   VPOS="280"
                   WIDTH="190"
                   HEIGHT="12"
                   ID="eSc_textblock_f6fb5a53"
                   TAGREFS="BT16060">
          <Shape><Polygon POINTS="377 280 565 280 565 285 375 292 377 280"/></Shape>
          
        </TextBlock>
        
        <TextBlock HPOS="331"
                   VPOS="324"
                   WIDTH="330"
                   HEIGHT="64"
                   ID="eSc_textblock_385baa3d"
                   TAGREFS="BT16060">
          <Shape><Polygon POINTS="392 324 654 339 661 388 339 388 368 361 331 346 392 324"/></Shape>
          
        </TextBlock>
        
        <TextBlock HPOS="324"
                   VPOS="538"
                   WIDTH="344"
                   HEIGHT="42"
                   ID="eSc_textblock_42a8b18d"
                   TAGREFS="BT16060">
          <Shape><Polygon POINTS="385 538 609 538 668 580 324 580 331 545 385 538"/></Shape>
          
        </TextBlock>
        
        <TextBlock HPOS="361"
                   VPOS="420"
                   WIDTH="300"
                   HEIGHT="86"
                   ID="eSc_textblock_d0852f05"
                   TAGREFS="BT16060">
          <Shape><Polygon POINTS="407 420 646 434 661 455 479 469 484 499 434 506 361 455 407 420"/></Shape>
          
        </TextBlock>
        
        <TextBlock HPOS="399"
                   VPOS="648"
                   WIDTH="255"
                   HEIGHT="35"
                   ID="eSc_textblock_3ec11b1f"
                   TAGREFS="BT16060">
          <Shape><Polygon POINTS="399 648 654 648 654 661 646 683 493 683 399 648"/></Shape>
          
        </TextBlock>
        
        <TextBlock HPOS="427"
                   VPOS="751"
                   WIDTH="227"
                   HEIGHT="21"
                   ID="eSc_textblock_a193eb74"
                   TAGREFS="BT16060">
          <Shape><Polygon POINTS="532 751 654 751 654 772 427 772 532 751"/></Shape>
          
        </TextBlock>
        
        <TextBlock HPOS="678"
                   VPOS="560"
                   WIDTH="5"
                   HEIGHT="13"
                   ID="eSc_textblock_8a64eff3"
                   TAGREFS="BT16060">
          <Shape><Polygon POINTS="683 563 683 573 678 573 678 560 683 563"/></Shape>
          
        </TextBlock>
        
        <TextBlock HPOS="759"
                   VPOS="530"
                   WIDTH="418"
                   HEIGHT="57"
                   ID="eSc_textblock_c62113bc"
                   TAGREFS="BT16060">
          <Shape><Polygon POINTS="1107 530 1170 538 1177 573 1002 587 759 558 1107 530"/></Shape>
          
        </TextBlock>
        
        <TextBlock HPOS="980"
                   VPOS="434"
                   WIDTH="175"
                   HEIGHT="57"
                   ID="eSc_textblock_d888e756"
                   TAGREFS="BT16060">
          <Shape><Polygon POINTS="1092 434 1155 442 1133 491 980 455 1092 434"/></Shape>
          
        </TextBlock>
        
        <TextBlock HPOS="1046"
                   VPOS="383"
                   WIDTH="94"
                   HEIGHT="13"
                   ID="eSc_textblock_1737a2da"
                   TAGREFS="BT16060">
          <Shape><Polygon POINTS="1057 383 1140 383 1140 396 1046 388 1057 383"/></Shape>
          
        </TextBlock>
        
        <TextBlock HPOS="1076"
                   VPOS="648"
                   WIDTH="64"
                   HEIGHT="13"
                   ID="eSc_textblock_25213e3d"
                   TAGREFS="BT16060">
          <Shape><Polygon POINTS="1101 648 1140 648 1140 654 1076 661 1101 648"/></Shape>
          
        </TextBlock>
        
        <TextBlock HPOS="1076"
                   VPOS="759"
                   WIDTH="71"
                   HEIGHT="13"
                   ID="eSc_textblock_d5a2fb76"
                   TAGREFS="BT16060">
          <Shape><Polygon POINTS="1092 759 1147 759 1147 772 1076 772 1092 759"/></Shape>
          
        </TextBlock>
        
        <TextBlock HPOS="125"
                   VPOS="748"
                   WIDTH="50"
                   HEIGHT="97"
                   ID="eSc_textblock_16b81b07"
                   TAGREFS="BT16060">
          <Shape><Polygon POINTS="145 748 175 786 145 803 160 838 125 845 145 748"/></Shape>
          
        </TextBlock>
        
        <TextBlock HPOS="147"
                   VPOS="1621"
                   WIDTH="28"
                   HEIGHT="13"
                   ID="eSc_textblock_7ba18fe0"
                   TAGREFS="BT16060">
          <Shape><Polygon POINTS="156 1621 175 1621 175 1634 147 1634 156 1621"/></Shape>
          
        </TextBlock>
        
        <TextBlock HPOS="125"
                   VPOS="972"
                   WIDTH="197"
                   HEIGHT="28"
                   ID="eSc_textblock_c6c43bc9"
                   TAGREFS="BT16060">
          <Shape><Polygon POINTS="127 972 278 972 322 985 125 1000 127 972"/></Shape>
          
        </TextBlock>
        
        <TextBlock HPOS="287"
                   VPOS="935"
                   WIDTH="101"
                   HEIGHT="13"
                   ID="eSc_textblock_261cee60"
                   TAGREFS="BT16060">
          <Shape><Polygon POINTS="311 935 388 935 388 948 287 948 311 935"/></Shape>
          
        </TextBlock>
        
        <TextBlock HPOS="361"
                   VPOS="1658"
                   WIDTH="13"
                   HEIGHT="5"
                   ID="eSc_textblock_64769444"
                   TAGREFS="BT16060">
          <Shape><Polygon POINTS="370 1658 374 1663 361 1663 361 1658 370 1658"/></Shape>
          
        </TextBlock>
        
        <TextBlock HPOS="117"
                   VPOS="858"
                   WIDTH="537"
                   HEIGHT="98"
                   ID="eSc_textblock_7d6522c8"
                   TAGREFS="BT16060">
          <Shape><Polygon POINTS="145 858 654 869 654 897 198 897 145 926 226 941 125 956 117 877 145 858"/></Shape>
          
        </TextBlock>
        
        <TextBlock HPOS="420"
                   VPOS="1842"
                   WIDTH="71"
                   HEIGHT="6"
                   ID="eSc_textblock_55727d58"
                   TAGREFS="BT16060">
          <Shape><Polygon POINTS="431 1842 491 1842 491 1848 420 1848 431 1842"/></Shape>
          
        </TextBlock>
        
        <TextBlock HPOS="574"
                   VPOS="1658"
                   WIDTH="6"
                   HEIGHT="5"
                   ID="eSc_textblock_52351ced"
                   TAGREFS="BT16060">
          <Shape><Polygon POINTS="580 1661 574 1663 574 1658 580 1658 580 1661"/></Shape>
          
        </TextBlock>
        
        <TextBlock HPOS="538"
                   VPOS="1835"
                   WIDTH="93"
                   HEIGHT="20"
                   ID="eSc_textblock_4179914b"
                   TAGREFS="BT16060">
          <Shape><Polygon POINTS="606 1835 631 1848 538 1855 538 1842 606 1835"/></Shape>
          
        </TextBlock>
        
        <TextBlock HPOS="670"
                   VPOS="1083"
                   WIDTH="6"
                   HEIGHT="5"
                   ID="eSc_textblock_6c3ec33f"
                   TAGREFS="BT16060">
          <Shape><Polygon POINTS="676 1087 670 1088 670 1083 676 1083 676 1087"/></Shape>
          
        </TextBlock>
        
        <TextBlock HPOS="692"
                   VPOS="1577"
                   WIDTH="13"
                   HEIGHT="13"
                   ID="eSc_textblock_da8d728b"
                   TAGREFS="BT16060">
          <Shape><Polygon POINTS="702 1577 705 1582 692 1590 692 1577 702 1577"/></Shape>
          
        </TextBlock>
        
        <TextBlock HPOS="928"
                   VPOS="1776"
                   WIDTH="116"
                   HEIGHT="13"
                   ID="eSc_textblock_5e9a9d7d"
                   TAGREFS="BT16060">
          <Shape><Polygon POINTS="1004 1776 1044 1789 928 1789 928 1783 1004 1776"/></Shape>
          
        </TextBlock>
        
        <TextBlock HPOS="1053"
                   VPOS="877"
                   WIDTH="94"
                   HEIGHT="12"
                   ID="eSc_textblock_ac7a41f7"
                   TAGREFS="BT16060">
          <Shape><Polygon POINTS="1087 877 1140 877 1147 889 1053 889 1087 877"/></Shape>
          
        </TextBlock>
        
        <TextBlock HPOS="1076"
                   VPOS="1776"
                   WIDTH="71"
                   HEIGHT="35"
                   ID="eSc_textblock_da261f2a"
                   TAGREFS="BT16060">
          <Shape><Polygon POINTS="1138 1776 1147 1811 1076 1789 1076 1783 1138 1776"/></Shape>
          
        </TextBlock>
        
        <TextBlock HPOS="567"
                   VPOS="154"
                   WIDTH="131"
                   HEIGHT="35"
                   ID="eSc_textblock_30fb1a6c"
                   TAGREFS="BT16059">
          <Shape><Polygon POINTS="641 154 698 189 567 189 582 162 641 154"/></Shape>
          
        </TextBlock>
        
        <TextBlock HPOS="1101"
                   VPOS="1908"
                   WIDTH="17"
                   HEIGHT="21"
                   ID="eSc_textblock_91fb64cb"
                   TAGREFS="BT16061">
          <Shape><Polygon POINTS="1101 1908 1118 1908 1118 1929 1105 1929 1101 1908"/></Shape>
          
        </TextBlock>
        
        <TextBlock HPOS="184"
                   VPOS="316"
                   WIDTH="42"
                   HEIGHT="6"
                   ID="eSc_textblock_bd705d19"
                   TAGREFS="BT16064">
          <Shape><Polygon POINTS="193 316 226 316 226 322 184 322 193 316"/></Shape>
          
        </TextBlock>
        
        <TextBlock HPOS="265"
                   VPOS="604"
                   WIDTH="5"
                   HEIGHT="5"
                   ID="eSc_textblock_153e6050"
                   TAGREFS="BT16064">
          <Shape><Polygon POINTS="270 608 265 609 265 604 270 604 270 608"/></Shape>
          
        </TextBlock>
        
        <TextBlock HPOS="280"
                   VPOS="302"
                   WIDTH="94"
                   HEIGHT="20"
                   ID="eSc_textblock_58a61d0d"
                   TAGREFS="BT16064">
          <Shape><Polygon POINTS="318 302 366 302 374 315 280 322 318 302"/></Shape>
          
        </TextBlock>
        
        <TextBlock HPOS="331"
                   VPOS="412"
                   WIDTH="6"
                   HEIGHT="6"
                   ID="eSc_textblock_87ba755c"
                   TAGREFS="BT16064">
          <Shape><Polygon POINTS="337 416 331 418 331 412 337 412 337 416"/></Shape>
          
        </TextBlock>
        
        <TextBlock HPOS="250"
                   VPOS="781"
                   WIDTH="278"
                   HEIGHT="20"
                   ID="eSc_textblock_735ba5c9"
                   TAGREFS="BT16064">
          <Shape><Polygon POINTS="399 781 528 801 250 801 302 788 399 781"/></Shape>
          
        </TextBlock>
        
        <TextBlock HPOS="633"
                   VPOS="611"
                   WIDTH="13"
                   HEIGHT="6"
                   ID="eSc_textblock_33e62114"
                   TAGREFS="BT16064">
          <Shape><Polygon POINTS="643 611 646 617 633 617 633 611 643 611"/></Shape>
          
        </TextBlock>
        
        <TextBlock HPOS="751"
                   VPOS="515"
                   WIDTH="13"
                   HEIGHT="13"
                   ID="eSc_textblock_9a27e5a5"
                   TAGREFS="BT16064">
          <Shape><Polygon POINTS="760 515 764 528 751 528 751 515 760 515"/></Shape>
          
        </TextBlock>
        
        <TextBlock HPOS="729"
                   VPOS="589"
                   WIDTH="293"
                   HEIGHT="57"
                   ID="eSc_textblock_18b64fab"
                   TAGREFS="BT16064">
          <Shape><Polygon POINTS="952 589 1022 602 971 646 759 646 729 617 808 596 779 631 830 633 832 596 952 589"/></Shape>
          
        </TextBlock>
        
        <TextBlock HPOS="235"
                   VPOS="1105"
                   WIDTH="80"
                   HEIGHT="6"
                   ID="eSc_textblock_c6388521"
                   TAGREFS="BT16064">
          <Shape><Polygon POINTS="245 1105 315 1105 315 1111 235 1111 245 1105"/></Shape>
          
        </TextBlock>
        
        <TextBlock HPOS="272"
                   VPOS="1709"
                   WIDTH="102"
                   HEIGHT="13"
                   ID="eSc_textblock_d5f4e8cc"
                   TAGREFS="BT16064">
          <Shape><Polygon POINTS="318 1709 344 1709 374 1722 272 1722 318 1709"/></Shape>
          
        </TextBlock>
        
        <TextBlock HPOS="257"
                   VPOS="847"
                   WIDTH="249"
                   HEIGHT="13"
                   ID="eSc_textblock_c3238790"
                   TAGREFS="BT16064">
          <Shape><Polygon POINTS="311 847 506 847 506 860 257 860 311 847"/></Shape>
          
        </TextBlock>
        
        <TextBlock HPOS="265"
                   VPOS="994"
                   WIDTH="322"
                   HEIGHT="43"
                   ID="eSc_textblock_0ca893da"
                   TAGREFS="BT16064">
          <Shape><Polygon POINTS="355 994 455 994 587 1015 322 1024 359 1037 265 1015 355 994"/></Shape>
          
        </TextBlock>
        
        <TextBlock HPOS="412"
                   VPOS="1702"
                   WIDTH="116"
                   HEIGHT="20"
                   ID="eSc_textblock_228f4260"
                   TAGREFS="BT16064">
          <Shape><Polygon POINTS="444 1702 514 1702 528 1715 412 1722 444 1702"/></Shape>
          
        </TextBlock>
        
        <TextBlock HPOS="744"
                   VPOS="1510"
                   WIDTH="131"
                   HEIGHT="13"
                   ID="eSc_textblock_9499381c"
                   TAGREFS="BT16064">
          <Shape><Polygon POINTS="760 1510 853 1510 875 1523 744 1523 760 1510"/></Shape>
          
        </TextBlock>
        
        <TextBlock HPOS="744"
                   VPOS="1798"
                   WIDTH="153"
                   HEIGHT="42"
                   ID="eSc_textblock_776713c8"
                   TAGREFS="BT16064">
          <Shape><Polygon POINTS="775 1798 860 1798 897 1820 897 1833 759 1840 744 1813 775 1798"/></Shape>
          
        </TextBlock>
        
        <TextBlock HPOS="759"
                   VPOS="1319"
                   WIDTH="145"
                   HEIGHT="13"
                   ID="eSc_textblock_966bf4d5"
                   TAGREFS="BT16064">
          <Shape><Polygon POINTS="760 1319 904 1319 904 1324 759 1332 760 1319"/></Shape>
          
        </TextBlock>
        
        <TextBlock HPOS="751"
                   VPOS="1665"
                   WIDTH="168"
                   HEIGHT="116"
                   ID="eSc_textblock_599fb327"
                   TAGREFS="BT16064">
          <Shape><Polygon POINTS="849 1665 904 1665 882 1737 919 1752 897 1774 825 1781 751 1744 751 1695 849 1665"/></Shape>
          
        </TextBlock>
        
        <TextBlock HPOS="783"
                   VPOS="1216"
                   WIDTH="121"
                   HEIGHT="12"
                   ID="eSc_textblock_5558ed62"
                   TAGREFS="BT16064">
          <Shape><Polygon POINTS="783 1216 904 1216 904 1221 803 1228 783 1216"/></Shape>
          
        </TextBlock>
        
        <TextBlock HPOS="759"
                   VPOS="1098"
                   WIDTH="175"
                   HEIGHT="35"
                   ID="eSc_textblock_9da93b9d"
                   TAGREFS="BT16064">
          <Shape><Polygon POINTS="775 1098 897 1098 934 1118 781 1133 759 1125 775 1098"/></Shape>
          
        </TextBlock>
        
        <TextBlock HPOS="1068"
                   VPOS="1908"
                   WIDTH="13"
                   HEIGHT="6"
                   ID="eSc_textblock_33b34022"
                   TAGREFS="BT16061">
          <Shape><Polygon POINTS="1072 1908 1081 1908 1081 1914 1068 1914 1072 1908"/></Shape>
          
        </TextBlock>
        
        <TextBlock HPOS="648"
                   VPOS="206"
                   WIDTH="42"
                   HEIGHT="13"
                   ID="eSc_textblock_c8fb3208"
                   TAGREFS="BT16059">
          <Shape><Polygon POINTS="648 206 690 206 690 211 648 219 648 206"/></Shape>
          
        </TextBlock>
        
        <TextBlock HPOS="729"
                   VPOS="405"
                   WIDTH="65"
                   HEIGHT="27"
                   ID="eSc_textblock_da7c41b1"
                   TAGREFS="BT16059">
          <Shape><Polygon POINTS="751 405 779 405 794 425 729 432 751 405"/></Shape>
          
        </TextBlock>
        
        <TextBlock HPOS="744"
                   VPOS="641"
                   WIDTH="35"
                   HEIGHT="5"
                   ID="eSc_textblock_343bc4d4"
                   TAGREFS="BT16059">
          <Shape><Polygon POINTS="751 641 779 641 779 646 744 646 751 641"/></Shape>
          
        </TextBlock>
        
        <TextBlock HPOS="737"
                   VPOS="501"
                   WIDTH="64"
                   HEIGHT="42"
                   ID="eSc_textblock_d43a2c3b"
                   TAGREFS="BT16059">
          <Shape><Polygon POINTS="766 501 801 536 737 543 737 508 766 501"/></Shape>
          
        </TextBlock>
        
        <TextBlock HPOS="744"
                   VPOS="906"
                   WIDTH="57"
                   HEIGHT="13"
                   ID="eSc_textblock_ea833afd"
                   TAGREFS="BT16059">
          <Shape><Polygon POINTS="751 906 801 906 801 919 744 912 751 906"/></Shape>
          
        </TextBlock>
        
        <TextBlock HPOS="744"
                   VPOS="596"
                   WIDTH="79"
                   HEIGHT="13"
                   ID="eSc_textblock_8bc0201e"
                   TAGREFS="BT16059">
          <Shape><Polygon POINTS="773 596 808 596 823 609 744 609 773 596"/></Shape>
          
        </TextBlock>
        
        <TextBlock HPOS="862"
                   VPOS="420"
                   WIDTH="20"
                   HEIGHT="12"
                   ID="eSc_textblock_81414c13"
                   TAGREFS="BT16059">
          <Shape><Polygon POINTS="864 420 882 420 882 425 862 432 864 420"/></Shape>
          
        </TextBlock>
        
        <TextBlock HPOS="891"
                   VPOS="935"
                   WIDTH="13"
                   HEIGHT="6"
                   ID="eSc_textblock_ccc570f2"
                   TAGREFS="BT16059">
          <Shape><Polygon POINTS="901 935 904 941 891 941 891 935 901 935"/></Shape>
          
        </TextBlock>
        
        <TextBlock HPOS="1061"
                   VPOS="1009"
                   WIDTH="35"
                   HEIGHT="13"
                   ID="eSc_textblock_379bd57c"
                   TAGREFS="BT16059">
          <Shape><Polygon POINTS="1061 1009 1096 1009 1096 1015 1061 1022 1061 1009"/></Shape>
          
        </TextBlock>
        
        <TextBlock HPOS="722"
                   VPOS="1695"
                   WIDTH="50"
                   HEIGHT="42"
                   ID="eSc_textblock_99a79e24"
                   TAGREFS="BT16059">
          <Shape><Polygon POINTS="744 1695 772 1707 729 1737 744 1717 722 1702 744 1695"/></Shape>
          
        </TextBlock>
        
        <TextBlock HPOS="744"
                   VPOS="1532"
                   WIDTH="28"
                   HEIGHT="6"
                   ID="eSc_textblock_67b34281"
                   TAGREFS="BT16059">
          <Shape><Polygon POINTS="751 1532 772 1532 772 1538 744 1538 751 1532"/></Shape>
          
        </TextBlock>
        
        <TextBlock HPOS="737"
                   VPOS="1798"
                   WIDTH="64"
                   HEIGHT="42"
                   ID="eSc_textblock_b66d4d6e"
                   TAGREFS="BT16059">
          <Shape><Polygon POINTS="746 1798 786 1798 801 1811 737 1840 746 1798"/></Shape>
          
        </TextBlock>
        
        <TextBlock HPOS="722"
                   VPOS="1326"
                   WIDTH="94"
                   HEIGHT="13"
                   ID="eSc_textblock_8abf8d84"
                   TAGREFS="BT16059">
          <Shape><Polygon POINTS="746 1326 816 1326 816 1332 722 1339 746 1326"/></Shape>
          
        </TextBlock>
        
        <TextBlock HPOS="729"
                   VPOS="1002"
                   WIDTH="87"
                   HEIGHT="50"
                   ID="eSc_textblock_26264270"
                   TAGREFS="BT16059">
          <Shape><Polygon POINTS="744 1002 801 1002 816 1022 751 1052 729 1044 766 1029 744 1002"/></Shape>
          
        </TextBlock>
        
        <TextBlock HPOS="729"
                   VPOS="1090"
                   WIDTH="94"
                   HEIGHT="57"
                   ID="eSc_textblock_1586a066"
                   TAGREFS="BT16059">
          <Shape><Polygon POINTS="759 1090 808 1090 823 1140 729 1147 759 1090"/></Shape>
          
        </TextBlock>
        
        <TextBlock HPOS="729"
                   VPOS="1297"
                   WIDTH="87"
                   HEIGHT="13"
                   ID="eSc_textblock_313f51bf"
                   TAGREFS="BT16059">
          <Shape><Polygon POINTS="751 1297 801 1297 816 1310 729 1310 751 1297"/></Shape>
          
        </TextBlock>
        
        <TextBlock HPOS="760"
                   VPOS="1503"
                   WIDTH="70"
                   HEIGHT="13"
                   ID="eSc_textblock_31f8c046"
                   TAGREFS="BT16059">
          <Shape><Polygon POINTS="760 1503 830 1503 830 1509 766 1516 760 1503"/></Shape>
          
        </TextBlock>
        

        
        <TextBlock ID="eSc_dummyblock_">
          
          
          <TextLine ID="eSc_line_0480d8f2"
                    TAGREFS="LT4834"
                    BASELINE="582 200 683 200" 
                    HPOS="582"
                    VPOS="163"
                    WIDTH="101"
                    HEIGHT="87">
            <Shape><Polygon POINTS="582 200 582 250 683 248 683 200 683 163 582 163 582 200"/></Shape>
	    <String CONTENT=""
                    HPOS="582"
                    VPOS="163"
                    WIDTH="101"
                    HEIGHT="87"></String>
          </TextLine>

          
          
          <TextLine ID="eSc_line_b28c0980"
                    TAGREFS="LT4834"
                    BASELINE="134 322 302 326" 
                    HPOS="132"
                    VPOS="245"
                    WIDTH="170"
                    HEIGHT="106">
            <Shape><Polygon POINTS="134 322 132 351 300 346 302 326 302 257 246 245 245 245 243 245 241 245 213 263 204 269 189 265 173 259 171 259 169 259 134 267 134 322"/></Shape>
	    <String CONTENT="ا"
                    HPOS="132"
                    VPOS="245"
                    WIDTH="170"
                    HEIGHT="106"
                    WC="0.9560723900794983"></String>
          </TextLine>

          
          
          <TextLine ID="eSc_line_699eb1fb"
                    TAGREFS="LT4834"
                    BASELINE="138 427 239 427" 
                    HPOS="138"
                    VPOS="388"
                    WIDTH="101"
                    HEIGHT="68">
            <Shape><Polygon POINTS="138 427 138 456 239 447 239 427 239 399 189 388 187 388 138 397 138 427"/></Shape>
	    <String CONTENT=""
                    HPOS="138"
                    VPOS="388"
                    WIDTH="101"
                    HEIGHT="68"></String>
          </TextLine>

          
          
          <TextLine ID="eSc_line_77153165"
                    TAGREFS="LT4834"
                    BASELINE="145 528 200 525" 
                    HPOS="141"
                    VPOS="490"
                    WIDTH="59"
                    HEIGHT="59">
            <Shape><Polygon POINTS="145 528 147 549 200 549 200 525 195 490 141 495 145 528"/></Shape>
	    <String CONTENT=""
                    HPOS="141"
                    VPOS="490"
                    WIDTH="59"
                    HEIGHT="59"></String>
          </TextLine>

          
          
          <TextLine ID="eSc_line_e12094db"
                    TAGREFS="LT4834"
                    BASELINE="427 418 593 414" 
                    HPOS="425"
                    VPOS="370"
                    WIDTH="168"
                    HEIGHT="86">
            <Shape><Polygon POINTS="427 418 427 434 504 456 506 456 508 456 510 456 593 431 593 414 589 383 510 370 508 370 506 370 504 370 504 372 488 388 486 390 425 390 427 418"/></Shape>
	    <String CONTENT="مواليد"
                    HPOS="425"
                    VPOS="370"
                    WIDTH="168"
                    HEIGHT="86"
                    WC="0.9323796331882477"></String>
          </TextLine>

          
          
          <TextLine ID="eSc_line_10ced71d"
                    TAGREFS="LT4834"
                    BASELINE="690 418 773 414" 
                    HPOS="689"
                    VPOS="385"
                    WIDTH="84"
                    HEIGHT="62">
            <Shape><Polygon POINTS="690 418 690 447 772 436 773 414 768 385 689 385 690 418"/></Shape>
	    <String CONTENT=""
                    HPOS="689"
                    VPOS="385"
                    WIDTH="84"
                    HEIGHT="62"></String>
          </TextLine>

          
          
          <TextLine ID="eSc_line_7e868777"
                    TAGREFS="LT4834"
                    BASELINE="994 302 1125 296" 
                    HPOS="991"
                    VPOS="243"
                    WIDTH="134"
                    HEIGHT="94">
            <Shape><Polygon POINTS="994 302 994 331 1031 337 1033 337 1035 337 1125 311 1125 296 1122 254 1076 243 1074 243 991 257 994 302"/></Shape>
	    <String CONTENT="مستقر"
                    HPOS="991"
                    VPOS="243"
                    WIDTH="134"
                    HEIGHT="94"
                    WC="0.9461043477058411"></String>
          </TextLine>

          
          
          <TextLine ID="eSc_line_dfff18b3"
                    TAGREFS="LT4834"
                    BASELINE="468 528 587 525" 
                    HPOS="466"
                    VPOS="484"
                    WIDTH="121"
                    HEIGHT="72">
            <Shape><Polygon POINTS="468 528 468 539 521 556 523 556 525 556 526 556 587 536 587 525 584 491 536 484 534 484 466 497 468 528"/></Shape>
	    <String CONTENT="موسى"
                    HPOS="466"
                    VPOS="484"
                    WIDTH="121"
                    HEIGHT="72"
                    WC="0.9969161003828049"></String>
          </TextLine>

          
          
          <TextLine ID="eSc_line_678357e7"
                    TAGREFS="LT4834"
                    BASELINE="694 525 759 525" 
                    HPOS="694"
                    VPOS="482"
                    WIDTH="65"
                    HEIGHT="67">
            <Shape><Polygon POINTS="694 525 694 538 711 549 713 549 714 549 716 549 759 541 759 525 759 486 694 482 694 525"/></Shape>
	    <String CONTENT=""
                    HPOS="694"
                    VPOS="482"
                    WIDTH="65"
                    HEIGHT="67"></String>
          </TextLine>

          
          
          <TextLine ID="eSc_line_8fc6873c"
                    TAGREFS="LT4834"
                    BASELINE="681 620 766 620" 
                    HPOS="681"
                    VPOS="567"
                    WIDTH="85"
                    HEIGHT="81">
            <Shape><Polygon POINTS="681 620 681 648 766 648 766 620 764 567 681 574 681 620"/></Shape>
	    <String CONTENT=""
                    HPOS="681"
                    VPOS="567"
                    WIDTH="85"
                    HEIGHT="81"></String>
          </TextLine>

          
          
          <TextLine ID="eSc_line_48af6db6"
                    TAGREFS="LT4834"
                    BASELINE="147 849 224 847" 
                    HPOS="145"
                    VPOS="816"
                    WIDTH="79"
                    HEIGHT="61">
            <Shape><Polygon POINTS="147 849 147 877 224 867 224 847 219 816 145 821 147 849"/></Shape>
	    <String CONTENT=""
                    HPOS="145"
                    VPOS="816"
                    WIDTH="79"
                    HEIGHT="61"></String>
          </TextLine>

          
          
          <TextLine ID="eSc_line_bff74e13"
                    TAGREFS="LT4834"
                    BASELINE="285 832 600 825" 
                    HPOS="283"
                    VPOS="762"
                    WIDTH="317"
                    HEIGHT="94">
            <Shape><Polygon POINTS="285 832 285 849 364 842 374 847 386 856 388 856 390 856 392 856 484 854 486 854 525 842 567 853 569 853 571 853 573 853 574 853 600 836 600 825 595 783 558 783 554 783 530 766 528 766 526 766 525 766 523 766 486 777 442 762 440 762 438 762 436 762 434 762 401 783 346 773 344 773 283 784 285 832"/></Shape>
	    <String CONTENT="مولانا على ذكره السلام"
                    HPOS="283"
                    VPOS="762"
                    WIDTH="317"
                    HEIGHT="94"
                    WC="0.9534186341545798"></String>
          </TextLine>

          
          
          <TextLine ID="eSc_line_386e3939"
                    TAGREFS="LT4834"
                    BASELINE="132 926 604 930" 
                    HPOS="130"
                    VPOS="869"
                    WIDTH="474"
                    HEIGHT="98">
            <Shape><Polygon POINTS="132 926 130 941 208 965 210 965 211 965 213 965 257 948 289 965 291 965 292 967 348 967 348 965 350 965 388 947 429 967 431 967 432 967 434 967 436 967 462 950 530 950 560 961 561 961 563 961 565 961 602 945 604 930 604 897 569 897 569 895 534 869 532 869 530 869 458 869 456 869 455 869 420 882 361 875 359 875 357 875 355 875 355 877 335 893 248 880 246 880 245 880 243 880 224 893 222 893 132 893 132 926"/></Shape>
	    <String CONTENT="مولانا لذكره السلام وهدى"
                    HPOS="130"
                    VPOS="869"
                    WIDTH="474"
                    HEIGHT="98"
                    WC="0.9345365439852079"></String>
          </TextLine>

          
          
          <TextLine ID="eSc_line_55b1686d"
                    TAGREFS="LT4834"
                    BASELINE="141 1026 329 1024" 
                    HPOS="140"
                    VPOS="993"
                    WIDTH="189"
                    HEIGHT="64">
            <Shape><Polygon POINTS="141 1026 141 1048 289 1057 291 1057 292 1057 329 1042 329 1024 326 1000 140 993 141 1026"/></Shape>
	    <String CONTENT="هرال"
                    HPOS="140"
                    VPOS="993"
                    WIDTH="189"
                    HEIGHT="64"
                    WC="0.9723232835531235"></String>
          </TextLine>

          
          
          <TextLine ID="eSc_line_d0ab0e12"
                    TAGREFS="LT4834"
                    BASELINE="1006 525 1123 515" 
                    HPOS="1002"
                    VPOS="469"
                    WIDTH="121"
                    HEIGHT="83">
            <Shape><Polygon POINTS="1006 525 1006 536 1074 552 1076 552 1077 552 1123 526 1123 515 1116 469 1002 488 1006 525"/></Shape>
	    <String CONTENT="سيچا"
                    HPOS="1002"
                    VPOS="469"
                    WIDTH="121"
                    HEIGHT="83"
                    WC="0.9848402738571167"></String>
          </TextLine>

          
          
          <TextLine ID="eSc_line_0f3975f2"
                    TAGREFS="LT4834"
                    BASELINE="364 1022 591 1017" 
                    HPOS="362"
                    VPOS="974"
                    WIDTH="229"
                    HEIGHT="74">
            <Shape><Polygon POINTS="364 1022 364 1033 436 1048 438 1048 591 1028 591 1017 584 974 510 993 479 983 456 978 455 978 453 978 451 978 449 978 449 980 440 987 438 991 362 994 364 1022"/></Shape>
	    <String CONTENT="مهدى"
                    HPOS="362"
                    VPOS="974"
                    WIDTH="229"
                    HEIGHT="74"
                    WC="0.9762248247861862"></String>
          </TextLine>

          
          
          <TextLine ID="eSc_line_4793de16"
                    TAGREFS="LT4834"
                    BASELINE="689 928 799 928" 
                    HPOS="689"
                    VPOS="888"
                    WIDTH="110"
                    HEIGHT="68">
            <Shape><Polygon POINTS="689 928 689 954 797 956 799 928 799 904 724 888 722 888 720 888 689 902 689 928"/></Shape>
	    <String CONTENT=""
                    HPOS="689"
                    VPOS="888"
                    WIDTH="110"
                    HEIGHT="68"></String>
          </TextLine>

          
          
          <TextLine ID="eSc_line_2ec7609b"
                    TAGREFS="LT4834"
                    BASELINE="694 1024 775 1020" 
                    HPOS="690"
                    VPOS="980"
                    WIDTH="85"
                    HEIGHT="77">
            <Shape><Polygon POINTS="694 1024 694 1053 725 1057 727 1057 729 1057 775 1033 775 1020 773 991 733 980 731 980 729 980 727 980 690 991 694 1024"/></Shape>
	    <String CONTENT="مرم"
                    HPOS="690"
                    VPOS="980"
                    WIDTH="85"
                    HEIGHT="77"
                    WC="0.8681576053301493"></String>
          </TextLine>

          
          
          <TextLine ID="eSc_line_12fcbb4b"
                    TAGREFS="LT4834"
                    BASELINE="147 1228 206 1223" 
                    HPOS="145"
                    VPOS="1221"
                    WIDTH="61"
                    HEIGHT="30">
            <Shape><Polygon POINTS="200 1221 182 1223 163 1223 145 1223 147 1228 147 1243 162 1251 163 1251 165 1251 167 1251 206 1240 206 1223 204 1221 200 1221"/></Shape>
	    <String CONTENT=""
                    HPOS="145"
                    VPOS="1221"
                    WIDTH="61"
                    HEIGHT="30"></String>
          </TextLine>

          
          
          <TextLine ID="eSc_line_60041e36"
                    TAGREFS="LT4834"
                    BASELINE="702 1118 773 1118" 
                    HPOS="702"
                    VPOS="1079"
                    WIDTH="71"
                    HEIGHT="61">
            <Shape><Polygon POINTS="702 1118 702 1127 720 1140 722 1140 724 1140 725 1140 727 1140 773 1125 773 1118 772 1079 702 1083 702 1118"/></Shape>
	    <String CONTENT=""
                    HPOS="702"
                    VPOS="1079"
                    WIDTH="71"
                    HEIGHT="61"></String>
          </TextLine>

          
          
          <TextLine ID="eSc_line_485886cd"
                    TAGREFS="LT4834"
                    BASELINE="351 1422 608 1422" 
                    HPOS="351"
                    VPOS="1380"
                    WIDTH="257"
                    HEIGHT="68">
            <Shape><Polygon POINTS="351 1422 351 1435 440 1448 442 1448 608 1438 608 1422 608 1391 471 1380 469 1380 468 1380 466 1380 466 1381 455 1391 455 1392 410 1392 407 1391 390 1380 388 1380 386 1380 385 1380 383 1380 351 1391 351 1422"/></Shape>
	    <String CONTENT="نارن ليش"
                    HPOS="351"
                    VPOS="1380"
                    WIDTH="257"
                    HEIGHT="68"
                    WC="0.9460872113704681"></String>
          </TextLine>

          
          
          <TextLine ID="eSc_line_9fbd7d25"
                    TAGREFS="LT4834"
                    BASELINE="692 1521 795 1521" 
                    HPOS="692"
                    VPOS="1483"
                    WIDTH="103"
                    HEIGHT="64">
            <Shape><Polygon POINTS="692 1521 692 1545 775 1536 790 1547 795 1521 794 1483 692 1488 692 1521"/></Shape>
	    <String CONTENT=""
                    HPOS="692"
                    VPOS="1483"
                    WIDTH="103"
                    HEIGHT="64"></String>
          </TextLine>

          
          
          <TextLine ID="eSc_line_e4ebc231"
                    TAGREFS="LT4834"
                    BASELINE="162 1726 213 1726" 
                    HPOS="162"
                    VPOS="1689"
                    WIDTH="51"
                    HEIGHT="54">
            <Shape><Polygon POINTS="162 1726 162 1739 211 1743 213 1726 213 1689 162 1689 162 1726"/></Shape>
	    <String CONTENT=""
                    HPOS="162"
                    VPOS="1689"
                    WIDTH="51"
                    HEIGHT="54"></String>
          </TextLine>

          
          
          <TextLine ID="eSc_line_55bd9e03"
                    TAGREFS="LT4834"
                    BASELINE="374 1724 606 1717" 
                    HPOS="372"
                    VPOS="1671"
                    WIDTH="234"
                    HEIGHT="86">
            <Shape><Polygon POINTS="374 1724 374 1752 536 1757 538 1757 539 1757 541 1757 541 1755 554 1743 556 1741 604 1741 606 1717 602 1672 565 1671 563 1671 561 1671 560 1671 560 1672 554 1676 539 1691 477 1691 464 1685 431 1672 429 1672 427 1672 425 1672 372 1691 374 1724"/></Shape>
	    <String CONTENT="تص فرآن"
                    HPOS="372"
                    VPOS="1671"
                    WIDTH="234"
                    HEIGHT="86"
                    WC="0.9099260866641998"></String>
          </TextLine>

          
          
          <TextLine ID="eSc_line_0235fd0f"
                    TAGREFS="LT4834"
                    BASELINE="169 1836 298 1833" 
                    HPOS="167"
                    VPOS="1789"
                    WIDTH="131"
                    HEIGHT="70">
            <Shape><Polygon POINTS="169 1836 169 1848 186 1859 187 1859 189 1859 191 1859 193 1859 222 1849 234 1848 296 1855 298 1833 292 1789 230 1800 217 1796 195 1790 193 1790 191 1790 189 1790 167 1800 169 1836"/></Shape>
	    <String CONTENT=""
                    HPOS="167"
                    VPOS="1789"
                    WIDTH="131"
                    HEIGHT="70"></String>
          </TextLine>

          
          
          <TextLine ID="eSc_line_f88c71a0"
                    TAGREFS="LT4834"
                    BASELINE="698 1720 755 1715" 
                    HPOS="692"
                    VPOS="1663"
                    WIDTH="65"
                    HEIGHT="81">
            <Shape><Polygon POINTS="698 1720 700 1744 757 1739 755 1715 748 1663 692 1663 698 1720"/></Shape>
	    <String CONTENT=""
                    HPOS="692"
                    VPOS="1663"
                    WIDTH="65"
                    HEIGHT="81"></String>
          </TextLine>

          
          
          <TextLine ID="eSc_line_9f09bd8a"
                    TAGREFS="LT4834"
                    BASELINE="493 1836 606 1831" 
                    HPOS="490"
                    VPOS="1774"
                    WIDTH="116"
                    HEIGHT="85">
            <Shape><Polygon POINTS="493 1836 493 1844 526 1859 528 1859 530 1859 532 1859 606 1838 606 1831 602 1776 528 1774 526 1774 525 1774 523 1774 523 1776 510 1789 508 1792 490 1792 493 1836"/></Shape>
	    <String CONTENT="نورح"
                    HPOS="490"
                    VPOS="1774"
                    WIDTH="116"
                    HEIGHT="85"
                    WC="0.8961880207061768"></String>
          </TextLine>

          
          
          <TextLine ID="eSc_line_6956d789"
                    TAGREFS="LT4834"
                    BASELINE="910 1720 1153 1711" 
                    HPOS="908"
                    VPOS="1641"
                    WIDTH="245"
                    HEIGHT="105">
            <Shape><Polygon POINTS="910 1720 910 1746 1153 1733 1153 1711 1146 1641 1111 1643 1109 1643 1098 1649 1046 1678 1009 1665 976 1652 974 1652 972 1652 971 1652 969 1652 941 1676 934 1684 908 1684 910 1720"/></Shape>
	    <String CONTENT="ملک يزداق"
                    HPOS="908"
                    VPOS="1641"
                    WIDTH="245"
                    HEIGHT="105"
                    WC="0.9550037119123671"></String>
          </TextLine>

          
          
          <TextLine ID="eSc_line_555bdcd6"
                    TAGREFS="LT4834"
                    BASELINE="703 1825 759 1818" 
                    HPOS="696"
                    VPOS="1763"
                    WIDTH="63"
                    HEIGHT="86">
            <Shape><Polygon POINTS="703 1825 705 1844 711 1849 713 1849 714 1849 716 1849 718 1849 759 1831 759 1818 746 1763 696 1776 703 1825"/></Shape>
	    <String CONTENT=""
                    HPOS="696"
                    VPOS="1763"
                    WIDTH="63"
                    HEIGHT="86"></String>
          </TextLine>

          
          
          <TextLine ID="eSc_line_d5cf2360"
                    TAGREFS="LT4834"
                    BASELINE="456 1925 620 1925" 
                    HPOS="456"
                    VPOS="1855"
                    WIDTH="164"
                    HEIGHT="110">
            <Shape><Polygon POINTS="456 1925 456 1953 466 1962 466 1964 468 1964 469 1964 471 1965 523 1965 523 1964 525 1964 561 1951 573 1947 619 1951 620 1925 620 1875 506 1855 504 1855 503 1855 501 1855 479 1875 456 1875 456 1925"/></Shape>
	    <String CONTENT="دارسطه"
                    HPOS="456"
                    VPOS="1855"
                    WIDTH="164"
                    HEIGHT="110"
                    WC="0.9739719331264496"></String>
          </TextLine>

          
          
          <TextLine ID="eSc_line_c4615d32"
                    TAGREFS="LT4834"
                    BASELINE="685 1921 941 1918" 
                    HPOS="683"
                    VPOS="1871"
                    WIDTH="258"
                    HEIGHT="78">
            <Shape><Polygon POINTS="685 1921 685 1932 720 1945 722 1945 724 1945 725 1945 751 1938 770 1932 937 1949 941 1918 937 1873 683 1871 685 1921"/></Shape>
	    <String CONTENT=""
                    HPOS="683"
                    VPOS="1871"
                    WIDTH="258"
                    HEIGHT="78"></String>
          </TextLine>

          
          
          <TextLine ID="eSc_line_cac6c6a4"
                    TAGREFS="LT4834"
                    BASELINE="994 1822 1149 1816" 
                    HPOS="991"
                    VPOS="1763"
                    WIDTH="158"
                    HEIGHT="86">
            <Shape><Polygon POINTS="994 1822 994 1846 1066 1849 1068 1849 1149 1829 1149 1816 1146 1778 1101 1763 1100 1763 1098 1763 1096 1763 1094 1763 1094 1765 1081 1778 1070 1768 1070 1766 1068 1766 1066 1766 1064 1766 1063 1766 991 1787 994 1822"/></Shape>
	    <String CONTENT="مناظره"
                    HPOS="991"
                    VPOS="1763"
                    WIDTH="158"
                    HEIGHT="86"
                    WC="0.9875523447990417"></String>
          </TextLine>

          
          
          <TextLine ID="eSc_line_d3726333"
                    TAGREFS="LT4834"
                    BASELINE="1042 1929 1135 1919" 
                    HPOS="1039"
                    VPOS="1873"
                    WIDTH="97"
                    HEIGHT="78">
            <Shape><Polygon POINTS="1042 1929 1044 1951 1136 1951 1135 1919 1125 1873 1039 1901 1042 1929"/></Shape>
	    <String CONTENT="مير"
                    HPOS="1039"
                    VPOS="1873"
                    WIDTH="97"
                    HEIGHT="78"
                    WC="0.8873516122500101"></String>
          </TextLine>

          
        </TextBlock>
        
      </PrintSpace>
    </Page>
  </Layout>
</alto>
