<?xml version="1.0" encoding="UTF-8"?>
<alto xmlns:xsi="http://www.w3.org/2001/XMLSchema-instance"
      xmlns="http://www.loc.gov/standards/alto/ns-v4#"
      xsi:schemaLocation="http://www.loc.gov/standards/alto/ns-v4# http://www.loc.gov/standards/alto/v4/alto-4-2.xsd">
  <Description>
    <MeasurementUnit>pixel</MeasurementUnit>
    <sourceImageInformation>
      <fileName>TwoIsmailiTreatises006.jpg</fileName>
      
    </sourceImageInformation>
  </Description>
  
  <Tags>
    <OtherTag ID="BT16074" LABEL="MarginTextZone:commentary" DESCRIPTION="block type MarginTextZone:commentary"/><OtherTag ID="BT16073" LABEL="MarginTextZone:note#1" DESCRIPTION="block type MarginTextZone:note#1"/><OtherTag ID="BT16072" LABEL="MainZone:column#2" DESCRIPTION="block type MainZone:column#2"/><OtherTag ID="BT16071" LABEL="MainZone:column#3" DESCRIPTION="block type MainZone:column#3"/><OtherTag ID="BT16070" LABEL="GraphicZone:illustration" DESCRIPTION="block type GraphicZone:illustration"/><OtherTag ID="BT16069" LABEL="MainZone:column#1" DESCRIPTION="block type MainZone:column#1"/><OtherTag ID="BT16068" LABEL="MarginTextZone:note#2" DESCRIPTION="block type MarginTextZone:note#2"/><OtherTag ID="BT16067" LABEL="CustomZone:publication" DESCRIPTION="block type CustomZone:publication"/><OtherTag ID="BT16066" LABEL="RunningTitleZone" DESCRIPTION="block type RunningTitleZone"/><OtherTag ID="BT16065" LABEL="NumberingZone" DESCRIPTION="block type NumberingZone"/><OtherTag ID="BT16064" LABEL="default" DESCRIPTION="block type default"/><OtherTag ID="BT16063" LABEL="TitlePageZone" DESCRIPTION="block type TitlePageZone"/><OtherTag ID="BT16062" LABEL="NumberingZone:other" DESCRIPTION="block type NumberingZone:other"/><OtherTag ID="BT16061" LABEL="QuireMarksZone:catchwords" DESCRIPTION="block type QuireMarksZone:catchwords"/><OtherTag ID="BT16060" LABEL="MainZone" DESCRIPTION="block type MainZone"/><OtherTag ID="BT16059" LABEL="NumberingZone:page" DESCRIPTION="block type NumberingZone:page"/><OtherTag ID="BT16058" LABEL="MarginTextZone:note" DESCRIPTION="block type MarginTextZone:note"/><OtherTag ID="BT16057" LABEL="DigitizationArtefactZone" DESCRIPTION="block type DigitizationArtefactZone"/><OtherTag ID="BT4" LABEL="Illustration" DESCRIPTION="block type Illustration"/><OtherTag ID="BT3" LABEL="Commentary" DESCRIPTION="block type Commentary"/><OtherTag ID="BT2" LABEL="Main" DESCRIPTION="block type Main"/><OtherTag ID="BT1" LABEL="Title" DESCRIPTION="block type Title"/>
    <OtherTag ID="LT4834" LABEL="DefaultLine" DESCRIPTION="line type DefaultLine"/><OtherTag ID="LT4835" LABEL="HeadingLine:title" DESCRIPTION="line type HeadingLine:title"/>
  </Tags>
  
  <Layout>
    <Page WIDTH="1403"
          HEIGHT="2155"
          PHYSICAL_IMG_NR="2"
          ID="eSc_dummypage_">
      <PrintSpace HPOS="0"
                  VPOS="0"
                  WIDTH="1403"
                  HEIGHT="2155">
        
        <TextBlock HPOS="323"
                   VPOS="258"
                   WIDTH="1036"
                   HEIGHT="1694"
                   ID="eSc_textblock_238680b7"
                   TAGREFS="BT16060">
          <Shape><Polygon POINTS="1009 258 1359 287 1352 1908 1288 1952 359 1937 323 1837 344 287 1009 258"/></Shape>
          
          
          <TextLine ID="eSc_line_03189451"
                    TAGREFS="LT4834"
                    BASELINE="344 357 1314 337" 
                    HPOS="343"
                    VPOS="290"
                    WIDTH="971"
                    HEIGHT="99">
            <Shape><Polygon POINTS="343 330 344 357 344 375 380 382 382 382 384 382 413 373 423 371 427 373 452 389 454 389 456 389 458 389 529 373 679 386 680 386 682 386 684 386 684 384 704 368 707 364 718 366 758 375 759 375 761 375 792 364 801 362 811 364 862 375 864 375 865 375 900 362 901 362 957 380 959 380 961 380 962 380 995 366 1031 371 1032 371 1034 371 1085 357 1088 357 1110 377 1111 377 1113 377 1115 377 1117 377 1151 359 1223 375 1225 375 1226 375 1314 351 1314 337 1309 303 1279 305 1273 303 1252 292 1250 292 1248 292 1246 292 1223 305 1221 305 1219 305 1189 294 1187 294 1185 294 1183 294 1160 301 1144 290 1142 290 1140 290 1138 290 1137 290 1102 307 1099 310 1016 310 1014 310 979 290 977 290 975 290 973 290 971 290 971 292 955 310 907 312 865 314 862 314 829 292 828 292 826 292 824 292 822 292 776 310 697 299 695 299 693 299 691 299 691 301 675 316 648 292 648 290 646 290 644 290 643 290 517 292 515 292 513 292 472 317 400 296 398 296 397 296 395 296 344 323 343 330"/></Shape>
	    <String CONTENT="در ريع الآخر شنه جری بود و از اينجا معلوم نیشود که کتاب فت"
                    HPOS="343"
                    VPOS="290"
                    WIDTH="971"
                    HEIGHT="99"
                    WC="0.819373607382936"></String>
          </TextLine>

          
          
          <TextLine ID="eSc_line_38401218"
                    TAGREFS="LT4834"
                    BASELINE="335 447 1316 439" 
                    HPOS="334"
                    VPOS="389"
                    WIDTH="982"
                    HEIGHT="90">
            <Shape><Polygon POINTS="335 447 335 461 377 461 379 463 393 475 393 477 395 477 397 477 398 479 429 479 429 477 431 477 432 477 432 475 447 463 449 461 456 463 517 477 519 477 520 477 522 477 522 475 537 463 540 463 626 459 648 465 693 475 695 475 697 475 795 465 871 457 885 466 898 474 900 474 901 474 903 475 959 475 959 474 961 474 962 474 971 466 988 456 1090 456 1131 468 1147 472 1149 472 1151 472 1200 470 1201 470 1203 470 1205 468 1226 456 1280 456 1295 468 1297 470 1297 472 1298 472 1300 472 1302 472 1316 468 1316 439 1309 396 1284 409 1182 409 1173 398 1165 393 1165 391 1164 391 1162 391 1131 389 1129 389 1128 389 1126 389 1113 400 1102 409 1058 409 1049 400 1045 398 1045 396 1043 396 1041 396 1040 396 1038 396 1025 402 1011 407 1002 402 984 391 982 391 980 391 930 391 928 391 926 391 925 391 907 404 905 405 903 404 887 391 885 391 883 391 853 391 851 391 849 391 847 391 847 393 835 405 831 407 822 405 790 398 788 398 786 398 785 398 785 400 777 405 770 413 668 413 661 407 635 393 634 393 632 393 578 393 576 393 574 393 520 411 513 413 510 411 486 396 485 396 483 396 481 396 479 396 454 405 391 395 389 395 388 395 334 411 335 447"/></Shape>
	    <String CONTENT="باب لقريبا شتاد سال بعد از دقاتش بوشه شد طاهراسلب ميه"
                    HPOS="334"
                    VPOS="389"
                    WIDTH="982"
                    HEIGHT="90"
                    WC="0.8872672684912412"></String>
          </TextLine>

          
          
          <TextLine ID="eSc_line_9442d0a4"
                    TAGREFS="LT4834"
                    BASELINE="348 554 1316 540" 
                    HPOS="346"
                    VPOS="479"
                    WIDTH="970"
                    HEIGHT="106">
            <Shape><Polygon POINTS="348 554 348 565 373 583 375 583 377 583 379 585 463 585 463 583 465 583 499 571 510 580 510 581 511 581 513 581 515 583 573 583 573 581 574 581 576 581 576 580 596 562 643 580 644 580 646 581 695 581 695 580 697 580 698 580 725 563 820 578 822 578 824 578 856 560 937 556 953 556 1009 556 1041 556 1061 567 1063 567 1065 567 1067 567 1068 567 1094 554 1095 554 1149 554 1171 572 1173 572 1174 572 1176 572 1178 572 1180 572 1205 556 1266 571 1268 571 1270 571 1271 571 1271 569 1289 553 1316 553 1316 540 1311 501 1289 501 1288 501 1253 479 1252 479 1250 479 1248 479 1246 479 1244 479 1244 481 1225 501 1223 502 1192 502 1185 501 1155 484 1153 484 1151 484 1149 484 1088 501 1070 504 1058 501 1031 488 1029 488 1027 488 1025 488 1023 488 1023 490 1013 501 1007 504 984 501 937 492 935 492 934 492 932 492 932 493 925 501 917 508 880 508 873 501 869 497 869 495 867 495 865 495 864 495 837 501 831 501 829 501 817 488 817 486 815 486 813 486 811 486 810 486 761 499 731 486 729 486 727 486 725 486 723 486 707 501 697 508 688 501 675 490 675 488 673 488 671 488 610 488 608 488 607 488 605 488 589 501 587 501 580 501 535 492 533 492 531 492 529 492 519 501 506 508 490 501 468 490 467 490 465 490 463 490 461 490 450 501 436 513 413 501 397 492 395 492 393 492 346 499 348 554"/></Shape>
	    <String CONTENT="اين کتاب بهفت باب ما باشد نازن بود که در ضمن او بضی از اقوالو"
                    HPOS="346"
                    VPOS="479"
                    WIDTH="970"
                    HEIGHT="106"
                    WC="0.8324193192310021"></String>
          </TextLine>

          
          
          <TextLine ID="eSc_line_39f8a182"
                    TAGREFS="LT4834"
                    BASELINE="348 655 738 646 797 637" 
                    HPOS="346"
                    VPOS="578"
                    WIDTH="451"
                    HEIGHT="109">
            <Shape><Polygon POINTS="348 655 348 687 386 687 386 686 388 686 389 686 391 684 405 673 422 680 429 684 431 684 432 684 434 684 436 684 440 680 450 671 463 678 476 684 477 684 479 684 531 682 533 682 535 682 535 680 544 673 556 659 650 659 659 664 670 671 671 671 673 671 675 671 677 671 679 671 691 662 705 675 705 677 707 677 709 677 711 678 741 678 741 677 743 677 745 677 745 675 761 659 795 653 797 637 788 578 754 596 736 581 734 580 732 580 731 580 689 578 688 578 686 578 684 578 675 585 657 603 617 603 596 592 571 578 569 578 551 578 549 578 547 578 546 578 546 580 529 596 524 601 520 598 502 581 502 580 501 580 499 580 497 580 440 581 438 581 436 581 436 583 416 601 346 608 348 655"/></Shape>
	    <String CONTENT="تابی به حتاب مطلوب المومنين"
                    HPOS="346"
                    VPOS="578"
                    WIDTH="451"
                    HEIGHT="109"
                    WC="0.8335159575497663"></String>
          </TextLine>

          
          
          <TextLine ID="eSc_line_24d95aa7"
                    TAGREFS="LT4834"
                    BASELINE="903 635 1318 639" 
                    HPOS="901"
                    VPOS="574"
                    WIDTH="417"
                    HEIGHT="92">
            <Shape><Polygon POINTS="903 635 901 644 955 662 957 662 959 662 961 662 988 650 1000 662 1000 664 1002 664 1004 664 1005 664 1079 662 1081 662 1108 648 1133 660 1135 660 1137 660 1138 660 1155 653 1165 664 1165 666 1167 666 1169 666 1171 666 1173 666 1225 650 1243 664 1244 664 1246 664 1248 664 1316 648 1318 639 1314 578 1270 592 1255 580 1252 576 1252 574 1250 574 1248 574 1196 574 1194 574 1192 574 1162 581 1086 601 1067 585 1065 583 1063 583 1061 583 1059 583 1058 583 1056 583 1054 585 1043 592 1034 585 1029 581 1029 580 1027 580 1025 580 1023 580 1022 580 1020 580 1020 581 1013 587 997 601 903 590 903 635"/></Shape>
	    <String CONTENT=" آن بزرگوار متقول است"
                    HPOS="901"
                    VPOS="574"
                    WIDTH="417"
                    HEIGHT="92"
                    WC="0.8672116832299666"></String>
          </TextLine>

          
          
          <TextLine ID="eSc_line_1a1172c2"
                    TAGREFS="LT4834"
                    BASELINE="350 743 1323 732" 
                    HPOS="348"
                    VPOS="675"
                    WIDTH="975"
                    HEIGHT="95">
            <Shape><Polygon POINTS="350 743 350 756 377 770 379 770 380 770 382 770 384 770 395 759 429 768 431 768 432 768 598 752 605 752 607 752 625 766 626 766 628 766 671 768 673 768 675 768 734 750 750 765 750 766 752 766 754 766 756 766 758 766 788 754 799 765 799 766 801 766 802 766 804 768 835 768 835 766 892 765 894 765 896 765 914 752 1023 763 1025 763 1178 745 1192 756 1194 756 1196 756 1198 756 1266 745 1284 757 1286 757 1288 757 1289 757 1291 757 1323 741 1323 732 1322 694 1304 677 1304 675 1302 675 1300 675 1298 675 1297 675 1253 694 1208 675 1207 675 1205 675 1203 675 1147 698 1029 698 1007 682 1005 682 1004 682 1002 682 1000 682 998 682 977 698 957 687 955 687 953 687 916 694 896 678 894 678 892 678 891 678 889 678 838 698 797 680 795 680 794 680 792 680 790 680 790 682 772 698 745 680 743 680 741 680 740 680 695 689 684 680 682 680 680 680 679 680 601 684 600 684 553 696 513 682 511 682 510 682 472 684 470 684 468 684 468 686 449 705 348 705 350 743"/></Shape>
	    <String CONTENT="از تضیيفات علامه خواجه نصر الدين محمد الطويی که مصنف حتاب اخلا"
                    HPOS="348"
                    VPOS="675"
                    WIDTH="975"
                    HEIGHT="95"
                    WC="0.9013769415117079"></String>
          </TextLine>

          
          
          <TextLine ID="eSc_line_5eddd875"
                    TAGREFS="LT4834"
                    BASELINE="350 840 1322 831" 
                    HPOS="348"
                    VPOS="768"
                    WIDTH="974"
                    HEIGHT="97">
            <Shape><Polygon POINTS="350 840 350 856 447 863 449 863 494 856 519 851 526 854 537 865 538 865 540 865 542 865 596 862 598 862 600 862 608 854 616 849 644 854 702 863 704 863 705 863 727 853 738 847 785 853 824 856 826 856 849 851 869 847 882 851 912 862 914 862 916 862 917 862 919 862 934 851 935 849 943 851 986 860 988 860 989 860 1009 849 1018 845 1031 849 1063 860 1065 860 1067 860 1117 849 1142 844 1173 847 1243 858 1244 858 1246 858 1248 858 1248 856 1259 847 1262 844 1318 845 1322 831 1314 770 1264 795 1223 774 1212 768 1210 768 1208 768 1207 768 1192 775 1167 786 1155 777 1149 772 1147 772 1146 772 1144 772 1142 772 1140 772 1140 774 1135 777 1124 788 1111 777 1106 774 1106 772 1104 772 1102 772 1101 772 1099 772 1097 772 1097 774 1090 779 1085 784 1063 781 1014 770 1013 770 1011 770 1009 770 989 782 961 800 928 802 901 786 892 781 891 781 889 781 887 781 885 781 883 781 883 782 876 788 860 804 783 804 772 791 752 774 752 772 750 772 749 772 747 772 698 774 697 774 695 774 659 797 648 802 643 797 619 775 619 774 617 774 616 774 547 774 546 774 544 774 542 774 542 775 511 802 506 808 348 808 350 840"/></Shape>
	    <String CONTENT="تا صری و گتابهای ديگر مشهور است و ت تارنخ اذی حجه ه"
                    HPOS="348"
                    VPOS="768"
                    WIDTH="974"
                    HEIGHT="97"
                    WC="0.8507012631378922"></String>
          </TextLine>

          
          
          <TextLine ID="eSc_line_fc32626b"
                    TAGREFS="LT4834"
                    BASELINE="361 946 1052 926 1320 928" 
                    HPOS="359"
                    VPOS="863"
                    WIDTH="961"
                    HEIGHT="110">
            <Shape><Polygon POINTS="361 946 361 973 434 973 434 971 436 971 438 971 438 969 440 969 456 953 546 964 574 967 576 967 578 967 587 962 616 949 643 960 655 966 657 966 659 966 661 966 662 966 662 964 668 960 677 949 713 958 718 958 720 958 722 958 723 958 723 957 736 946 851 953 957 958 959 958 961 958 991 948 997 946 1000 946 1031 955 1032 955 1034 955 1036 955 1063 944 1077 937 1122 937 1129 942 1138 949 1140 949 1142 949 1144 949 1196 939 1200 939 1201 939 1230 949 1232 949 1234 949 1318 933 1320 928 1318 883 1282 883 1262 865 1262 863 1261 863 1259 863 1257 863 1255 863 1253 863 1253 865 1235 883 1025 876 1023 876 1022 876 998 888 959 870 957 870 883 865 882 865 880 865 849 881 829 874 828 874 826 874 824 874 822 874 802 890 776 869 774 869 772 869 770 869 707 874 705 874 704 874 704 876 689 888 670 870 668 870 666 870 664 870 614 872 612 872 610 872 571 899 537 897 519 881 519 879 517 879 515 879 513 879 511 879 510 879 485 897 450 876 449 876 447 876 445 876 393 878 391 878 389 878 359 899 361 946"/></Shape>
	    <String CONTENT="نغداد وفات يافت در تو اريخ ندگور است که خواجه طوسی در اوال حال"
                    HPOS="359"
                    VPOS="863"
                    WIDTH="961"
                    HEIGHT="110"
                    WC="0.8722790229705072"></String>
          </TextLine>

          
          
          <TextLine ID="eSc_line_855f94f9"
                    TAGREFS="LT4834"
                    BASELINE="355 1029 1323 1018" 
                    HPOS="353"
                    VPOS="962"
                    WIDTH="970"
                    HEIGHT="102">
            <Shape><Polygon POINTS="355 1029 355 1043 371 1041 373 1043 391 1057 393 1057 395 1057 397 1057 474 1041 488 1039 495 1041 526 1054 528 1054 529 1054 531 1054 578 1041 614 1055 616 1055 617 1055 619 1055 666 1041 709 1063 711 1063 713 1064 738 1064 738 1063 740 1063 741 1063 741 1061 758 1045 777 1055 779 1055 781 1055 783 1055 811 1045 858 1061 860 1061 862 1061 864 1061 865 1061 905 1034 907 1034 957 1061 959 1061 961 1061 962 1061 964 1061 989 1039 1016 1059 1018 1059 1020 1059 1022 1061 1122 1061 1122 1059 1124 1059 1126 1059 1162 1030 1164 1030 1167 1030 1252 1039 1253 1039 1323 1027 1323 1018 1318 985 1262 985 1257 985 1158 962 1156 962 1095 964 1094 964 1092 964 1056 987 1054 989 952 989 950 989 928 967 928 966 926 966 925 966 885 966 883 966 882 966 880 966 880 967 856 989 856 991 833 991 792 991 722 989 655 969 653 969 652 969 650 969 598 991 578 984 576 984 574 984 517 993 486 971 485 971 483 971 429 971 427 971 425 971 423 971 423 973 398 994 398 996 353 996 355 1029"/></Shape>
	    <String CONTENT="در خدمت بختشم يعنی ناب الحکوته ورفاتن فهستان بود و چند کتاب"
                    HPOS="353"
                    VPOS="962"
                    WIDTH="970"
                    HEIGHT="102"
                    WC="0.8448440907365184"></String>
          </TextLine>

          
          
          <TextLine ID="eSc_line_0c212f11"
                    TAGREFS="LT4834"
                    BASELINE="350 1120 1323 1117" 
                    HPOS="348"
                    VPOS="1061"
                    WIDTH="975"
                    HEIGHT="93">
            <Shape><Polygon POINTS="350 1120 350 1134 380 1134 382 1134 393 1145 395 1145 397 1145 398 1145 400 1145 422 1138 449 1152 450 1152 452 1154 479 1154 479 1152 481 1152 483 1152 506 1134 529 1152 531 1152 533 1152 535 1152 537 1152 571 1134 605 1152 607 1152 608 1152 610 1152 655 1138 713 1152 714 1152 716 1152 718 1152 741 1143 833 1152 835 1152 837 1152 838 1152 864 1133 865 1133 901 1151 903 1151 905 1151 907 1151 970 1133 971 1133 973 1133 1013 1149 1014 1149 1016 1149 1018 1149 1050 1133 1067 1147 1067 1149 1068 1149 1070 1149 1072 1149 1144 1133 1147 1133 1322 1133 1323 1117 1322 1086 1284 1063 1282 1063 1280 1063 1279 1063 1277 1063 1275 1063 1259 1073 1241 1061 1239 1061 1237 1061 1235 1061 1191 1070 1189 1070 1187 1070 1165 1086 1135 1072 1133 1072 1131 1072 1129 1072 1092 1086 1052 1075 1050 1075 1049 1075 977 1086 923 1061 921 1061 919 1061 917 1061 916 1061 900 1072 878 1061 876 1061 874 1061 873 1061 871 1061 871 1063 851 1082 810 1063 808 1063 734 1063 732 1063 731 1063 729 1063 729 1064 704 1090 671 1090 661 1079 661 1077 659 1077 657 1077 655 1077 653 1077 652 1077 652 1079 641 1090 607 1090 580 1064 580 1063 578 1063 576 1063 497 1063 495 1063 494 1063 492 1063 492 1064 467 1090 438 1090 411 1066 409 1066 407 1066 405 1066 404 1066 348 1088 350 1120"/></Shape>
	    <String CONTENT="در حقيقت مذهب فرقه تا جيه اشمعيليه تصيف نمود مثلاکتاب روضه"
                    HPOS="348"
                    VPOS="1061"
                    WIDTH="975"
                    HEIGHT="93"
                    WC="0.897559155677927"></String>
          </TextLine>

          
          
          <TextLine ID="eSc_line_8f026b28"
                    TAGREFS="LT4834"
                    BASELINE="361 1228 1072 1219 1314 1206" 
                    HPOS="359"
                    VPOS="1145"
                    WIDTH="955"
                    HEIGHT="128">
            <Shape><Polygon POINTS="361 1228 361 1240 373 1249 375 1249 377 1249 379 1249 380 1249 407 1239 474 1239 519 1271 520 1271 522 1271 524 1273 574 1273 574 1271 576 1271 605 1260 655 1269 657 1269 659 1269 661 1269 661 1267 682 1248 716 1267 718 1267 720 1267 722 1267 723 1267 725 1267 725 1266 741 1251 801 1253 802 1253 804 1253 844 1235 889 1251 891 1251 892 1251 894 1251 896 1251 921 1231 930 1239 932 1239 934 1239 935 1240 935 1239 937 1239 939 1239 950 1230 998 1230 1018 1248 1020 1248 1022 1248 1023 1248 1025 1248 1027 1248 1054 1230 1101 1242 1102 1242 1104 1242 1106 1242 1124 1235 1160 1258 1162 1258 1164 1258 1217 1260 1219 1260 1221 1260 1223 1260 1275 1224 1277 1224 1314 1224 1314 1206 1311 1145 1255 1145 1253 1145 1252 1145 1250 1145 1248 1147 1207 1178 1138 1178 1113 1154 1110 1151 1110 1149 1108 1149 1106 1149 1074 1149 1072 1149 1070 1149 1068 1149 1061 1156 1034 1179 1000 1179 977 1160 968 1152 968 1151 966 1151 964 1151 962 1151 961 1151 959 1151 943 1161 917 1179 891 1181 869 1167 867 1167 865 1167 864 1167 862 1167 860 1167 860 1169 846 1181 801 1172 799 1172 797 1172 795 1172 783 1183 745 1170 741 1170 740 1170 738 1170 722 1172 671 1179 666 1174 646 1158 646 1156 644 1156 643 1156 641 1156 639 1156 637 1156 608 1174 591 1158 591 1156 589 1156 587 1156 585 1156 583 1156 582 1156 567 1165 492 1158 490 1158 488 1158 449 1178 434 1165 434 1163 432 1163 431 1163 429 1163 427 1163 425 1163 393 1188 391 1190 359 1190 361 1228"/></Shape>
	    <String CONTENT="تسليم و عيره و کتاب اخلاق ناصری هم باسم خشم ندگور که ناش"
                    HPOS="359"
                    VPOS="1145"
                    WIDTH="955"
                    HEIGHT="128"
                    WC="0.8781941799180848"></String>
          </TextLine>

          
          
          <TextLine ID="eSc_line_a9f543ee"
                    TAGREFS="LT4834"
                    BASELINE="357 1321 1322 1314" 
                    HPOS="355"
                    VPOS="1255"
                    WIDTH="967"
                    HEIGHT="93">
            <Shape><Polygon POINTS="357 1321 357 1332 391 1348 393 1348 395 1348 533 1332 560 1343 562 1343 564 1343 565 1343 582 1336 686 1346 688 1346 689 1346 691 1346 714 1330 716 1330 829 1345 831 1345 900 1328 901 1328 903 1328 939 1345 941 1345 943 1345 944 1345 946 1345 971 1328 997 1345 998 1345 1000 1345 1002 1346 1077 1346 1077 1345 1079 1345 1081 1345 1081 1343 1097 1327 1099 1327 1165 1327 1167 1327 1194 1343 1196 1343 1198 1343 1200 1343 1320 1325 1322 1314 1320 1278 1289 1255 1288 1255 1286 1255 1230 1255 1228 1255 1226 1255 1225 1255 1203 1275 1167 1260 1165 1260 1164 1260 1162 1260 1160 1260 1160 1262 1142 1276 1122 1258 1120 1258 1119 1258 1079 1255 1077 1255 1076 1255 1011 1271 952 1257 950 1257 948 1257 835 1282 797 1258 795 1258 794 1258 734 1258 732 1258 731 1258 729 1258 700 1284 648 1284 628 1267 626 1267 625 1267 623 1267 621 1267 619 1267 591 1284 591 1285 582 1285 449 1285 429 1266 429 1264 427 1264 425 1264 423 1264 422 1264 420 1264 411 1271 397 1260 395 1260 393 1260 391 1260 389 1260 388 1260 355 1280 357 1321"/></Shape>
	    <String CONTENT="تا صر الدين عد الرحم بنانی منصور بود تصيف شد و بعد از مدنی خوا"
                    HPOS="355"
                    VPOS="1255"
                    WIDTH="967"
                    HEIGHT="93"
                    WC="0.8704589302501371"></String>
          </TextLine>

          
          
          <TextLine ID="eSc_line_03082997"
                    TAGREFS="LT4834"
                    BASELINE="359 1416 1320 1406" 
                    HPOS="357"
                    VPOS="1343"
                    WIDTH="963"
                    HEIGHT="100">
            <Shape><Polygon POINTS="359 1416 359 1429 422 1443 423 1443 425 1443 456 1429 591 1429 605 1440 605 1442 607 1442 608 1442 610 1442 612 1442 652 1427 673 1442 675 1442 677 1442 679 1442 680 1442 720 1425 722 1425 729 1425 837 1440 838 1440 840 1440 871 1427 964 1438 966 1438 968 1438 993 1425 1065 1431 1067 1431 1068 1431 1088 1422 1094 1422 1248 1434 1250 1434 1252 1434 1253 1434 1253 1433 1268 1420 1318 1420 1320 1406 1318 1348 1302 1343 1300 1343 1298 1343 1297 1343 1295 1343 1286 1348 1257 1366 1226 1352 1225 1352 1223 1352 1221 1352 1219 1352 1201 1368 1077 1368 1063 1355 1061 1355 1061 1354 1059 1354 1058 1354 998 1343 997 1343 995 1343 993 1343 973 1357 955 1370 939 1359 925 1350 923 1350 921 1350 919 1350 917 1350 916 1350 916 1352 907 1359 896 1370 802 1372 790 1363 770 1346 768 1346 767 1346 745 1346 743 1346 741 1346 740 1346 711 1366 704 1370 698 1366 680 1348 680 1346 679 1346 677 1346 675 1346 608 1348 607 1348 605 1348 576 1366 537 1348 535 1348 533 1348 531 1348 529 1348 529 1350 506 1372 502 1377 486 1377 483 1372 458 1352 458 1350 456 1350 454 1350 388 1350 386 1350 384 1350 382 1350 357 1370 359 1416"/></Shape>
	    <String CONTENT="طوسی بهخدمت مولانار کن الدين خورشاه به الموت آمد و وقتی که"
                    HPOS="357"
                    VPOS="1343"
                    WIDTH="963"
                    HEIGHT="100"
                    WC="0.8631678152892549"></String>
          </TextLine>

          
          
          <TextLine ID="eSc_line_7e281ef5"
                    TAGREFS="LT4834"
                    BASELINE="359 1512 1313 1508" 
                    HPOS="357"
                    VPOS="1442"
                    WIDTH="956"
                    HEIGHT="93">
            <Shape><Polygon POINTS="359 1512 359 1528 431 1522 447 1528 461 1535 463 1535 465 1535 467 1535 492 1528 515 1522 529 1528 544 1535 546 1535 547 1535 583 1528 628 1521 659 1528 682 1535 684 1535 686 1535 688 1535 705 1528 727 1521 743 1528 756 1535 758 1535 759 1535 790 1528 833 1519 853 1528 862 1533 864 1533 865 1535 932 1535 932 1533 934 1533 935 1533 941 1528 953 1519 1113 1519 1124 1528 1128 1531 1128 1533 1129 1533 1131 1533 1133 1533 1135 1533 1147 1528 1171 1519 1194 1528 1205 1533 1207 1533 1208 1533 1311 1528 1313 1508 1307 1442 1201 1445 1200 1445 1146 1465 1119 1451 1117 1451 1115 1451 1113 1451 1111 1451 1092 1467 1027 1454 1025 1454 991 1461 980 1451 973 1445 973 1443 971 1443 970 1443 968 1443 966 1443 964 1443 953 1452 939 1465 880 1467 867 1456 860 1449 860 1447 858 1447 856 1447 855 1447 853 1447 822 1456 785 1468 725 1460 720 1460 718 1460 709 1460 661 1468 653 1461 646 1456 646 1454 644 1454 643 1454 641 1454 639 1454 637 1454 625 1461 607 1445 607 1443 605 1443 603 1443 562 1443 560 1443 558 1443 556 1443 524 1467 520 1468 519 1467 488 1451 486 1451 422 1443 420 1443 418 1443 357 1468 359 1512"/></Shape>
	    <String CONTENT="هولا کوخان قلعه حات شمعيليه را محاصره نمود و ضبط کرد خواجه طوی"
                    HPOS="357"
                    VPOS="1442"
                    WIDTH="956"
                    HEIGHT="93"
                    WC="0.9003274748402257"></String>
          </TextLine>

          
          
          <TextLine ID="eSc_line_5c414c1c"
                    TAGREFS="LT4834"
                    BASELINE="359 1603 1322 1596" 
                    HPOS="357"
                    VPOS="1535"
                    WIDTH="965"
                    HEIGHT="93">
            <Shape><Polygon POINTS="359 1603 359 1618 371 1627 373 1627 375 1627 377 1628 502 1628 502 1627 504 1627 549 1616 684 1625 686 1625 759 1614 810 1625 811 1625 813 1625 840 1612 849 1621 851 1621 853 1621 855 1621 856 1621 858 1621 869 1614 988 1623 989 1623 991 1623 1016 1612 1070 1619 1072 1619 1074 1619 1101 1610 1102 1610 1104 1610 1124 1621 1126 1621 1128 1621 1129 1621 1160 1612 1169 1621 1171 1621 1173 1621 1174 1621 1320 1609 1322 1596 1318 1542 1286 1535 1284 1535 1282 1535 1268 1542 1237 1560 1182 1548 1180 1548 1178 1548 1146 1560 1099 1553 1097 1553 1095 1553 1074 1562 1040 1549 1005 1537 1004 1537 1002 1537 1000 1537 948 1553 912 1562 801 1556 761 1555 759 1555 758 1555 756 1555 752 1558 745 1564 736 1558 723 1551 722 1551 720 1551 718 1551 705 1558 688 1540 688 1539 686 1539 684 1539 598 1539 596 1539 594 1539 592 1539 592 1540 574 1556 535 1540 533 1540 531 1540 529 1540 479 1565 456 1542 456 1540 454 1540 452 1540 409 1540 407 1540 405 1540 357 1565 359 1603"/></Shape>
	    <String CONTENT="اظهار مذهب اتنا عشری نمود و در خدمت مولا گوآمد و حقيقت حال"
                    HPOS="357"
                    VPOS="1535"
                    WIDTH="965"
                    HEIGHT="93"
                    WC="0.8867545036946313"></String>
          </TextLine>

          
          
          <TextLine ID="eSc_line_c275577f"
                    TAGREFS="LT4834"
                    BASELINE="371 1709 1307 1684" 
                    HPOS="370"
                    VPOS="1625"
                    WIDTH="937"
                    HEIGHT="115">
            <Shape><Polygon POINTS="371 1709 371 1736 407 1740 409 1740 411 1740 423 1734 456 1718 630 1716 661 1724 671 1727 673 1727 675 1727 677 1727 688 1724 711 1713 729 1722 749 1731 750 1731 752 1731 754 1731 788 1720 835 1729 837 1729 838 1729 864 1715 869 1713 905 1713 1032 1718 1034 1718 1036 1718 1038 1718 1038 1716 1049 1707 1050 1706 1054 1707 1076 1722 1077 1722 1079 1722 1081 1722 1117 1720 1119 1720 1120 1720 1142 1704 1237 1718 1239 1718 1241 1718 1243 1718 1271 1697 1307 1695 1307 1684 1302 1641 1149 1648 1144 1644 1126 1632 1124 1632 1122 1632 1120 1632 1119 1632 1099 1643 1074 1625 1072 1625 1070 1625 1068 1625 1067 1625 1014 1648 1007 1653 966 1653 962 1650 941 1630 941 1628 939 1628 937 1628 910 1628 908 1628 907 1628 905 1628 905 1630 885 1650 856 1653 840 1655 838 1653 815 1634 815 1632 813 1632 811 1632 792 1632 790 1632 788 1632 786 1632 786 1634 759 1657 758 1657 736 1636 736 1634 734 1634 732 1634 714 1634 713 1634 711 1634 709 1634 675 1659 671 1661 659 1659 502 1639 501 1639 395 1648 393 1648 391 1648 370 1662 371 1709"/></Shape>
	    <String CONTENT="معلوم مست ولی امکان دارد که نصير الدين طوسی اصلا تولدا مع"
                    HPOS="370"
                    VPOS="1625"
                    WIDTH="937"
                    HEIGHT="115"
                    WC="0.8380313207182968"></String>
          </TextLine>

          
          
          <TextLine ID="eSc_line_a78a7dc4"
                    TAGREFS="LT4834"
                    BASELINE="368 1799 1320 1795" 
                    HPOS="366"
                    VPOS="1724"
                    WIDTH="954"
                    HEIGHT="105">
            <Shape><Polygon POINTS="368 1799 368 1813 436 1828 438 1829 501 1829 501 1828 502 1828 504 1828 504 1826 517 1817 528 1826 528 1828 529 1828 531 1828 533 1829 565 1829 565 1828 567 1828 614 1811 617 1811 754 1811 770 1826 770 1828 772 1828 774 1828 776 1829 813 1829 813 1828 873 1815 975 1826 977 1826 979 1826 980 1826 997 1813 1013 1826 1014 1826 1016 1826 1018 1828 1068 1828 1068 1826 1070 1826 1108 1810 1149 1810 1221 1826 1223 1826 1320 1806 1320 1795 1316 1724 1270 1724 1268 1724 1266 1724 1264 1724 1234 1747 1192 1740 1191 1740 1129 1754 1110 1741 1108 1741 1106 1741 1104 1741 1068 1749 1050 1732 1050 1731 1049 1731 1047 1731 1034 1727 1009 1724 1007 1724 966 1729 957 1731 955 1731 953 1731 930 1749 905 1729 901 1727 900 1727 898 1727 896 1727 894 1727 892 1727 891 1731 860 1756 838 1758 785 1758 759 1732 752 1727 752 1725 750 1725 749 1725 747 1725 745 1725 743 1725 732 1732 693 1758 587 1758 544 1740 542 1740 540 1740 538 1740 519 1747 510 1736 499 1727 499 1725 497 1725 495 1725 379 1725 377 1725 375 1725 373 1725 373 1727 366 1732 368 1799"/></Shape>
	    <String CONTENT="وسکن چون قضای بی طمينان کارش را بتنگ آورد ما چار ب طريق کتمان"
                    HPOS="366"
                    VPOS="1724"
                    WIDTH="954"
                    HEIGHT="105"
                    WC="0.842676333842739"></String>
          </TextLine>

          
          
          <TextLine ID="eSc_line_6c5becc1"
                    TAGREFS="LT4834"
                    BASELINE="456 1901 1316 1889" 
                    HPOS="454"
                    VPOS="1829"
                    WIDTH="862"
                    HEIGHT="114">
            <Shape><Polygon POINTS="456 1901 456 1943 495 1943 497 1943 499 1943 533 1917 659 1917 740 1934 774 1941 776 1941 824 1935 826 1935 828 1935 828 1934 831 1930 838 1923 855 1930 869 1935 871 1935 873 1935 975 1928 977 1928 979 1928 982 1925 1002 1912 1056 1912 1067 1921 1081 1935 1083 1935 1085 1935 1086 1935 1088 1935 1117 1925 1131 1935 1133 1935 1135 1935 1137 1935 1286 1934 1288 1934 1289 1934 1316 1914 1316 1889 1314 1837 1302 1829 1300 1829 1298 1829 1297 1829 1295 1829 1293 1829 1277 1840 1262 1849 1252 1840 1239 1831 1237 1831 1235 1831 1234 1831 1232 1831 1230 1831 1216 1842 1205 1849 1191 1842 1176 1837 1174 1837 1173 1837 1171 1837 1158 1844 1144 1851 1120 1844 1070 1829 1068 1829 1067 1829 1036 1831 1034 1831 1032 1831 1011 1847 1002 1855 935 1855 930 1849 919 1840 919 1838 917 1838 916 1838 914 1838 912 1838 910 1838 896 1851 894 1853 892 1851 880 1840 880 1838 878 1838 876 1838 734 1835 732 1835 731 1835 729 1835 695 1856 691 1860 630 1860 628 1858 600 1838 598 1838 596 1838 594 1838 592 1838 591 1838 591 1840 571 1860 571 1862 555 1862 547 1862 492 1838 490 1838 488 1838 486 1838 485 1838 454 1858 456 1901"/></Shape>
	    <String CONTENT="ولقيه پيش مردم از نذهب آبا واجداد تبرا نمود والند اعلم"
                    HPOS="454"
                    VPOS="1829"
                    WIDTH="862"
                    HEIGHT="114"
                    WC="0.8378651814027266"></String>
          </TextLine>

          
        </TextBlock>
        
        <TextBlock HPOS="788"
                   VPOS="172"
                   WIDTH="113"
                   HEIGHT="70"
                   ID="eSc_textblock_f540ca11"
                   TAGREFS="BT16059">
          <Shape><Polygon POINTS="831 172 901 193 894 242 795 242 788 201 831 172"/></Shape>
          
          
          <TextLine ID="eSc_line_f33e5333"
                    TAGREFS="LT4834"
                    BASELINE="815 226 853 222" 
                    HPOS="810"
                    VPOS="183"
                    WIDTH="43"
                    HEIGHT="63">
            <Shape><Polygon POINTS="815 226 817 246 853 244 853 222 846 183 810 188 815 226"/></Shape>
	    <String CONTENT=""
                    HPOS="810"
                    VPOS="183"
                    WIDTH="43"
                    HEIGHT="63"></String>
          </TextLine>

          
        </TextBlock>
        

        
      </PrintSpace>
    </Page>
  </Layout>
</alto>
