<?xml version="1.0" encoding="UTF-8"?>
<alto xmlns:xsi="http://www.w3.org/2001/XMLSchema-instance"
      xmlns="http://www.loc.gov/standards/alto/ns-v4#"
      xsi:schemaLocation="http://www.loc.gov/standards/alto/ns-v4# http://www.loc.gov/standards/alto/v4/alto-4-2.xsd">
  <Description>
    <MeasurementUnit>pixel</MeasurementUnit>
    <sourceImageInformation>
      <fileName>TwoIsmailiTreatises007.jpg</fileName>
      
    </sourceImageInformation>
  </Description>
  
  <Tags>
    <OtherTag ID="BT16074" LABEL="MarginTextZone:commentary" DESCRIPTION="block type MarginTextZone:commentary"/><OtherTag ID="BT16073" LABEL="MarginTextZone:note#1" DESCRIPTION="block type MarginTextZone:note#1"/><OtherTag ID="BT16072" LABEL="MainZone:column#2" DESCRIPTION="block type MainZone:column#2"/><OtherTag ID="BT16071" LABEL="MainZone:column#3" DESCRIPTION="block type MainZone:column#3"/><OtherTag ID="BT16070" LABEL="GraphicZone:illustration" DESCRIPTION="block type GraphicZone:illustration"/><OtherTag ID="BT16069" LABEL="MainZone:column#1" DESCRIPTION="block type MainZone:column#1"/><OtherTag ID="BT16068" LABEL="MarginTextZone:note#2" DESCRIPTION="block type MarginTextZone:note#2"/><OtherTag ID="BT16067" LABEL="CustomZone:publication" DESCRIPTION="block type CustomZone:publication"/><OtherTag ID="BT16066" LABEL="RunningTitleZone" DESCRIPTION="block type RunningTitleZone"/><OtherTag ID="BT16065" LABEL="NumberingZone" DESCRIPTION="block type NumberingZone"/><OtherTag ID="BT16064" LABEL="default" DESCRIPTION="block type default"/><OtherTag ID="BT16063" LABEL="TitlePageZone" DESCRIPTION="block type TitlePageZone"/><OtherTag ID="BT16062" LABEL="NumberingZone:other" DESCRIPTION="block type NumberingZone:other"/><OtherTag ID="BT16061" LABEL="QuireMarksZone:catchwords" DESCRIPTION="block type QuireMarksZone:catchwords"/><OtherTag ID="BT16060" LABEL="MainZone" DESCRIPTION="block type MainZone"/><OtherTag ID="BT16059" LABEL="NumberingZone:page" DESCRIPTION="block type NumberingZone:page"/><OtherTag ID="BT16058" LABEL="MarginTextZone:note" DESCRIPTION="block type MarginTextZone:note"/><OtherTag ID="BT16057" LABEL="DigitizationArtefactZone" DESCRIPTION="block type DigitizationArtefactZone"/><OtherTag ID="BT4" LABEL="Illustration" DESCRIPTION="block type Illustration"/><OtherTag ID="BT3" LABEL="Commentary" DESCRIPTION="block type Commentary"/><OtherTag ID="BT2" LABEL="Main" DESCRIPTION="block type Main"/><OtherTag ID="BT1" LABEL="Title" DESCRIPTION="block type Title"/>
    <OtherTag ID="LT4834" LABEL="DefaultLine" DESCRIPTION="line type DefaultLine"/><OtherTag ID="LT4835" LABEL="HeadingLine:title" DESCRIPTION="line type HeadingLine:title"/>
  </Tags>
  
  <Layout>
    <Page WIDTH="1552"
          HEIGHT="2244"
          PHYSICAL_IMG_NR="3"
          ID="eSc_dummypage_">
      <PrintSpace HPOS="0"
                  VPOS="0"
                  WIDTH="1552"
                  HEIGHT="2244">
        
        <TextBlock HPOS="59"
                   VPOS="448"
                   WIDTH="1103"
                   HEIGHT="1637"
                   ID="eSc_textblock_ef407ca3"
                   TAGREFS="BT16060">
          <Shape><Polygon POINTS="351 448 902 456 1117 493 1095 583 1102 865 1147 897 1147 1471 1125 1553 1162 1643 1140 2002 1080 2055 112 2085 59 2010 82 1785 74 979 82 890 134 835 89 761 134 626 97 581 97 508 119 478 351 448"/></Shape>
          
          
          <TextLine ID="eSc_line_b6296a6a"
                    TAGREFS="LT4834"
                    BASELINE="398 562 589 562" 
                    HPOS="398"
                    VPOS="501"
                    WIDTH="191"
                    HEIGHT="108">
            <Shape><Polygon POINTS="398 562 398 609 436 609 436 607 438 607 439 607 439 605 441 605 468 579 587 594 589 562 589 523 559 521 541 503 541 501 539 501 537 501 492 501 490 501 488 501 486 501 458 517 447 525 398 517 398 562"/></Shape>
	    <String CONTENT="با باس"
                    HPOS="398"
                    VPOS="501"
                    WIDTH="191"
                    HEIGHT="108"
                    WC="0.9427733520666758"></String>
          </TextLine>

          
          
          <TextLine ID="eSc_line_6338b5d4"
                    TAGREFS="LT4834"
                    BASELINE="806 557 879 551" 
                    HPOS="801"
                    VPOS="495"
                    WIDTH="78"
                    HEIGHT="90">
            <Shape><Polygon POINTS="806 557 806 575 825 585 827 585 829 585 879 574 879 551 872 495 801 506 806 557"/></Shape>
	    <String CONTENT=""
                    HPOS="801"
                    VPOS="495"
                    WIDTH="78"
                    HEIGHT="90"></String>
          </TextLine>

          
          
          <TextLine ID="eSc_line_c46d9ab3"
                    TAGREFS="LT4834"
                    BASELINE="97 966 1098 964" 
                    HPOS="95"
                    VPOS="882"
                    WIDTH="1003"
                    HEIGHT="118">
            <Shape><Polygon POINTS="97 966 97 983 140 983 159 998 161 998 162 998 164 1000 237 1000 237 998 239 998 277 981 278 981 282 981 340 998 342 998 344 998 346 998 381 981 383 981 419 998 421 998 423 998 471 989 529 996 531 996 533 996 535 996 546 985 584 998 585 998 587 998 690 985 771 998 773 998 775 998 808 987 834 998 836 998 838 998 840 998 881 981 900 981 915 981 926 991 926 992 928 992 930 992 932 992 1014 981 1057 992 1059 992 1061 992 1063 992 1098 979 1098 964 1095 901 1040 899 1039 899 1037 899 1035 899 1035 901 1033 901 1016 920 870 920 848 905 829 891 827 891 825 891 823 891 821 891 795 905 769 920 707 920 685 908 655 891 653 891 651 891 649 891 619 905 595 882 593 882 591 882 589 882 587 882 585 882 550 910 539 920 514 920 490 918 483 912 456 890 454 890 453 890 138 882 136 882 134 882 132 882 95 912 97 966"/></Shape>
	    <String CONTENT="اما بعد اين کلمات چندتج بر افتاد در سنی مطلب آنکه عرض افتن"
                    HPOS="95"
                    VPOS="882"
                    WIDTH="1003"
                    HEIGHT="118"
                    WC="0.8118235130431288"></String>
          </TextLine>

          
          
          <TextLine ID="eSc_line_9c57608a"
                    TAGREFS="LT4834"
                    BASELINE="97 1075 1097 1078" 
                    HPOS="95"
                    VPOS="1004"
                    WIDTH="1002"
                    HEIGHT="99">
            <Shape><Polygon POINTS="97 1075 95 1088 106 1099 106 1101 108 1101 110 1101 112 1101 181 1088 222 1101 224 1101 226 1101 228 1101 262 1088 303 1088 439 1088 443 1090 454 1099 456 1099 458 1099 460 1099 526 1092 541 1090 554 1092 606 1103 608 1103 610 1103 634 1093 636 1093 640 1093 715 1103 717 1103 718 1103 737 1095 750 1090 1093 1101 1097 1078 1093 1026 1039 1034 1012 1026 990 1019 988 1019 986 1019 984 1019 969 1026 967 1028 964 1026 934 1006 932 1006 930 1006 876 1006 874 1006 872 1006 870 1006 842 1026 836 1032 763 1034 752 1028 733 1015 732 1015 730 1015 728 1015 726 1015 724 1015 724 1017 711 1028 707 1032 673 1032 660 1028 593 1004 591 1004 589 1004 587 1004 585 1004 585 1006 559 1028 554 1034 458 1034 454 1028 445 1021 443 1021 441 1021 439 1021 438 1021 408 1030 396 1032 391 1030 350 1009 348 1009 346 1009 344 1009 342 1009 329 1021 310 1006 308 1006 307 1006 222 1004 220 1004 219 1004 217 1004 190 1022 170 1004 168 1004 166 1004 127 1004 125 1004 123 1004 121 1004 97 1024 97 1075"/></Shape>
	    <String CONTENT="اين ديوان مبارک حمدو تنای مولانا جل قدره است و الا اين"
                    HPOS="95"
                    VPOS="1004"
                    WIDTH="1002"
                    HEIGHT="99"
                    WC="0.8585066822943864"></String>
          </TextLine>

          
          
          <TextLine ID="eSc_line_af1d3edc"
                    TAGREFS="LT4834"
                    BASELINE="97 1176 1095 1168" 
                    HPOS="95"
                    VPOS="1099"
                    WIDTH="1000"
                    HEIGHT="103">
            <Shape><Polygon POINTS="97 1176 97 1183 125 1198 127 1198 129 1198 131 1198 157 1185 269 1183 312 1202 314 1202 316 1202 318 1202 370 1181 372 1181 443 1181 445 1181 496 1200 497 1200 499 1202 593 1202 593 1200 634 1198 636 1198 638 1198 638 1196 655 1179 683 1191 685 1191 687 1191 688 1191 690 1191 702 1181 760 1191 761 1191 763 1191 808 1179 821 1191 821 1193 823 1193 825 1193 909 1196 911 1196 913 1196 915 1196 926 1187 982 1196 984 1196 986 1196 988 1196 1010 1181 1024 1191 1025 1191 1027 1191 1029 1191 1093 1176 1095 1168 1093 1122 1070 1101 1070 1099 1068 1099 1067 1099 1065 1099 1063 1099 1016 1122 979 1114 977 1114 975 1114 936 1125 932 1125 930 1125 900 1108 898 1108 896 1108 894 1108 893 1108 874 1125 872 1127 831 1127 827 1125 816 1116 814 1116 812 1116 810 1116 808 1116 775 1127 771 1127 769 1127 730 1101 728 1101 726 1101 670 1101 668 1101 666 1101 608 1127 584 1105 584 1103 582 1103 580 1103 541 1103 539 1103 537 1103 488 1129 432 1103 430 1103 381 1103 380 1103 378 1103 277 1131 211 1110 209 1110 207 1110 205 1110 204 1110 204 1112 187 1127 159 1118 157 1118 155 1118 153 1118 95 1133 97 1176"/></Shape>
	    <String CONTENT="ندگان را چه خد بوده است از گفتن اين کلمات چندنکه نتراست بهمان"
                    HPOS="95"
                    VPOS="1099"
                    WIDTH="1000"
                    HEIGHT="103"
                    WC="0.8217021168255415"></String>
          </TextLine>

          
          
          <TextLine ID="eSc_line_9d59b775"
                    TAGREFS="LT4834"
                    BASELINE="110 1271 1098 1271" 
                    HPOS="110"
                    VPOS="1217"
                    WIDTH="988"
                    HEIGHT="82">
            <Shape><Polygon POINTS="110 1271 110 1286 198 1288 209 1299 211 1299 213 1299 215 1299 338 1288 380 1299 381 1299 383 1299 473 1288 512 1288 524 1297 524 1299 526 1299 527 1299 529 1299 810 1288 863 1299 864 1299 919 1288 1072 1299 1074 1299 1076 1299 1098 1286 1098 1271 1095 1217 1035 1237 1010 1219 1010 1217 1009 1217 1007 1217 1005 1217 1003 1217 1001 1217 999 1219 975 1237 889 1236 870 1221 864 1217 863 1217 861 1217 859 1217 857 1217 855 1217 848 1222 823 1237 801 1222 791 1217 790 1217 788 1217 786 1217 720 1221 718 1221 717 1221 711 1224 688 1237 642 1237 632 1226 630 1226 630 1224 629 1224 627 1224 625 1224 623 1224 621 1224 621 1226 619 1226 606 1237 542 1228 531 1228 529 1228 527 1228 522 1230 494 1237 484 1230 468 1217 466 1217 464 1217 462 1217 406 1230 391 1217 389 1217 387 1217 348 1217 346 1217 344 1217 342 1217 342 1219 329 1230 322 1224 320 1224 318 1224 316 1224 314 1224 284 1234 282 1236 280 1234 265 1221 265 1219 263 1219 262 1219 260 1219 258 1219 256 1219 232 1236 226 1239 194 1239 190 1237 134 1217 132 1217 131 1217 129 1217 127 1217 127 1219 110 1234 110 1271"/></Shape>
	    <String CONTENT="غرض است تا خواندکان دقوف يا بنداز اين مفت باب و از"
                    HPOS="110"
                    VPOS="1217"
                    WIDTH="988"
                    HEIGHT="82"
                    WC="0.9072296166419983"></String>
          </TextLine>

          
          
          <TextLine ID="eSc_line_d729a7a6"
                    TAGREFS="LT4834"
                    BASELINE="387 1381 1098 1370" 
                    HPOS="385"
                    VPOS="1312"
                    WIDTH="713"
                    HEIGHT="97">
            <Shape><Polygon POINTS="387 1381 387 1391 426 1409 428 1409 430 1409 432 1409 434 1409 460 1393 499 1404 501 1404 503 1404 505 1404 533 1391 597 1398 599 1398 645 1389 664 1404 666 1404 668 1404 715 1406 717 1406 718 1406 763 1387 776 1387 803 1387 805 1387 840 1404 842 1404 844 1404 846 1404 872 1395 1022 1400 1024 1400 1025 1400 1027 1400 1027 1398 1040 1385 1098 1383 1098 1370 1093 1312 1024 1329 1010 1318 1010 1316 1009 1316 1007 1316 964 1314 962 1314 960 1314 952 1318 919 1337 883 1337 870 1322 863 1316 863 1314 861 1314 859 1314 857 1314 855 1314 833 1323 801 1338 739 1338 692 1331 623 1318 621 1318 520 1338 501 1342 492 1340 439 1322 438 1322 436 1322 434 1322 432 1322 432 1323 409 1344 385 1344 387 1381"/></Shape>
	    <String CONTENT="فايده بی نصيب نباشند ان شاع اسه تعالی"
                    HPOS="385"
                    VPOS="1312"
                    WIDTH="713"
                    HEIGHT="97"
                    WC="0.8935567035868361"></String>
          </TextLine>

          
          
          <TextLine ID="eSc_line_02cd315b"
                    TAGREFS="LT4834"
                    BASELINE="101 1479 994 1469" 
                    HPOS="99"
                    VPOS="1408"
                    WIDTH="895"
                    HEIGHT="99">
            <Shape><Polygon POINTS="101 1479 101 1492 117 1501 119 1501 121 1501 202 1492 243 1507 245 1507 247 1507 248 1507 286 1492 299 1503 299 1505 301 1505 303 1505 305 1507 350 1507 350 1505 351 1505 408 1490 447 1505 449 1505 451 1505 453 1505 454 1505 454 1503 469 1488 475 1488 546 1497 548 1497 600 1488 630 1503 632 1503 634 1503 694 1492 705 1501 707 1501 709 1501 711 1501 861 1497 915 1486 934 1496 936 1496 937 1496 992 1482 994 1469 988 1430 922 1430 915 1428 851 1408 849 1408 848 1408 846 1408 801 1428 790 1434 632 1434 621 1426 617 1423 615 1423 614 1423 557 1421 556 1421 554 1421 552 1421 544 1426 533 1434 494 1426 486 1424 484 1424 475 1424 423 1436 411 1424 395 1409 395 1408 393 1408 391 1408 350 1408 348 1408 346 1408 344 1408 318 1424 316 1424 314 1424 301 1411 301 1409 299 1409 297 1409 295 1409 293 1409 292 1409 275 1421 256 1409 254 1409 252 1409 125 1409 123 1409 121 1409 99 1419 101 1479"/></Shape>
	    <String CONTENT="هر ست فت باب اين است باب اول در معنی آنکه خلق"
                    HPOS="99"
                    VPOS="1408"
                    WIDTH="895"
                    HEIGHT="99"
                    WC="0.8958295078381248"></String>
          </TextLine>

          
          
          <TextLine ID="eSc_line_ae930887"
                    TAGREFS="LT4834"
                    BASELINE="114 1578 1181 1574" 
                    HPOS="112"
                    VPOS="1509"
                    WIDTH="1069"
                    HEIGHT="106">
            <Shape><Polygon POINTS="1123 1559 1121 1522 1121 1522 1104 1509 1102 1509 1100 1509 1098 1509 1050 1520 1040 1522 1029 1520 962 1509 960 1509 958 1509 956 1509 941 1520 913 1537 851 1518 829 1512 827 1512 825 1512 823 1512 821 1512 814 1518 784 1537 754 1518 741 1509 739 1509 737 1509 735 1509 733 1509 732 1509 722 1518 698 1537 672 1527 670 1527 668 1527 666 1527 664 1527 653 1537 625 1529 623 1529 621 1529 619 1529 617 1529 617 1531 608 1540 406 1540 361 1522 359 1522 357 1522 355 1522 322 1539 269 1512 263 1510 262 1510 260 1510 112 1510 114 1578 114 1596 146 1610 147 1610 149 1610 151 1610 198 1596 211 1593 217 1596 245 1615 247 1615 248 1615 250 1615 252 1615 254 1615 275 1600 292 1613 292 1615 293 1615 295 1615 297 1615 396 1613 398 1613 424 1600 477 1615 479 1615 481 1615 483 1615 484 1615 509 1595 509 1593 559 1593 567 1595 642 1615 644 1615 645 1615 775 1593 788 1591 790 1593 810 1608 812 1608 814 1608 816 1608 900 1593 930 1611 932 1611 934 1611 936 1611 937 1611 939 1611 939 1610 958 1591 960 1591 988 1591 990 1591 1012 1611 1012 1613 1014 1613 1016 1613 1018 1615 1059 1615 1059 1613 1061 1613 1063 1613 1091 1591 1093 1591 1179 1591 1181 1574 1173 1522 1143 1537 1130 1527 1123 1559"/></Shape>
	    <String CONTENT="دهم پنداشت خود را بهخدای می دارند باب دويم در معنی آنکه عز ا"
                    HPOS="112"
                    VPOS="1509"
                    WIDTH="1069"
                    HEIGHT="106"
                    WC="0.8669017128279952"></String>
          </TextLine>

          
          
          <TextLine ID="eSc_line_253e178d"
                    TAGREFS="LT4834"
                    BASELINE="112 1673 1098 1668" 
                    HPOS="110"
                    VPOS="1608"
                    WIDTH="988"
                    HEIGHT="99">
            <Shape><Polygon POINTS="112 1673 112 1690 144 1707 146 1707 147 1707 149 1707 187 1690 295 1690 320 1707 322 1707 323 1707 325 1707 327 1707 372 1696 432 1707 434 1707 436 1707 438 1707 462 1690 473 1701 475 1701 477 1701 479 1701 544 1692 576 1705 578 1705 580 1707 709 1707 709 1705 711 1705 713 1705 728 1692 763 1705 765 1705 767 1705 853 1686 855 1686 857 1686 874 1701 876 1701 878 1701 879 1701 881 1701 909 1686 911 1686 1097 1686 1098 1668 1093 1621 1020 1630 1005 1619 1003 1619 1001 1619 999 1619 997 1619 995 1619 979 1634 949 1634 928 1619 926 1619 924 1619 922 1619 921 1619 919 1619 894 1634 760 1634 728 1619 705 1608 703 1608 670 1608 668 1608 666 1608 664 1608 664 1610 653 1619 634 1636 574 1636 556 1617 544 1610 544 1608 542 1608 541 1608 511 1608 509 1608 507 1608 505 1608 492 1617 468 1636 423 1636 393 1617 391 1615 389 1615 387 1615 385 1615 383 1615 381 1615 381 1617 380 1617 368 1628 310 1623 308 1623 250 1636 228 1617 220 1611 220 1610 219 1610 217 1610 215 1610 110 1615 112 1673"/></Shape>
	    <String CONTENT="بصورت خاص خود درين عالم ظهوری دارد که مردم را بدين صورت عزير کرد"
                    HPOS="110"
                    VPOS="1608"
                    WIDTH="988"
                    HEIGHT="99"
                    WC="0.8860854646191001"></String>
          </TextLine>

          
          
          <TextLine ID="eSc_line_f1bf3947"
                    TAGREFS="LT4834"
                    BASELINE="108 1776 703 1776 1100 1765" 
                    HPOS="106"
                    VPOS="1696"
                    WIDTH="994"
                    HEIGHT="119">
            <Shape><Polygon POINTS="108 1776 108 1791 239 1791 241 1791 258 1804 260 1804 262 1804 263 1804 265 1804 322 1789 325 1789 329 1789 387 1813 389 1813 391 1815 451 1815 451 1813 453 1813 486 1795 514 1813 516 1813 518 1813 520 1813 522 1813 524 1813 550 1795 617 1802 619 1802 621 1802 651 1787 688 1810 690 1810 692 1810 694 1810 696 1810 698 1810 724 1793 745 1812 746 1812 748 1812 750 1812 844 1808 846 1808 848 1808 848 1806 859 1795 893 1810 894 1810 896 1810 898 1810 928 1795 956 1806 958 1806 960 1806 962 1806 964 1806 964 1804 984 1783 1098 1783 1100 1765 1095 1724 967 1729 962 1726 932 1697 932 1696 930 1696 928 1696 907 1696 906 1696 904 1696 902 1696 878 1716 803 1727 773 1731 760 1727 707 1711 705 1711 703 1711 702 1711 685 1716 660 1697 658 1697 657 1697 655 1697 653 1697 651 1697 651 1699 617 1729 614 1735 599 1735 593 1731 561 1705 559 1705 557 1705 556 1705 554 1705 552 1705 533 1718 514 1701 514 1699 512 1699 511 1699 439 1699 438 1699 436 1699 434 1699 434 1701 408 1724 383 1701 383 1699 381 1699 380 1699 320 1699 318 1699 286 1701 284 1701 282 1701 235 1735 235 1737 106 1737 108 1776"/></Shape>
	    <String CONTENT="است بابسيم در معنی آن که در دور ما آن خفس مبارک کيست و د"
                    HPOS="106"
                    VPOS="1696"
                    WIDTH="994"
                    HEIGHT="119"
                    WC="0.8940963960927109"></String>
          </TextLine>

          
          
          <TextLine ID="eSc_line_4c19d59d"
                    TAGREFS="LT4834"
                    BASELINE="97 1884 801 1883 1085 1870" 
                    HPOS="95"
                    VPOS="1815"
                    WIDTH="990"
                    HEIGHT="109">
            <Shape><Polygon POINTS="97 1884 97 1898 134 1898 161 1922 161 1924 162 1924 164 1924 166 1924 168 1924 217 1903 243 1920 245 1920 247 1920 248 1920 250 1920 312 1894 314 1894 316 1894 348 1916 350 1916 351 1916 353 1916 389 1914 391 1914 393 1914 393 1913 406 1901 426 1920 426 1922 428 1922 430 1922 432 1924 516 1924 516 1922 518 1922 520 1922 520 1920 535 1905 582 1911 584 1911 585 1911 587 1911 615 1892 683 1918 685 1918 687 1918 688 1918 690 1918 713 1901 735 1911 737 1911 739 1911 741 1911 788 1894 829 1918 831 1918 833 1918 834 1918 836 1918 881 1898 921 1918 922 1918 924 1918 926 1918 928 1918 973 1890 1085 1886 1085 1870 1076 1815 1052 1838 988 1821 986 1821 984 1821 982 1821 941 1841 922 1841 900 1821 900 1819 898 1819 896 1819 894 1819 893 1819 891 1819 861 1840 821 1825 819 1825 818 1825 816 1825 814 1825 814 1826 799 1841 756 1841 737 1826 735 1826 733 1826 732 1826 730 1826 685 1841 662 1821 662 1819 660 1819 658 1819 634 1819 632 1819 630 1819 629 1819 602 1843 582 1843 548 1821 548 1819 546 1819 544 1819 542 1819 541 1819 537 1821 494 1845 458 1845 436 1825 436 1823 434 1823 432 1823 430 1823 428 1823 426 1823 393 1843 357 1821 355 1821 353 1821 312 1821 310 1821 308 1821 307 1821 307 1823 286 1841 213 1823 209 1823 207 1823 95 1823 97 1884"/></Shape>
	    <String CONTENT="نشيند و چه نام دارد باب چهارم در معنی باز نمودن عالم جتمال"
                    HPOS="95"
                    VPOS="1815"
                    WIDTH="990"
                    HEIGHT="109"
                    WC="0.8863107341116873"></String>
          </TextLine>

          
          
          <TextLine ID="eSc_line_5ea19ff4"
                    TAGREFS="LT4834"
                    BASELINE="99 1984 1098 1980" 
                    HPOS="97"
                    VPOS="1913"
                    WIDTH="1001"
                    HEIGHT="125">
            <Shape><Polygon POINTS="99 1984 99 2006 245 2006 248 2006 312 2036 314 2036 316 2038 389 2038 389 2036 391 2036 393 2036 415 2019 423 2025 424 2025 426 2025 428 2025 501 2010 511 2008 514 2010 550 2032 552 2032 554 2032 556 2032 557 2032 608 2015 634 2034 636 2034 638 2034 640 2036 696 2036 696 2034 698 2034 700 2034 700 2032 717 2017 752 2034 754 2034 756 2036 846 2036 846 2034 848 2034 917 2013 954 2004 979 2004 990 2015 995 2019 995 2021 997 2021 999 2021 1001 2021 1003 2021 1014 2015 1025 2010 1035 2015 1042 2021 1044 2021 1046 2021 1048 2021 1098 2015 1098 1980 1095 1913 1024 1913 1022 1913 1020 1913 1018 1913 1016 1914 988 1935 926 1946 894 1927 893 1927 891 1927 889 1927 861 1933 848 1922 840 1914 840 1913 838 1913 836 1913 784 1913 782 1913 780 1913 778 1913 778 1914 767 1924 752 1941 718 1946 698 1937 696 1937 694 1937 660 1944 645 1929 640 1926 640 1924 638 1924 636 1924 634 1924 632 1924 630 1924 621 1929 591 1948 563 1933 546 1924 544 1924 542 1924 541 1924 539 1924 526 1933 509 1948 460 1939 458 1939 456 1939 436 1948 417 1939 387 1922 385 1922 383 1922 381 1922 348 1941 344 1942 340 1941 275 1916 273 1916 271 1916 269 1916 196 1946 192 1950 97 1950 99 1984"/></Shape>
	    <String CONTENT="چکونگی آن باب چم در مينی باز نمودن عالم روحانی و صفت "
                    HPOS="97"
                    VPOS="1913"
                    WIDTH="1001"
                    HEIGHT="125"
                    WC="0.8141705542802811"></String>
          </TextLine>

          
        </TextBlock>
        
        <TextBlock HPOS="537"
                   VPOS="164"
                   WIDTH="148"
                   HEIGHT="148"
                   ID="eSc_textblock_522c814c"
                   TAGREFS="BT16059">
          <Shape><Polygon POINTS="582 164 685 194 685 259 602 312 537 252 582 164"/></Shape>
          
          
          <TextLine ID="eSc_line_cad39332"
                    TAGREFS="LT4834"
                    BASELINE="580 235 638 230" 
                    HPOS="572"
                    VPOS="187"
                    WIDTH="66"
                    HEIGHT="76">
            <Shape><Polygon POINTS="580 235 582 263 610 263 610 261 612 261 614 261 638 241 638 230 630 187 572 187 580 235"/></Shape>
	    <String CONTENT="ع"
                    HPOS="572"
                    VPOS="187"
                    WIDTH="66"
                    HEIGHT="76"
                    WC="0.9879471659660339"></String>
          </TextLine>

          
        </TextBlock>
        
        <TextBlock HPOS="1149"
                   VPOS="1518"
                   WIDTH="58"
                   HEIGHT="80"
                   ID="eSc_textblock_dbd11ffc"
                   TAGREFS="BT16062">
          <Shape><Polygon POINTS="1156 1518 1207 1548 1192 1598 1149 1598 1156 1518"/></Shape>
          
        </TextBlock>
        

        
      </PrintSpace>
    </Page>
  </Layout>
</alto>
